dof_pos:
dof_pos:
tensor([[-2.9402e-02,  8.3446e-02,  1.4994e-02,  2.9000e-01,  5.6856e-02,
         -1.1846e-01, -1.1877e-01, -1.4101e-02, -2.3184e-02,  3.4425e-01,
          2.2100e-01,  3.3873e-02,  1.0232e-02,  1.6961e-02, -5.3721e-03,
         -8.9799e-04,  4.6752e-01, -3.2628e-01,  1.1761e-01,  1.7959e-01,
         -5.7135e-01,  2.1637e-01,  1.7844e-01,  0.0000e+00,  0.0000e+00,
          0.0000e+00,  0.0000e+00,  0.0000e+00,  0.0000e+00,  0.0000e+00,
          0.0000e+00,  7.9400e-01, -4.6566e-10,  6.4452e-02, -1.0273e-01,
          9.6404e-03,  1.4255e-01, -4.3808e-01, -6.7798e-02,  1.6280e-01,
         -7.2721e-01, -1.3970e-09, -6.4452e-02, -1.0273e-01,  3.9844e-02,
         -1.2104e-01, -4.3693e-01, -2.7183e-02, -1.2116e-01, -7.2936e-01,
         -2.3206e-03,  9.5984e-02,  2.9343e-01,  1.2411e-02,  2.2314e-01,
          1.2937e-01,  2.2578e-01,  1.8307e-01,  6.7383e-02, -2.7009e-04,
         -1.0441e-01,  2.9003e-01, -1.6572e-02, -2.4394e-01,  1.3202e-01,
          1.8582e-01, -2.4174e-01,  3.1986e-02]], dtype=torch.float64)
local_key_body_pos:
tensor([[-2.9402e-02,  8.3446e-02,  1.4994e-02,  2.9000e-01,  5.6856e-02,
         -1.1846e-01, -1.1877e-01, -1.4101e-02, -2.3184e-02,  3.4425e-01,
          2.2100e-01,  3.3873e-02,  1.0232e-02,  1.6961e-02, -5.3721e-03,
         -8.9799e-04,  4.6752e-01, -3.2628e-01,  1.1761e-01,  1.7959e-01,
         -5.7135e-01,  2.1637e-01,  1.7844e-01,  0.0000e+00,  0.0000e+00,
          0.0000e+00,  0.0000e+00,  0.0000e+00,  0.0000e+00,  0.0000e+00,
          0.0000e+00,  7.9400e-01, -4.6566e-10,  6.4452e-02, -1.0273e-01,
          9.6404e-03,  1.4255e-01, -4.3808e-01, -6.7798e-02,  1.6280e-01,
         -7.2721e-01, -1.3970e-09, -6.4452e-02, -1.0273e-01,  3.9844e-02,
         -1.2104e-01, -4.3693e-01, -2.7183e-02, -1.2116e-01, -7.2936e-01,
         -2.3206e-03,  9.5984e-02,  2.9343e-01,  1.2411e-02,  2.2314e-01,
          1.2937e-01,  2.2578e-01,  1.8307e-01,  6.7383e-02, -2.7009e-04,
         -1.0441e-01,  2.9003e-01, -1.6572e-02, -2.4394e-01,  1.3202e-01,
          1.8582e-01, -2.4174e-01,  3.1986e-02]], dtype=torch.float64)
----------------------------------------
dof_pos:
tensor([[-6.1894e-02,  8.4330e-02,  1.5331e-02,  3.1420e-01,  2.1979e-02,
         -1.3774e-01, -1.3305e-01, -1.6582e-02, -2.7069e-02,  3.3997e-01,
          2.2589e-01,  5.3817e-02, -5.0278e-03, -2.5591e-03, -3.9672e-03,
          6.5253e-02,  4.9039e-01, -3.1307e-01,  8.3401e-02,  2.6771e-01,
         -5.7815e-01,  1.5706e-01,  4.8170e-02,  0.0000e+00,  0.0000e+00,
          0.0000e+00,  0.0000e+00,  0.0000e+00,  0.0000e+00,  0.0000e+00,
          0.0000e+00,  7.9400e-01,  0.0000e+00,  6.4452e-02, -1.0273e-01,
          2.0524e-02,  1.4279e-01, -4.3757e-01, -5.4528e-02,  1.6285e-01,
         -7.2734e-01, -4.6566e-10, -6.4452e-02, -1.0273e-01,  4.4608e-02,
         -1.2148e-01, -4.3632e-01, -1.6964e-02, -1.2172e-01, -7.2994e-01,
         -4.8318e-04,  1.0086e-01,  2.9151e-01,  3.2160e-03,  2.2867e-01,
          1.2641e-01,  2.1461e-01,  1.8804e-01,  5.8333e-02, -1.4909e-03,
         -9.9569e-02,  2.9202e-01, -3.6364e-02, -2.4298e-01,  1.4012e-01,
          1.7116e-01, -2.4617e-01,  5.1256e-02]], dtype=torch.float64)
local_key_body_pos:
tensor([[-6.1894e-02,  8.4330e-02,  1.5331e-02,  3.1420e-01,  2.1979e-02,
         -1.3774e-01, -1.3305e-01, -1.6582e-02, -2.7069e-02,  3.3997e-01,
          2.2589e-01,  5.3817e-02, -5.0278e-03, -2.5591e-03, -3.9672e-03,
          6.5253e-02,  4.9039e-01, -3.1307e-01,  8.3401e-02,  2.6771e-01,
         -5.7815e-01,  1.5706e-01,  4.8170e-02,  0.0000e+00,  0.0000e+00,
          0.0000e+00,  0.0000e+00,  0.0000e+00,  0.0000e+00,  0.0000e+00,
          0.0000e+00,  7.9400e-01,  0.0000e+00,  6.4452e-02, -1.0273e-01,
          2.0524e-02,  1.4279e-01, -4.3757e-01, -5.4528e-02,  1.6285e-01,
         -7.2734e-01, -4.6566e-10, -6.4452e-02, -1.0273e-01,  4.4608e-02,
         -1.2148e-01, -4.3632e-01, -1.6964e-02, -1.2172e-01, -7.2994e-01,
         -4.8318e-04,  1.0086e-01,  2.9151e-01,  3.2160e-03,  2.2867e-01,
          1.2641e-01,  2.1461e-01,  1.8804e-01,  5.8333e-02, -1.4909e-03,
         -9.9569e-02,  2.9202e-01, -3.6364e-02, -2.4298e-01,  1.4012e-01,
          1.7116e-01, -2.4617e-01,  5.1256e-02]], dtype=torch.float64)
----------------------------------------
dof_pos:
tensor([[-6.1894e-02,  8.4330e-02,  1.5331e-02,  3.1420e-01,  2.1979e-02,
         -1.3774e-01, -1.3305e-01, -1.6582e-02, -2.7069e-02,  3.3997e-01,
          2.2589e-01,  5.3817e-02, -5.0278e-03, -2.5591e-03, -3.9672e-03,
          6.5253e-02,  4.9039e-01, -3.1307e-01,  8.3401e-02,  2.6771e-01,
         -5.7815e-01,  1.5706e-01,  4.8170e-02,  0.0000e+00,  0.0000e+00,
          0.0000e+00,  0.0000e+00,  0.0000e+00,  0.0000e+00,  0.0000e+00,
          0.0000e+00,  7.9400e-01,  0.0000e+00,  6.4452e-02, -1.0273e-01,
          2.0524e-02,  1.4279e-01, -4.3757e-01, -5.4528e-02,  1.6285e-01,
         -7.2734e-01, -4.6566e-10, -6.4452e-02, -1.0273e-01,  4.4608e-02,
         -1.2148e-01, -4.3632e-01, -1.6964e-02, -1.2172e-01, -7.2994e-01,
         -4.8318e-04,  1.0086e-01,  2.9151e-01,  3.2160e-03,  2.2867e-01,
          1.2641e-01,  2.1461e-01,  1.8804e-01,  5.8333e-02, -1.4909e-03,
         -9.9569e-02,  2.9202e-01, -3.6364e-02, -2.4298e-01,  1.4012e-01,
          1.7116e-01, -2.4617e-01,  5.1256e-02]], dtype=torch.float64)
local_key_body_pos:
tensor([[-6.1894e-02,  8.4330e-02,  1.5331e-02,  3.1420e-01,  2.1979e-02,
         -1.3774e-01, -1.3305e-01, -1.6582e-02, -2.7069e-02,  3.3997e-01,
          2.2589e-01,  5.3817e-02, -5.0278e-03, -2.5591e-03, -3.9672e-03,
          6.5253e-02,  4.9039e-01, -3.1307e-01,  8.3401e-02,  2.6771e-01,
         -5.7815e-01,  1.5706e-01,  4.8170e-02,  0.0000e+00,  0.0000e+00,
          0.0000e+00,  0.0000e+00,  0.0000e+00,  0.0000e+00,  0.0000e+00,
          0.0000e+00,  7.9400e-01,  0.0000e+00,  6.4452e-02, -1.0273e-01,
          2.0524e-02,  1.4279e-01, -4.3757e-01, -5.4528e-02,  1.6285e-01,
         -7.2734e-01, -4.6566e-10, -6.4452e-02, -1.0273e-01,  4.4608e-02,
         -1.2148e-01, -4.3632e-01, -1.6964e-02, -1.2172e-01, -7.2994e-01,
         -4.8318e-04,  1.0086e-01,  2.9151e-01,  3.2160e-03,  2.2867e-01,
          1.2641e-01,  2.1461e-01,  1.8804e-01,  5.8333e-02, -1.4909e-03,
         -9.9569e-02,  2.9202e-01, -3.6364e-02, -2.4298e-01,  1.4012e-01,
          1.7116e-01, -2.4617e-01,  5.1256e-02]], dtype=torch.float64)
----------------------------------------
dof_pos:
tensor([[-6.1894e-02,  8.4330e-02,  1.5331e-02,  3.1420e-01,  2.1979e-02,
         -1.3774e-01, -1.3305e-01, -1.6582e-02, -2.7069e-02,  3.3997e-01,
          2.2589e-01,  5.3817e-02, -5.0278e-03, -2.5591e-03, -3.9672e-03,
          6.5253e-02,  4.9039e-01, -3.1307e-01,  8.3401e-02,  2.6771e-01,
         -5.7815e-01,  1.5706e-01,  4.8170e-02,  0.0000e+00,  0.0000e+00,
          0.0000e+00,  0.0000e+00,  0.0000e+00,  0.0000e+00,  0.0000e+00,
          0.0000e+00,  7.9400e-01,  0.0000e+00,  6.4452e-02, -1.0273e-01,
          2.0524e-02,  1.4279e-01, -4.3757e-01, -5.4528e-02,  1.6285e-01,
         -7.2734e-01, -4.6566e-10, -6.4452e-02, -1.0273e-01,  4.4608e-02,
         -1.2148e-01, -4.3632e-01, -1.6964e-02, -1.2172e-01, -7.2994e-01,
         -4.8318e-04,  1.0086e-01,  2.9151e-01,  3.2160e-03,  2.2867e-01,
          1.2641e-01,  2.1461e-01,  1.8804e-01,  5.8333e-02, -1.4909e-03,
         -9.9569e-02,  2.9202e-01, -3.6364e-02, -2.4298e-01,  1.4012e-01,
          1.7116e-01, -2.4617e-01,  5.1256e-02]], dtype=torch.float64)
local_key_body_pos:
tensor([[-6.1894e-02,  8.4330e-02,  1.5331e-02,  3.1420e-01,  2.1979e-02,
         -1.3774e-01, -1.3305e-01, -1.6582e-02, -2.7069e-02,  3.3997e-01,
          2.2589e-01,  5.3817e-02, -5.0278e-03, -2.5591e-03, -3.9672e-03,
          6.5253e-02,  4.9039e-01, -3.1307e-01,  8.3401e-02,  2.6771e-01,
         -5.7815e-01,  1.5706e-01,  4.8170e-02,  0.0000e+00,  0.0000e+00,
          0.0000e+00,  0.0000e+00,  0.0000e+00,  0.0000e+00,  0.0000e+00,
          0.0000e+00,  7.9400e-01,  0.0000e+00,  6.4452e-02, -1.0273e-01,
          2.0524e-02,  1.4279e-01, -4.3757e-01, -5.4528e-02,  1.6285e-01,
         -7.2734e-01, -4.6566e-10, -6.4452e-02, -1.0273e-01,  4.4608e-02,
         -1.2148e-01, -4.3632e-01, -1.6964e-02, -1.2172e-01, -7.2994e-01,
         -4.8318e-04,  1.0086e-01,  2.9151e-01,  3.2160e-03,  2.2867e-01,
          1.2641e-01,  2.1461e-01,  1.8804e-01,  5.8333e-02, -1.4909e-03,
         -9.9569e-02,  2.9202e-01, -3.6364e-02, -2.4298e-01,  1.4012e-01,
          1.7116e-01, -2.4617e-01,  5.1256e-02]], dtype=torch.float64)
----------------------------------------
dof_pos:
tensor([[-6.1894e-02,  8.4330e-02,  1.5331e-02,  3.1420e-01,  2.1979e-02,
         -1.3774e-01, -1.3305e-01, -1.6582e-02, -2.7069e-02,  3.3997e-01,
          2.2589e-01,  5.3817e-02, -5.0278e-03, -2.5591e-03, -3.9672e-03,
          6.5253e-02,  4.9039e-01, -3.1307e-01,  8.3401e-02,  2.6771e-01,
         -5.7815e-01,  1.5706e-01,  4.8170e-02,  0.0000e+00,  0.0000e+00,
          0.0000e+00,  0.0000e+00,  0.0000e+00,  0.0000e+00,  0.0000e+00,
          0.0000e+00,  7.9400e-01,  0.0000e+00,  6.4452e-02, -1.0273e-01,
          2.0524e-02,  1.4279e-01, -4.3757e-01, -5.4528e-02,  1.6285e-01,
         -7.2734e-01, -4.6566e-10, -6.4452e-02, -1.0273e-01,  4.4608e-02,
         -1.2148e-01, -4.3632e-01, -1.6964e-02, -1.2172e-01, -7.2994e-01,
         -4.8318e-04,  1.0086e-01,  2.9151e-01,  3.2160e-03,  2.2867e-01,
          1.2641e-01,  2.1461e-01,  1.8804e-01,  5.8333e-02, -1.4909e-03,
         -9.9569e-02,  2.9202e-01, -3.6364e-02, -2.4298e-01,  1.4012e-01,
          1.7116e-01, -2.4617e-01,  5.1256e-02]], dtype=torch.float64)
local_key_body_pos:
tensor([[-6.1894e-02,  8.4330e-02,  1.5331e-02,  3.1420e-01,  2.1979e-02,
         -1.3774e-01, -1.3305e-01, -1.6582e-02, -2.7069e-02,  3.3997e-01,
          2.2589e-01,  5.3817e-02, -5.0278e-03, -2.5591e-03, -3.9672e-03,
          6.5253e-02,  4.9039e-01, -3.1307e-01,  8.3401e-02,  2.6771e-01,
         -5.7815e-01,  1.5706e-01,  4.8170e-02,  0.0000e+00,  0.0000e+00,
          0.0000e+00,  0.0000e+00,  0.0000e+00,  0.0000e+00,  0.0000e+00,
          0.0000e+00,  7.9400e-01,  0.0000e+00,  6.4452e-02, -1.0273e-01,
          2.0524e-02,  1.4279e-01, -4.3757e-01, -5.4528e-02,  1.6285e-01,
         -7.2734e-01, -4.6566e-10, -6.4452e-02, -1.0273e-01,  4.4608e-02,
         -1.2148e-01, -4.3632e-01, -1.6964e-02, -1.2172e-01, -7.2994e-01,
         -4.8318e-04,  1.0086e-01,  2.9151e-01,  3.2160e-03,  2.2867e-01,
          1.2641e-01,  2.1461e-01,  1.8804e-01,  5.8333e-02, -1.4909e-03,
         -9.9569e-02,  2.9202e-01, -3.6364e-02, -2.4298e-01,  1.4012e-01,
          1.7116e-01, -2.4617e-01,  5.1256e-02]], dtype=torch.float64)
----------------------------------------
dof_pos:
tensor([[-6.1894e-02,  8.4330e-02,  1.5331e-02,  3.1420e-01,  2.1979e-02,
         -1.3774e-01, -1.3305e-01, -1.6582e-02, -2.7069e-02,  3.3997e-01,
          2.2589e-01,  5.3817e-02, -5.0278e-03, -2.5591e-03, -3.9672e-03,
          6.5253e-02,  4.9039e-01, -3.1307e-01,  8.3401e-02,  2.6771e-01,
         -5.7815e-01,  1.5706e-01,  4.8170e-02,  0.0000e+00,  0.0000e+00,
          0.0000e+00,  0.0000e+00,  0.0000e+00,  0.0000e+00,  0.0000e+00,
          0.0000e+00,  7.9400e-01,  0.0000e+00,  6.4452e-02, -1.0273e-01,
          2.0524e-02,  1.4279e-01, -4.3757e-01, -5.4528e-02,  1.6285e-01,
         -7.2734e-01, -4.6566e-10, -6.4452e-02, -1.0273e-01,  4.4608e-02,
         -1.2148e-01, -4.3632e-01, -1.6964e-02, -1.2172e-01, -7.2994e-01,
         -4.8318e-04,  1.0086e-01,  2.9151e-01,  3.2160e-03,  2.2867e-01,
          1.2641e-01,  2.1461e-01,  1.8804e-01,  5.8333e-02, -1.4909e-03,
         -9.9569e-02,  2.9202e-01, -3.6364e-02, -2.4298e-01,  1.4012e-01,
          1.7116e-01, -2.4617e-01,  5.1256e-02]], dtype=torch.float64)
local_key_body_pos:
tensor([[-6.1894e-02,  8.4330e-02,  1.5331e-02,  3.1420e-01,  2.1979e-02,
         -1.3774e-01, -1.3305e-01, -1.6582e-02, -2.7069e-02,  3.3997e-01,
          2.2589e-01,  5.3817e-02, -5.0278e-03, -2.5591e-03, -3.9672e-03,
          6.5253e-02,  4.9039e-01, -3.1307e-01,  8.3401e-02,  2.6771e-01,
         -5.7815e-01,  1.5706e-01,  4.8170e-02,  0.0000e+00,  0.0000e+00,
          0.0000e+00,  0.0000e+00,  0.0000e+00,  0.0000e+00,  0.0000e+00,
          0.0000e+00,  7.9400e-01,  0.0000e+00,  6.4452e-02, -1.0273e-01,
          2.0524e-02,  1.4279e-01, -4.3757e-01, -5.4528e-02,  1.6285e-01,
         -7.2734e-01, -4.6566e-10, -6.4452e-02, -1.0273e-01,  4.4608e-02,
         -1.2148e-01, -4.3632e-01, -1.6964e-02, -1.2172e-01, -7.2994e-01,
         -4.8318e-04,  1.0086e-01,  2.9151e-01,  3.2160e-03,  2.2867e-01,
          1.2641e-01,  2.1461e-01,  1.8804e-01,  5.8333e-02, -1.4909e-03,
         -9.9569e-02,  2.9202e-01, -3.6364e-02, -2.4298e-01,  1.4012e-01,
          1.7116e-01, -2.4617e-01,  5.1256e-02]], dtype=torch.float64)
----------------------------------------
dof_pos:
tensor([[-6.1894e-02,  8.4330e-02,  1.5331e-02,  3.1420e-01,  2.1979e-02,
         -1.3774e-01, -1.3305e-01, -1.6582e-02, -2.7069e-02,  3.3997e-01,
          2.2589e-01,  5.3817e-02, -5.0278e-03, -2.5591e-03, -3.9672e-03,
          6.5253e-02,  4.9039e-01, -3.1307e-01,  8.3401e-02,  2.6771e-01,
         -5.7815e-01,  1.5706e-01,  4.8170e-02,  0.0000e+00,  0.0000e+00,
          0.0000e+00,  0.0000e+00,  0.0000e+00,  0.0000e+00,  0.0000e+00,
          0.0000e+00,  7.9400e-01,  0.0000e+00,  6.4452e-02, -1.0273e-01,
          2.0524e-02,  1.4279e-01, -4.3757e-01, -5.4528e-02,  1.6285e-01,
         -7.2734e-01, -4.6566e-10, -6.4452e-02, -1.0273e-01,  4.4608e-02,
         -1.2148e-01, -4.3632e-01, -1.6964e-02, -1.2172e-01, -7.2994e-01,
         -4.8318e-04,  1.0086e-01,  2.9151e-01,  3.2160e-03,  2.2867e-01,
          1.2641e-01,  2.1461e-01,  1.8804e-01,  5.8333e-02, -1.4909e-03,
         -9.9569e-02,  2.9202e-01, -3.6364e-02, -2.4298e-01,  1.4012e-01,
          1.7116e-01, -2.4617e-01,  5.1256e-02]], dtype=torch.float64)
local_key_body_pos:
tensor([[-6.1894e-02,  8.4330e-02,  1.5331e-02,  3.1420e-01,  2.1979e-02,
         -1.3774e-01, -1.3305e-01, -1.6582e-02, -2.7069e-02,  3.3997e-01,
          2.2589e-01,  5.3817e-02, -5.0278e-03, -2.5591e-03, -3.9672e-03,
          6.5253e-02,  4.9039e-01, -3.1307e-01,  8.3401e-02,  2.6771e-01,
         -5.7815e-01,  1.5706e-01,  4.8170e-02,  0.0000e+00,  0.0000e+00,
          0.0000e+00,  0.0000e+00,  0.0000e+00,  0.0000e+00,  0.0000e+00,
          0.0000e+00,  7.9400e-01,  0.0000e+00,  6.4452e-02, -1.0273e-01,
          2.0524e-02,  1.4279e-01, -4.3757e-01, -5.4528e-02,  1.6285e-01,
         -7.2734e-01, -4.6566e-10, -6.4452e-02, -1.0273e-01,  4.4608e-02,
         -1.2148e-01, -4.3632e-01, -1.6964e-02, -1.2172e-01, -7.2994e-01,
         -4.8318e-04,  1.0086e-01,  2.9151e-01,  3.2160e-03,  2.2867e-01,
          1.2641e-01,  2.1461e-01,  1.8804e-01,  5.8333e-02, -1.4909e-03,
         -9.9569e-02,  2.9202e-01, -3.6364e-02, -2.4298e-01,  1.4012e-01,
          1.7116e-01, -2.4617e-01,  5.1256e-02]], dtype=torch.float64)
----------------------------------------
dof_pos:
tensor([[-8.0500e-02,  8.4369e-02,  1.3303e-02,  3.2299e-01,  5.0985e-02,
         -1.6481e-01, -1.4945e-01, -1.9613e-02, -2.7085e-02,  3.5923e-01,
          2.3198e-01,  7.9348e-03,  1.0933e-02,  6.6536e-03, -5.7150e-03,
          1.0556e-01,  4.6283e-01, -2.4778e-01,  5.6498e-02,  2.1985e-01,
         -5.7711e-01,  1.8987e-01,  1.1710e-01,  0.0000e+00,  0.0000e+00,
          0.0000e+00,  0.0000e+00,  0.0000e+00,  0.0000e+00,  0.0000e+00,
          0.0000e+00,  7.9400e-01,  0.0000e+00,  6.4452e-02, -1.0273e-01,
          2.0524e-02,  1.4279e-01, -4.3757e-01, -5.4528e-02,  1.6285e-01,
         -7.2734e-01, -4.6566e-10, -6.4452e-02, -1.0273e-01,  4.4608e-02,
         -1.2148e-01, -4.3632e-01, -1.6964e-02, -1.2172e-01, -7.2994e-01,
         -4.8318e-04,  1.0086e-01,  2.9151e-01,  3.2160e-03,  2.2867e-01,
          1.2641e-01,  2.1461e-01,  1.8804e-01,  5.8333e-02, -1.4909e-03,
         -9.9569e-02,  2.9202e-01, -3.6364e-02, -2.4298e-01,  1.4012e-01,
          1.7116e-01, -2.4617e-01,  5.1256e-02]], dtype=torch.float64)
local_key_body_pos:
tensor([[-8.0500e-02,  8.4369e-02,  1.3303e-02,  3.2299e-01,  5.0985e-02,
         -1.6481e-01, -1.4945e-01, -1.9613e-02, -2.7085e-02,  3.5923e-01,
          2.3198e-01,  7.9348e-03,  1.0933e-02,  6.6536e-03, -5.7150e-03,
          1.0556e-01,  4.6283e-01, -2.4778e-01,  5.6498e-02,  2.1985e-01,
         -5.7711e-01,  1.8987e-01,  1.1710e-01,  0.0000e+00,  0.0000e+00,
          0.0000e+00,  0.0000e+00,  0.0000e+00,  0.0000e+00,  0.0000e+00,
          0.0000e+00,  7.9400e-01,  0.0000e+00,  6.4452e-02, -1.0273e-01,
          2.0524e-02,  1.4279e-01, -4.3757e-01, -5.4528e-02,  1.6285e-01,
         -7.2734e-01, -4.6566e-10, -6.4452e-02, -1.0273e-01,  4.4608e-02,
         -1.2148e-01, -4.3632e-01, -1.6964e-02, -1.2172e-01, -7.2994e-01,
         -4.8318e-04,  1.0086e-01,  2.9151e-01,  3.2160e-03,  2.2867e-01,
          1.2641e-01,  2.1461e-01,  1.8804e-01,  5.8333e-02, -1.4909e-03,
         -9.9569e-02,  2.9202e-01, -3.6364e-02, -2.4298e-01,  1.4012e-01,
          1.7116e-01, -2.4617e-01,  5.1256e-02]], dtype=torch.float64)
----------------------------------------
dof_pos:
tensor([[-8.0500e-02,  8.4369e-02,  1.3303e-02,  3.2299e-01,  5.0985e-02,
         -1.6481e-01, -1.4945e-01, -1.9613e-02, -2.7085e-02,  3.5923e-01,
          2.3198e-01,  7.9348e-03,  1.0933e-02,  6.6536e-03, -5.7150e-03,
          1.0556e-01,  4.6283e-01, -2.4778e-01,  5.6498e-02,  2.1985e-01,
         -5.7711e-01,  1.8987e-01,  1.1710e-01,  0.0000e+00,  0.0000e+00,
          0.0000e+00,  0.0000e+00,  0.0000e+00,  0.0000e+00,  0.0000e+00,
          0.0000e+00,  7.9400e-01, -1.3970e-09,  6.4452e-02, -1.0273e-01,
          2.6749e-02,  1.4296e-01, -4.3711e-01, -4.5471e-02,  1.6318e-01,
         -7.2760e-01, -1.3970e-09, -6.4452e-02, -1.0273e-01,  5.0067e-02,
         -1.2239e-01, -4.3553e-01, -1.2345e-02, -1.2323e-01, -7.2897e-01,
         -2.5010e-03,  9.8548e-02,  2.9243e-01, -8.1359e-03,  2.2425e-01,
          1.2658e-01,  2.0689e-01,  1.9839e-01,  6.2797e-02, -3.0965e-04,
         -1.0187e-01,  2.9110e-01, -2.3839e-02, -2.4411e-01,  1.3612e-01,
          1.8117e-01, -2.4269e-01,  4.1545e-02]], dtype=torch.float64)
local_key_body_pos:
tensor([[-8.0500e-02,  8.4369e-02,  1.3303e-02,  3.2299e-01,  5.0985e-02,
         -1.6481e-01, -1.4945e-01, -1.9613e-02, -2.7085e-02,  3.5923e-01,
          2.3198e-01,  7.9348e-03,  1.0933e-02,  6.6536e-03, -5.7150e-03,
          1.0556e-01,  4.6283e-01, -2.4778e-01,  5.6498e-02,  2.1985e-01,
         -5.7711e-01,  1.8987e-01,  1.1710e-01,  0.0000e+00,  0.0000e+00,
          0.0000e+00,  0.0000e+00,  0.0000e+00,  0.0000e+00,  0.0000e+00,
          0.0000e+00,  7.9400e-01, -1.3970e-09,  6.4452e-02, -1.0273e-01,
          2.6749e-02,  1.4296e-01, -4.3711e-01, -4.5471e-02,  1.6318e-01,
         -7.2760e-01, -1.3970e-09, -6.4452e-02, -1.0273e-01,  5.0067e-02,
         -1.2239e-01, -4.3553e-01, -1.2345e-02, -1.2323e-01, -7.2897e-01,
         -2.5010e-03,  9.8548e-02,  2.9243e-01, -8.1359e-03,  2.2425e-01,
          1.2658e-01,  2.0689e-01,  1.9839e-01,  6.2797e-02, -3.0965e-04,
         -1.0187e-01,  2.9110e-01, -2.3839e-02, -2.4411e-01,  1.3612e-01,
          1.8117e-01, -2.4269e-01,  4.1545e-02]], dtype=torch.float64)
----------------------------------------
dof_pos:
tensor([[-8.0500e-02,  8.4369e-02,  1.3303e-02,  3.2299e-01,  5.0985e-02,
         -1.6481e-01, -1.4945e-01, -1.9613e-02, -2.7085e-02,  3.5923e-01,
          2.3198e-01,  7.9348e-03,  1.0933e-02,  6.6536e-03, -5.7150e-03,
          1.0556e-01,  4.6283e-01, -2.4778e-01,  5.6498e-02,  2.1985e-01,
         -5.7711e-01,  1.8987e-01,  1.1710e-01,  0.0000e+00,  0.0000e+00,
          0.0000e+00,  0.0000e+00,  0.0000e+00,  0.0000e+00,  0.0000e+00,
          0.0000e+00,  7.9400e-01, -1.3970e-09,  6.4452e-02, -1.0273e-01,
          2.6749e-02,  1.4296e-01, -4.3711e-01, -4.5471e-02,  1.6318e-01,
         -7.2760e-01, -1.3970e-09, -6.4452e-02, -1.0273e-01,  5.0067e-02,
         -1.2239e-01, -4.3553e-01, -1.2345e-02, -1.2323e-01, -7.2897e-01,
         -2.5010e-03,  9.8548e-02,  2.9243e-01, -8.1359e-03,  2.2425e-01,
          1.2658e-01,  2.0689e-01,  1.9839e-01,  6.2797e-02, -3.0965e-04,
         -1.0187e-01,  2.9110e-01, -2.3839e-02, -2.4411e-01,  1.3612e-01,
          1.8117e-01, -2.4269e-01,  4.1545e-02]], dtype=torch.float64)
local_key_body_pos:
tensor([[-8.0500e-02,  8.4369e-02,  1.3303e-02,  3.2299e-01,  5.0985e-02,
         -1.6481e-01, -1.4945e-01, -1.9613e-02, -2.7085e-02,  3.5923e-01,
          2.3198e-01,  7.9348e-03,  1.0933e-02,  6.6536e-03, -5.7150e-03,
          1.0556e-01,  4.6283e-01, -2.4778e-01,  5.6498e-02,  2.1985e-01,
         -5.7711e-01,  1.8987e-01,  1.1710e-01,  0.0000e+00,  0.0000e+00,
          0.0000e+00,  0.0000e+00,  0.0000e+00,  0.0000e+00,  0.0000e+00,
          0.0000e+00,  7.9400e-01, -1.3970e-09,  6.4452e-02, -1.0273e-01,
          2.6749e-02,  1.4296e-01, -4.3711e-01, -4.5471e-02,  1.6318e-01,
         -7.2760e-01, -1.3970e-09, -6.4452e-02, -1.0273e-01,  5.0067e-02,
         -1.2239e-01, -4.3553e-01, -1.2345e-02, -1.2323e-01, -7.2897e-01,
         -2.5010e-03,  9.8548e-02,  2.9243e-01, -8.1359e-03,  2.2425e-01,
          1.2658e-01,  2.0689e-01,  1.9839e-01,  6.2797e-02, -3.0965e-04,
         -1.0187e-01,  2.9110e-01, -2.3839e-02, -2.4411e-01,  1.3612e-01,
          1.8117e-01, -2.4269e-01,  4.1545e-02]], dtype=torch.float64)
----------------------------------------
dof_pos:
tensor([[-8.0500e-02,  8.4369e-02,  1.3303e-02,  3.2299e-01,  5.0985e-02,
         -1.6481e-01, -1.4945e-01, -1.9613e-02, -2.7085e-02,  3.5923e-01,
          2.3198e-01,  7.9348e-03,  1.0933e-02,  6.6536e-03, -5.7150e-03,
          1.0556e-01,  4.6283e-01, -2.4778e-01,  5.6498e-02,  2.1985e-01,
         -5.7711e-01,  1.8987e-01,  1.1710e-01,  0.0000e+00,  0.0000e+00,
          0.0000e+00,  0.0000e+00,  0.0000e+00,  0.0000e+00,  0.0000e+00,
          0.0000e+00,  7.9400e-01, -1.3970e-09,  6.4452e-02, -1.0273e-01,
          2.6749e-02,  1.4296e-01, -4.3711e-01, -4.5471e-02,  1.6318e-01,
         -7.2760e-01, -1.3970e-09, -6.4452e-02, -1.0273e-01,  5.0067e-02,
         -1.2239e-01, -4.3553e-01, -1.2345e-02, -1.2323e-01, -7.2897e-01,
         -2.5010e-03,  9.8548e-02,  2.9243e-01, -8.1359e-03,  2.2425e-01,
          1.2658e-01,  2.0689e-01,  1.9839e-01,  6.2797e-02, -3.0965e-04,
         -1.0187e-01,  2.9110e-01, -2.3839e-02, -2.4411e-01,  1.3612e-01,
          1.8117e-01, -2.4269e-01,  4.1545e-02]], dtype=torch.float64)
local_key_body_pos:
tensor([[-8.0500e-02,  8.4369e-02,  1.3303e-02,  3.2299e-01,  5.0985e-02,
         -1.6481e-01, -1.4945e-01, -1.9613e-02, -2.7085e-02,  3.5923e-01,
          2.3198e-01,  7.9348e-03,  1.0933e-02,  6.6536e-03, -5.7150e-03,
          1.0556e-01,  4.6283e-01, -2.4778e-01,  5.6498e-02,  2.1985e-01,
         -5.7711e-01,  1.8987e-01,  1.1710e-01,  0.0000e+00,  0.0000e+00,
          0.0000e+00,  0.0000e+00,  0.0000e+00,  0.0000e+00,  0.0000e+00,
          0.0000e+00,  7.9400e-01, -1.3970e-09,  6.4452e-02, -1.0273e-01,
          2.6749e-02,  1.4296e-01, -4.3711e-01, -4.5471e-02,  1.6318e-01,
         -7.2760e-01, -1.3970e-09, -6.4452e-02, -1.0273e-01,  5.0067e-02,
         -1.2239e-01, -4.3553e-01, -1.2345e-02, -1.2323e-01, -7.2897e-01,
         -2.5010e-03,  9.8548e-02,  2.9243e-01, -8.1359e-03,  2.2425e-01,
          1.2658e-01,  2.0689e-01,  1.9839e-01,  6.2797e-02, -3.0965e-04,
         -1.0187e-01,  2.9110e-01, -2.3839e-02, -2.4411e-01,  1.3612e-01,
          1.8117e-01, -2.4269e-01,  4.1545e-02]], dtype=torch.float64)
----------------------------------------
dof_pos:
tensor([[-8.0500e-02,  8.4369e-02,  1.3303e-02,  3.2299e-01,  5.0985e-02,
         -1.6481e-01, -1.4945e-01, -1.9613e-02, -2.7085e-02,  3.5923e-01,
          2.3198e-01,  7.9348e-03,  1.0933e-02,  6.6536e-03, -5.7150e-03,
          1.0556e-01,  4.6283e-01, -2.4778e-01,  5.6498e-02,  2.1985e-01,
         -5.7711e-01,  1.8987e-01,  1.1710e-01,  0.0000e+00,  0.0000e+00,
          0.0000e+00,  0.0000e+00,  0.0000e+00,  0.0000e+00,  0.0000e+00,
          0.0000e+00,  7.9400e-01, -1.3970e-09,  6.4452e-02, -1.0273e-01,
          2.6749e-02,  1.4296e-01, -4.3711e-01, -4.5471e-02,  1.6318e-01,
         -7.2760e-01, -1.3970e-09, -6.4452e-02, -1.0273e-01,  5.0067e-02,
         -1.2239e-01, -4.3553e-01, -1.2345e-02, -1.2323e-01, -7.2897e-01,
         -2.5010e-03,  9.8548e-02,  2.9243e-01, -8.1359e-03,  2.2425e-01,
          1.2658e-01,  2.0689e-01,  1.9839e-01,  6.2797e-02, -3.0965e-04,
         -1.0187e-01,  2.9110e-01, -2.3839e-02, -2.4411e-01,  1.3612e-01,
          1.8117e-01, -2.4269e-01,  4.1545e-02]], dtype=torch.float64)
local_key_body_pos:
tensor([[-8.0500e-02,  8.4369e-02,  1.3303e-02,  3.2299e-01,  5.0985e-02,
         -1.6481e-01, -1.4945e-01, -1.9613e-02, -2.7085e-02,  3.5923e-01,
          2.3198e-01,  7.9348e-03,  1.0933e-02,  6.6536e-03, -5.7150e-03,
          1.0556e-01,  4.6283e-01, -2.4778e-01,  5.6498e-02,  2.1985e-01,
         -5.7711e-01,  1.8987e-01,  1.1710e-01,  0.0000e+00,  0.0000e+00,
          0.0000e+00,  0.0000e+00,  0.0000e+00,  0.0000e+00,  0.0000e+00,
          0.0000e+00,  7.9400e-01, -1.3970e-09,  6.4452e-02, -1.0273e-01,
          2.6749e-02,  1.4296e-01, -4.3711e-01, -4.5471e-02,  1.6318e-01,
         -7.2760e-01, -1.3970e-09, -6.4452e-02, -1.0273e-01,  5.0067e-02,
         -1.2239e-01, -4.3553e-01, -1.2345e-02, -1.2323e-01, -7.2897e-01,
         -2.5010e-03,  9.8548e-02,  2.9243e-01, -8.1359e-03,  2.2425e-01,
          1.2658e-01,  2.0689e-01,  1.9839e-01,  6.2797e-02, -3.0965e-04,
         -1.0187e-01,  2.9110e-01, -2.3839e-02, -2.4411e-01,  1.3612e-01,
          1.8117e-01, -2.4269e-01,  4.1545e-02]], dtype=torch.float64)
----------------------------------------
dof_pos:
tensor([[-8.0500e-02,  8.4369e-02,  1.3303e-02,  3.2299e-01,  5.0985e-02,
         -1.6481e-01, -1.4945e-01, -1.9613e-02, -2.7085e-02,  3.5923e-01,
          2.3198e-01,  7.9348e-03,  1.0933e-02,  6.6536e-03, -5.7150e-03,
          1.0556e-01,  4.6283e-01, -2.4778e-01,  5.6498e-02,  2.1985e-01,
         -5.7711e-01,  1.8987e-01,  1.1710e-01,  0.0000e+00,  0.0000e+00,
          0.0000e+00,  0.0000e+00,  0.0000e+00,  0.0000e+00,  0.0000e+00,
          0.0000e+00,  7.9400e-01, -1.3970e-09,  6.4452e-02, -1.0273e-01,
          2.6749e-02,  1.4296e-01, -4.3711e-01, -4.5471e-02,  1.6318e-01,
         -7.2760e-01, -1.3970e-09, -6.4452e-02, -1.0273e-01,  5.0067e-02,
         -1.2239e-01, -4.3553e-01, -1.2345e-02, -1.2323e-01, -7.2897e-01,
         -2.5010e-03,  9.8548e-02,  2.9243e-01, -8.1359e-03,  2.2425e-01,
          1.2658e-01,  2.0689e-01,  1.9839e-01,  6.2797e-02, -3.0965e-04,
         -1.0187e-01,  2.9110e-01, -2.3839e-02, -2.4411e-01,  1.3612e-01,
          1.8117e-01, -2.4269e-01,  4.1545e-02]], dtype=torch.float64)
local_key_body_pos:
tensor([[-8.0500e-02,  8.4369e-02,  1.3303e-02,  3.2299e-01,  5.0985e-02,
         -1.6481e-01, -1.4945e-01, -1.9613e-02, -2.7085e-02,  3.5923e-01,
          2.3198e-01,  7.9348e-03,  1.0933e-02,  6.6536e-03, -5.7150e-03,
          1.0556e-01,  4.6283e-01, -2.4778e-01,  5.6498e-02,  2.1985e-01,
         -5.7711e-01,  1.8987e-01,  1.1710e-01,  0.0000e+00,  0.0000e+00,
          0.0000e+00,  0.0000e+00,  0.0000e+00,  0.0000e+00,  0.0000e+00,
          0.0000e+00,  7.9400e-01, -1.3970e-09,  6.4452e-02, -1.0273e-01,
          2.6749e-02,  1.4296e-01, -4.3711e-01, -4.5471e-02,  1.6318e-01,
         -7.2760e-01, -1.3970e-09, -6.4452e-02, -1.0273e-01,  5.0067e-02,
         -1.2239e-01, -4.3553e-01, -1.2345e-02, -1.2323e-01, -7.2897e-01,
         -2.5010e-03,  9.8548e-02,  2.9243e-01, -8.1359e-03,  2.2425e-01,
          1.2658e-01,  2.0689e-01,  1.9839e-01,  6.2797e-02, -3.0965e-04,
         -1.0187e-01,  2.9110e-01, -2.3839e-02, -2.4411e-01,  1.3612e-01,
          1.8117e-01, -2.4269e-01,  4.1545e-02]], dtype=torch.float64)
----------------------------------------
dof_pos:
tensor([[-8.0500e-02,  8.4369e-02,  1.3303e-02,  3.2299e-01,  5.0985e-02,
         -1.6481e-01, -1.4945e-01, -1.9613e-02, -2.7085e-02,  3.5923e-01,
          2.3198e-01,  7.9348e-03,  1.0933e-02,  6.6536e-03, -5.7150e-03,
          1.0556e-01,  4.6283e-01, -2.4778e-01,  5.6498e-02,  2.1985e-01,
         -5.7711e-01,  1.8987e-01,  1.1710e-01,  0.0000e+00,  0.0000e+00,
          0.0000e+00,  0.0000e+00,  0.0000e+00,  0.0000e+00,  0.0000e+00,
          0.0000e+00,  7.9400e-01, -1.3970e-09,  6.4452e-02, -1.0273e-01,
          2.6749e-02,  1.4296e-01, -4.3711e-01, -4.5471e-02,  1.6318e-01,
         -7.2760e-01, -1.3970e-09, -6.4452e-02, -1.0273e-01,  5.0067e-02,
         -1.2239e-01, -4.3553e-01, -1.2345e-02, -1.2323e-01, -7.2897e-01,
         -2.5010e-03,  9.8548e-02,  2.9243e-01, -8.1359e-03,  2.2425e-01,
          1.2658e-01,  2.0689e-01,  1.9839e-01,  6.2797e-02, -3.0965e-04,
         -1.0187e-01,  2.9110e-01, -2.3839e-02, -2.4411e-01,  1.3612e-01,
          1.8117e-01, -2.4269e-01,  4.1545e-02]], dtype=torch.float64)
local_key_body_pos:
tensor([[-8.0500e-02,  8.4369e-02,  1.3303e-02,  3.2299e-01,  5.0985e-02,
         -1.6481e-01, -1.4945e-01, -1.9613e-02, -2.7085e-02,  3.5923e-01,
          2.3198e-01,  7.9348e-03,  1.0933e-02,  6.6536e-03, -5.7150e-03,
          1.0556e-01,  4.6283e-01, -2.4778e-01,  5.6498e-02,  2.1985e-01,
         -5.7711e-01,  1.8987e-01,  1.1710e-01,  0.0000e+00,  0.0000e+00,
          0.0000e+00,  0.0000e+00,  0.0000e+00,  0.0000e+00,  0.0000e+00,
          0.0000e+00,  7.9400e-01, -1.3970e-09,  6.4452e-02, -1.0273e-01,
          2.6749e-02,  1.4296e-01, -4.3711e-01, -4.5471e-02,  1.6318e-01,
         -7.2760e-01, -1.3970e-09, -6.4452e-02, -1.0273e-01,  5.0067e-02,
         -1.2239e-01, -4.3553e-01, -1.2345e-02, -1.2323e-01, -7.2897e-01,
         -2.5010e-03,  9.8548e-02,  2.9243e-01, -8.1359e-03,  2.2425e-01,
          1.2658e-01,  2.0689e-01,  1.9839e-01,  6.2797e-02, -3.0965e-04,
         -1.0187e-01,  2.9110e-01, -2.3839e-02, -2.4411e-01,  1.3612e-01,
          1.8117e-01, -2.4269e-01,  4.1545e-02]], dtype=torch.float64)
----------------------------------------
dof_pos:
tensor([[-8.5514e-02,  7.6190e-02,  1.8269e-02,  3.2791e-01,  4.9740e-02,
         -1.6995e-01, -1.4178e-01, -2.6675e-02, -3.3103e-02,  3.4511e-01,
          2.3855e-01,  5.1180e-02, -5.6685e-03,  2.4066e-03, -5.9881e-03,
          8.4288e-02,  4.5325e-01, -2.7666e-01,  5.6427e-02,  2.6699e-01,
         -5.9086e-01,  1.5278e-01,  9.7032e-02,  0.0000e+00,  0.0000e+00,
          0.0000e+00,  0.0000e+00,  0.0000e+00,  0.0000e+00,  0.0000e+00,
          0.0000e+00,  7.9400e-01, -1.3970e-09,  6.4452e-02, -1.0273e-01,
          2.6749e-02,  1.4296e-01, -4.3711e-01, -4.5471e-02,  1.6318e-01,
         -7.2760e-01, -1.3970e-09, -6.4452e-02, -1.0273e-01,  5.0067e-02,
         -1.2239e-01, -4.3553e-01, -1.2345e-02, -1.2323e-01, -7.2897e-01,
         -2.5010e-03,  9.8548e-02,  2.9243e-01, -8.1359e-03,  2.2425e-01,
          1.2658e-01,  2.0689e-01,  1.9839e-01,  6.2797e-02, -3.0965e-04,
         -1.0187e-01,  2.9110e-01, -2.3839e-02, -2.4411e-01,  1.3612e-01,
          1.8117e-01, -2.4269e-01,  4.1545e-02]], dtype=torch.float64)
local_key_body_pos:
tensor([[-8.5514e-02,  7.6190e-02,  1.8269e-02,  3.2791e-01,  4.9740e-02,
         -1.6995e-01, -1.4178e-01, -2.6675e-02, -3.3103e-02,  3.4511e-01,
          2.3855e-01,  5.1180e-02, -5.6685e-03,  2.4066e-03, -5.9881e-03,
          8.4288e-02,  4.5325e-01, -2.7666e-01,  5.6427e-02,  2.6699e-01,
         -5.9086e-01,  1.5278e-01,  9.7032e-02,  0.0000e+00,  0.0000e+00,
          0.0000e+00,  0.0000e+00,  0.0000e+00,  0.0000e+00,  0.0000e+00,
          0.0000e+00,  7.9400e-01, -1.3970e-09,  6.4452e-02, -1.0273e-01,
          2.6749e-02,  1.4296e-01, -4.3711e-01, -4.5471e-02,  1.6318e-01,
         -7.2760e-01, -1.3970e-09, -6.4452e-02, -1.0273e-01,  5.0067e-02,
         -1.2239e-01, -4.3553e-01, -1.2345e-02, -1.2323e-01, -7.2897e-01,
         -2.5010e-03,  9.8548e-02,  2.9243e-01, -8.1359e-03,  2.2425e-01,
          1.2658e-01,  2.0689e-01,  1.9839e-01,  6.2797e-02, -3.0965e-04,
         -1.0187e-01,  2.9110e-01, -2.3839e-02, -2.4411e-01,  1.3612e-01,
          1.8117e-01, -2.4269e-01,  4.1545e-02]], dtype=torch.float64)
----------------------------------------
dof_pos:
tensor([[-8.5514e-02,  7.6190e-02,  1.8269e-02,  3.2791e-01,  4.9740e-02,
         -1.6995e-01, -1.4178e-01, -2.6675e-02, -3.3103e-02,  3.4511e-01,
          2.3855e-01,  5.1180e-02, -5.6685e-03,  2.4066e-03, -5.9881e-03,
          8.4288e-02,  4.5325e-01, -2.7666e-01,  5.6427e-02,  2.6699e-01,
         -5.9086e-01,  1.5278e-01,  9.7032e-02,  0.0000e+00,  0.0000e+00,
          0.0000e+00,  0.0000e+00,  0.0000e+00,  0.0000e+00,  0.0000e+00,
          0.0000e+00,  7.9400e-01, -1.3970e-09,  6.4452e-02, -1.0273e-01,
          2.8481e-02,  1.4011e-01, -4.3720e-01, -4.3647e-02,  1.5740e-01,
         -7.2790e-01, -4.6566e-10, -6.4452e-02, -1.0273e-01,  4.7503e-02,
         -1.2405e-01, -4.3587e-01, -1.2986e-02, -1.2597e-01, -7.2971e-01,
         -9.2630e-04,  9.9630e-02,  2.9201e-01, -4.5068e-04,  2.2273e-01,
          1.2460e-01,  2.1360e-01,  1.8566e-01,  6.3089e-02, -2.0624e-03,
         -1.0080e-01,  2.9153e-01, -3.6388e-02, -2.4543e-01,  1.4016e-01,
          1.6755e-01, -2.5554e-01,  4.3819e-02]], dtype=torch.float64)
local_key_body_pos:
tensor([[-8.5514e-02,  7.6190e-02,  1.8269e-02,  3.2791e-01,  4.9740e-02,
         -1.6995e-01, -1.4178e-01, -2.6675e-02, -3.3103e-02,  3.4511e-01,
          2.3855e-01,  5.1180e-02, -5.6685e-03,  2.4066e-03, -5.9881e-03,
          8.4288e-02,  4.5325e-01, -2.7666e-01,  5.6427e-02,  2.6699e-01,
         -5.9086e-01,  1.5278e-01,  9.7032e-02,  0.0000e+00,  0.0000e+00,
          0.0000e+00,  0.0000e+00,  0.0000e+00,  0.0000e+00,  0.0000e+00,
          0.0000e+00,  7.9400e-01, -1.3970e-09,  6.4452e-02, -1.0273e-01,
          2.8481e-02,  1.4011e-01, -4.3720e-01, -4.3647e-02,  1.5740e-01,
         -7.2790e-01, -4.6566e-10, -6.4452e-02, -1.0273e-01,  4.7503e-02,
         -1.2405e-01, -4.3587e-01, -1.2986e-02, -1.2597e-01, -7.2971e-01,
         -9.2630e-04,  9.9630e-02,  2.9201e-01, -4.5068e-04,  2.2273e-01,
          1.2460e-01,  2.1360e-01,  1.8566e-01,  6.3089e-02, -2.0624e-03,
         -1.0080e-01,  2.9153e-01, -3.6388e-02, -2.4543e-01,  1.4016e-01,
          1.6755e-01, -2.5554e-01,  4.3819e-02]], dtype=torch.float64)
----------------------------------------
dof_pos:
tensor([[-8.5514e-02,  7.6190e-02,  1.8269e-02,  3.2791e-01,  4.9740e-02,
         -1.6995e-01, -1.4178e-01, -2.6675e-02, -3.3103e-02,  3.4511e-01,
          2.3855e-01,  5.1180e-02, -5.6685e-03,  2.4066e-03, -5.9881e-03,
          8.4288e-02,  4.5325e-01, -2.7666e-01,  5.6427e-02,  2.6699e-01,
         -5.9086e-01,  1.5278e-01,  9.7032e-02,  0.0000e+00,  0.0000e+00,
          0.0000e+00,  0.0000e+00,  0.0000e+00,  0.0000e+00,  0.0000e+00,
          0.0000e+00,  7.9400e-01, -1.3970e-09,  6.4452e-02, -1.0273e-01,
          2.8481e-02,  1.4011e-01, -4.3720e-01, -4.3647e-02,  1.5740e-01,
         -7.2790e-01, -4.6566e-10, -6.4452e-02, -1.0273e-01,  4.7503e-02,
         -1.2405e-01, -4.3587e-01, -1.2986e-02, -1.2597e-01, -7.2971e-01,
         -9.2630e-04,  9.9630e-02,  2.9201e-01, -4.5068e-04,  2.2273e-01,
          1.2460e-01,  2.1360e-01,  1.8566e-01,  6.3089e-02, -2.0624e-03,
         -1.0080e-01,  2.9153e-01, -3.6388e-02, -2.4543e-01,  1.4016e-01,
          1.6755e-01, -2.5554e-01,  4.3819e-02]], dtype=torch.float64)
local_key_body_pos:
tensor([[-8.5514e-02,  7.6190e-02,  1.8269e-02,  3.2791e-01,  4.9740e-02,
         -1.6995e-01, -1.4178e-01, -2.6675e-02, -3.3103e-02,  3.4511e-01,
          2.3855e-01,  5.1180e-02, -5.6685e-03,  2.4066e-03, -5.9881e-03,
          8.4288e-02,  4.5325e-01, -2.7666e-01,  5.6427e-02,  2.6699e-01,
         -5.9086e-01,  1.5278e-01,  9.7032e-02,  0.0000e+00,  0.0000e+00,
          0.0000e+00,  0.0000e+00,  0.0000e+00,  0.0000e+00,  0.0000e+00,
          0.0000e+00,  7.9400e-01, -1.3970e-09,  6.4452e-02, -1.0273e-01,
          2.8481e-02,  1.4011e-01, -4.3720e-01, -4.3647e-02,  1.5740e-01,
         -7.2790e-01, -4.6566e-10, -6.4452e-02, -1.0273e-01,  4.7503e-02,
         -1.2405e-01, -4.3587e-01, -1.2986e-02, -1.2597e-01, -7.2971e-01,
         -9.2630e-04,  9.9630e-02,  2.9201e-01, -4.5068e-04,  2.2273e-01,
          1.2460e-01,  2.1360e-01,  1.8566e-01,  6.3089e-02, -2.0624e-03,
         -1.0080e-01,  2.9153e-01, -3.6388e-02, -2.4543e-01,  1.4016e-01,
          1.6755e-01, -2.5554e-01,  4.3819e-02]], dtype=torch.float64)
----------------------------------------
dof_pos:
tensor([[-8.5514e-02,  7.6190e-02,  1.8269e-02,  3.2791e-01,  4.9740e-02,
         -1.6995e-01, -1.4178e-01, -2.6675e-02, -3.3103e-02,  3.4511e-01,
          2.3855e-01,  5.1180e-02, -5.6685e-03,  2.4066e-03, -5.9881e-03,
          8.4288e-02,  4.5325e-01, -2.7666e-01,  5.6427e-02,  2.6699e-01,
         -5.9086e-01,  1.5278e-01,  9.7032e-02,  0.0000e+00,  0.0000e+00,
          0.0000e+00,  0.0000e+00,  0.0000e+00,  0.0000e+00,  0.0000e+00,
          0.0000e+00,  7.9400e-01, -1.3970e-09,  6.4452e-02, -1.0273e-01,
          2.8481e-02,  1.4011e-01, -4.3720e-01, -4.3647e-02,  1.5740e-01,
         -7.2790e-01, -4.6566e-10, -6.4452e-02, -1.0273e-01,  4.7503e-02,
         -1.2405e-01, -4.3587e-01, -1.2986e-02, -1.2597e-01, -7.2971e-01,
         -9.2630e-04,  9.9630e-02,  2.9201e-01, -4.5068e-04,  2.2273e-01,
          1.2460e-01,  2.1360e-01,  1.8566e-01,  6.3089e-02, -2.0624e-03,
         -1.0080e-01,  2.9153e-01, -3.6388e-02, -2.4543e-01,  1.4016e-01,
          1.6755e-01, -2.5554e-01,  4.3819e-02]], dtype=torch.float64)
local_key_body_pos:
tensor([[-8.5514e-02,  7.6190e-02,  1.8269e-02,  3.2791e-01,  4.9740e-02,
         -1.6995e-01, -1.4178e-01, -2.6675e-02, -3.3103e-02,  3.4511e-01,
          2.3855e-01,  5.1180e-02, -5.6685e-03,  2.4066e-03, -5.9881e-03,
          8.4288e-02,  4.5325e-01, -2.7666e-01,  5.6427e-02,  2.6699e-01,
         -5.9086e-01,  1.5278e-01,  9.7032e-02,  0.0000e+00,  0.0000e+00,
          0.0000e+00,  0.0000e+00,  0.0000e+00,  0.0000e+00,  0.0000e+00,
          0.0000e+00,  7.9400e-01, -1.3970e-09,  6.4452e-02, -1.0273e-01,
          2.8481e-02,  1.4011e-01, -4.3720e-01, -4.3647e-02,  1.5740e-01,
         -7.2790e-01, -4.6566e-10, -6.4452e-02, -1.0273e-01,  4.7503e-02,
         -1.2405e-01, -4.3587e-01, -1.2986e-02, -1.2597e-01, -7.2971e-01,
         -9.2630e-04,  9.9630e-02,  2.9201e-01, -4.5068e-04,  2.2273e-01,
          1.2460e-01,  2.1360e-01,  1.8566e-01,  6.3089e-02, -2.0624e-03,
         -1.0080e-01,  2.9153e-01, -3.6388e-02, -2.4543e-01,  1.4016e-01,
          1.6755e-01, -2.5554e-01,  4.3819e-02]], dtype=torch.float64)
----------------------------------------
dof_pos:
tensor([[-8.5514e-02,  7.6190e-02,  1.8269e-02,  3.2791e-01,  4.9740e-02,
         -1.6995e-01, -1.4178e-01, -2.6675e-02, -3.3103e-02,  3.4511e-01,
          2.3855e-01,  5.1180e-02, -5.6685e-03,  2.4066e-03, -5.9881e-03,
          8.4288e-02,  4.5325e-01, -2.7666e-01,  5.6427e-02,  2.6699e-01,
         -5.9086e-01,  1.5278e-01,  9.7032e-02,  0.0000e+00,  0.0000e+00,
          0.0000e+00,  0.0000e+00,  0.0000e+00,  0.0000e+00,  0.0000e+00,
          0.0000e+00,  7.9400e-01, -1.3970e-09,  6.4452e-02, -1.0273e-01,
          2.8481e-02,  1.4011e-01, -4.3720e-01, -4.3647e-02,  1.5740e-01,
         -7.2790e-01, -4.6566e-10, -6.4452e-02, -1.0273e-01,  4.7503e-02,
         -1.2405e-01, -4.3587e-01, -1.2986e-02, -1.2597e-01, -7.2971e-01,
         -9.2630e-04,  9.9630e-02,  2.9201e-01, -4.5068e-04,  2.2273e-01,
          1.2460e-01,  2.1360e-01,  1.8566e-01,  6.3089e-02, -2.0624e-03,
         -1.0080e-01,  2.9153e-01, -3.6388e-02, -2.4543e-01,  1.4016e-01,
          1.6755e-01, -2.5554e-01,  4.3819e-02]], dtype=torch.float64)
local_key_body_pos:
tensor([[-8.5514e-02,  7.6190e-02,  1.8269e-02,  3.2791e-01,  4.9740e-02,
         -1.6995e-01, -1.4178e-01, -2.6675e-02, -3.3103e-02,  3.4511e-01,
          2.3855e-01,  5.1180e-02, -5.6685e-03,  2.4066e-03, -5.9881e-03,
          8.4288e-02,  4.5325e-01, -2.7666e-01,  5.6427e-02,  2.6699e-01,
         -5.9086e-01,  1.5278e-01,  9.7032e-02,  0.0000e+00,  0.0000e+00,
          0.0000e+00,  0.0000e+00,  0.0000e+00,  0.0000e+00,  0.0000e+00,
          0.0000e+00,  7.9400e-01, -1.3970e-09,  6.4452e-02, -1.0273e-01,
          2.8481e-02,  1.4011e-01, -4.3720e-01, -4.3647e-02,  1.5740e-01,
         -7.2790e-01, -4.6566e-10, -6.4452e-02, -1.0273e-01,  4.7503e-02,
         -1.2405e-01, -4.3587e-01, -1.2986e-02, -1.2597e-01, -7.2971e-01,
         -9.2630e-04,  9.9630e-02,  2.9201e-01, -4.5068e-04,  2.2273e-01,
          1.2460e-01,  2.1360e-01,  1.8566e-01,  6.3089e-02, -2.0624e-03,
         -1.0080e-01,  2.9153e-01, -3.6388e-02, -2.4543e-01,  1.4016e-01,
          1.6755e-01, -2.5554e-01,  4.3819e-02]], dtype=torch.float64)
----------------------------------------
dof_pos:
tensor([[-8.5514e-02,  7.6190e-02,  1.8269e-02,  3.2791e-01,  4.9740e-02,
         -1.6995e-01, -1.4178e-01, -2.6675e-02, -3.3103e-02,  3.4511e-01,
          2.3855e-01,  5.1180e-02, -5.6685e-03,  2.4066e-03, -5.9881e-03,
          8.4288e-02,  4.5325e-01, -2.7666e-01,  5.6427e-02,  2.6699e-01,
         -5.9086e-01,  1.5278e-01,  9.7032e-02,  0.0000e+00,  0.0000e+00,
          0.0000e+00,  0.0000e+00,  0.0000e+00,  0.0000e+00,  0.0000e+00,
          0.0000e+00,  7.9400e-01, -1.3970e-09,  6.4452e-02, -1.0273e-01,
          2.8481e-02,  1.4011e-01, -4.3720e-01, -4.3647e-02,  1.5740e-01,
         -7.2790e-01, -4.6566e-10, -6.4452e-02, -1.0273e-01,  4.7503e-02,
         -1.2405e-01, -4.3587e-01, -1.2986e-02, -1.2597e-01, -7.2971e-01,
         -9.2630e-04,  9.9630e-02,  2.9201e-01, -4.5068e-04,  2.2273e-01,
          1.2460e-01,  2.1360e-01,  1.8566e-01,  6.3089e-02, -2.0624e-03,
         -1.0080e-01,  2.9153e-01, -3.6388e-02, -2.4543e-01,  1.4016e-01,
          1.6755e-01, -2.5554e-01,  4.3819e-02]], dtype=torch.float64)
local_key_body_pos:
tensor([[-8.5514e-02,  7.6190e-02,  1.8269e-02,  3.2791e-01,  4.9740e-02,
         -1.6995e-01, -1.4178e-01, -2.6675e-02, -3.3103e-02,  3.4511e-01,
          2.3855e-01,  5.1180e-02, -5.6685e-03,  2.4066e-03, -5.9881e-03,
          8.4288e-02,  4.5325e-01, -2.7666e-01,  5.6427e-02,  2.6699e-01,
         -5.9086e-01,  1.5278e-01,  9.7032e-02,  0.0000e+00,  0.0000e+00,
          0.0000e+00,  0.0000e+00,  0.0000e+00,  0.0000e+00,  0.0000e+00,
          0.0000e+00,  7.9400e-01, -1.3970e-09,  6.4452e-02, -1.0273e-01,
          2.8481e-02,  1.4011e-01, -4.3720e-01, -4.3647e-02,  1.5740e-01,
         -7.2790e-01, -4.6566e-10, -6.4452e-02, -1.0273e-01,  4.7503e-02,
         -1.2405e-01, -4.3587e-01, -1.2986e-02, -1.2597e-01, -7.2971e-01,
         -9.2630e-04,  9.9630e-02,  2.9201e-01, -4.5068e-04,  2.2273e-01,
          1.2460e-01,  2.1360e-01,  1.8566e-01,  6.3089e-02, -2.0624e-03,
         -1.0080e-01,  2.9153e-01, -3.6388e-02, -2.4543e-01,  1.4016e-01,
          1.6755e-01, -2.5554e-01,  4.3819e-02]], dtype=torch.float64)
----------------------------------------
dof_pos:
tensor([[-8.5514e-02,  7.6190e-02,  1.8269e-02,  3.2791e-01,  4.9740e-02,
         -1.6995e-01, -1.4178e-01, -2.6675e-02, -3.3103e-02,  3.4511e-01,
          2.3855e-01,  5.1180e-02, -5.6685e-03,  2.4066e-03, -5.9881e-03,
          8.4288e-02,  4.5325e-01, -2.7666e-01,  5.6427e-02,  2.6699e-01,
         -5.9086e-01,  1.5278e-01,  9.7032e-02,  0.0000e+00,  0.0000e+00,
          0.0000e+00,  0.0000e+00,  0.0000e+00,  0.0000e+00,  0.0000e+00,
          0.0000e+00,  7.9400e-01, -1.3970e-09,  6.4452e-02, -1.0273e-01,
          2.8481e-02,  1.4011e-01, -4.3720e-01, -4.3647e-02,  1.5740e-01,
         -7.2790e-01, -4.6566e-10, -6.4452e-02, -1.0273e-01,  4.7503e-02,
         -1.2405e-01, -4.3587e-01, -1.2986e-02, -1.2597e-01, -7.2971e-01,
         -9.2630e-04,  9.9630e-02,  2.9201e-01, -4.5068e-04,  2.2273e-01,
          1.2460e-01,  2.1360e-01,  1.8566e-01,  6.3089e-02, -2.0624e-03,
         -1.0080e-01,  2.9153e-01, -3.6388e-02, -2.4543e-01,  1.4016e-01,
          1.6755e-01, -2.5554e-01,  4.3819e-02]], dtype=torch.float64)
local_key_body_pos:
tensor([[-8.5514e-02,  7.6190e-02,  1.8269e-02,  3.2791e-01,  4.9740e-02,
         -1.6995e-01, -1.4178e-01, -2.6675e-02, -3.3103e-02,  3.4511e-01,
          2.3855e-01,  5.1180e-02, -5.6685e-03,  2.4066e-03, -5.9881e-03,
          8.4288e-02,  4.5325e-01, -2.7666e-01,  5.6427e-02,  2.6699e-01,
         -5.9086e-01,  1.5278e-01,  9.7032e-02,  0.0000e+00,  0.0000e+00,
          0.0000e+00,  0.0000e+00,  0.0000e+00,  0.0000e+00,  0.0000e+00,
          0.0000e+00,  7.9400e-01, -1.3970e-09,  6.4452e-02, -1.0273e-01,
          2.8481e-02,  1.4011e-01, -4.3720e-01, -4.3647e-02,  1.5740e-01,
         -7.2790e-01, -4.6566e-10, -6.4452e-02, -1.0273e-01,  4.7503e-02,
         -1.2405e-01, -4.3587e-01, -1.2986e-02, -1.2597e-01, -7.2971e-01,
         -9.2630e-04,  9.9630e-02,  2.9201e-01, -4.5068e-04,  2.2273e-01,
          1.2460e-01,  2.1360e-01,  1.8566e-01,  6.3089e-02, -2.0624e-03,
         -1.0080e-01,  2.9153e-01, -3.6388e-02, -2.4543e-01,  1.4016e-01,
          1.6755e-01, -2.5554e-01,  4.3819e-02]], dtype=torch.float64)
----------------------------------------
dof_pos:
tensor([[-8.5514e-02,  7.6190e-02,  1.8269e-02,  3.2791e-01,  4.9740e-02,
         -1.6995e-01, -1.4178e-01, -2.6675e-02, -3.3103e-02,  3.4511e-01,
          2.3855e-01,  5.1180e-02, -5.6685e-03,  2.4066e-03, -5.9881e-03,
          8.4288e-02,  4.5325e-01, -2.7666e-01,  5.6427e-02,  2.6699e-01,
         -5.9086e-01,  1.5278e-01,  9.7032e-02,  0.0000e+00,  0.0000e+00,
          0.0000e+00,  0.0000e+00,  0.0000e+00,  0.0000e+00,  0.0000e+00,
          0.0000e+00,  7.9400e-01, -1.3970e-09,  6.4452e-02, -1.0273e-01,
          2.8481e-02,  1.4011e-01, -4.3720e-01, -4.3647e-02,  1.5740e-01,
         -7.2790e-01, -4.6566e-10, -6.4452e-02, -1.0273e-01,  4.7503e-02,
         -1.2405e-01, -4.3587e-01, -1.2986e-02, -1.2597e-01, -7.2971e-01,
         -9.2630e-04,  9.9630e-02,  2.9201e-01, -4.5068e-04,  2.2273e-01,
          1.2460e-01,  2.1360e-01,  1.8566e-01,  6.3089e-02, -2.0624e-03,
         -1.0080e-01,  2.9153e-01, -3.6388e-02, -2.4543e-01,  1.4016e-01,
          1.6755e-01, -2.5554e-01,  4.3819e-02]], dtype=torch.float64)
local_key_body_pos:
tensor([[-8.5514e-02,  7.6190e-02,  1.8269e-02,  3.2791e-01,  4.9740e-02,
         -1.6995e-01, -1.4178e-01, -2.6675e-02, -3.3103e-02,  3.4511e-01,
          2.3855e-01,  5.1180e-02, -5.6685e-03,  2.4066e-03, -5.9881e-03,
          8.4288e-02,  4.5325e-01, -2.7666e-01,  5.6427e-02,  2.6699e-01,
         -5.9086e-01,  1.5278e-01,  9.7032e-02,  0.0000e+00,  0.0000e+00,
          0.0000e+00,  0.0000e+00,  0.0000e+00,  0.0000e+00,  0.0000e+00,
          0.0000e+00,  7.9400e-01, -1.3970e-09,  6.4452e-02, -1.0273e-01,
          2.8481e-02,  1.4011e-01, -4.3720e-01, -4.3647e-02,  1.5740e-01,
         -7.2790e-01, -4.6566e-10, -6.4452e-02, -1.0273e-01,  4.7503e-02,
         -1.2405e-01, -4.3587e-01, -1.2986e-02, -1.2597e-01, -7.2971e-01,
         -9.2630e-04,  9.9630e-02,  2.9201e-01, -4.5068e-04,  2.2273e-01,
          1.2460e-01,  2.1360e-01,  1.8566e-01,  6.3089e-02, -2.0624e-03,
         -1.0080e-01,  2.9153e-01, -3.6388e-02, -2.4543e-01,  1.4016e-01,
          1.6755e-01, -2.5554e-01,  4.3819e-02]], dtype=torch.float64)
----------------------------------------
dof_pos:
tensor([[-6.6600e-02,  7.5421e-02,  2.4225e-02,  3.3375e-01,  3.5031e-02,
         -1.6895e-01, -1.2429e-01, -3.0542e-02, -2.9164e-02,  3.3303e-01,
          2.3154e-01,  1.0140e-01,  2.3706e-02, -1.2614e-04, -3.6935e-04,
          3.5118e-02,  4.5047e-01, -2.9104e-01,  6.7671e-02,  2.6423e-01,
         -6.8577e-01,  1.2549e-01,  4.6365e-02,  0.0000e+00,  0.0000e+00,
          0.0000e+00,  0.0000e+00,  0.0000e+00,  0.0000e+00,  0.0000e+00,
          0.0000e+00,  7.9400e-01, -1.3970e-09,  6.4452e-02, -1.0273e-01,
          2.8481e-02,  1.4011e-01, -4.3720e-01, -4.3647e-02,  1.5740e-01,
         -7.2790e-01, -4.6566e-10, -6.4452e-02, -1.0273e-01,  4.7503e-02,
         -1.2405e-01, -4.3587e-01, -1.2986e-02, -1.2597e-01, -7.2971e-01,
         -9.2630e-04,  9.9630e-02,  2.9201e-01, -4.5068e-04,  2.2273e-01,
          1.2460e-01,  2.1360e-01,  1.8566e-01,  6.3089e-02, -2.0624e-03,
         -1.0080e-01,  2.9153e-01, -3.6388e-02, -2.4543e-01,  1.4016e-01,
          1.6755e-01, -2.5554e-01,  4.3819e-02]], dtype=torch.float64)
local_key_body_pos:
tensor([[-6.6600e-02,  7.5421e-02,  2.4225e-02,  3.3375e-01,  3.5031e-02,
         -1.6895e-01, -1.2429e-01, -3.0542e-02, -2.9164e-02,  3.3303e-01,
          2.3154e-01,  1.0140e-01,  2.3706e-02, -1.2614e-04, -3.6935e-04,
          3.5118e-02,  4.5047e-01, -2.9104e-01,  6.7671e-02,  2.6423e-01,
         -6.8577e-01,  1.2549e-01,  4.6365e-02,  0.0000e+00,  0.0000e+00,
          0.0000e+00,  0.0000e+00,  0.0000e+00,  0.0000e+00,  0.0000e+00,
          0.0000e+00,  7.9400e-01, -1.3970e-09,  6.4452e-02, -1.0273e-01,
          2.8481e-02,  1.4011e-01, -4.3720e-01, -4.3647e-02,  1.5740e-01,
         -7.2790e-01, -4.6566e-10, -6.4452e-02, -1.0273e-01,  4.7503e-02,
         -1.2405e-01, -4.3587e-01, -1.2986e-02, -1.2597e-01, -7.2971e-01,
         -9.2630e-04,  9.9630e-02,  2.9201e-01, -4.5068e-04,  2.2273e-01,
          1.2460e-01,  2.1360e-01,  1.8566e-01,  6.3089e-02, -2.0624e-03,
         -1.0080e-01,  2.9153e-01, -3.6388e-02, -2.4543e-01,  1.4016e-01,
          1.6755e-01, -2.5554e-01,  4.3819e-02]], dtype=torch.float64)
----------------------------------------
dof_pos:
tensor([[-6.6600e-02,  7.5421e-02,  2.4225e-02,  3.3375e-01,  3.5031e-02,
         -1.6895e-01, -1.2429e-01, -3.0542e-02, -2.9164e-02,  3.3303e-01,
          2.3154e-01,  1.0140e-01,  2.3706e-02, -1.2614e-04, -3.6935e-04,
          3.5118e-02,  4.5047e-01, -2.9104e-01,  6.7671e-02,  2.6423e-01,
         -6.8577e-01,  1.2549e-01,  4.6365e-02,  0.0000e+00,  0.0000e+00,
          0.0000e+00,  0.0000e+00,  0.0000e+00,  0.0000e+00,  0.0000e+00,
          0.0000e+00,  7.9400e-01, -4.6566e-10,  6.4452e-02, -1.0273e-01,
          2.2161e-02,  1.3942e-01, -4.3774e-01, -5.7106e-02,  1.5554e-01,
         -7.2664e-01, -9.3132e-10, -6.4452e-02, -1.0273e-01,  4.1656e-02,
         -1.2552e-01, -4.3661e-01, -2.0452e-02, -1.2918e-01, -7.3010e-01,
         -2.4749e-03,  1.0022e-01,  2.9174e-01,  2.9864e-03,  2.2235e-01,
          1.2387e-01,  2.1881e-01,  1.8676e-01,  6.7969e-02,  2.2758e-03,
         -1.0015e-01,  2.9176e-01, -2.5989e-02, -2.6028e-01,  1.5158e-01,
          1.8280e-01, -2.6606e-01,  6.5872e-02]], dtype=torch.float64)
local_key_body_pos:
tensor([[-6.6600e-02,  7.5421e-02,  2.4225e-02,  3.3375e-01,  3.5031e-02,
         -1.6895e-01, -1.2429e-01, -3.0542e-02, -2.9164e-02,  3.3303e-01,
          2.3154e-01,  1.0140e-01,  2.3706e-02, -1.2614e-04, -3.6935e-04,
          3.5118e-02,  4.5047e-01, -2.9104e-01,  6.7671e-02,  2.6423e-01,
         -6.8577e-01,  1.2549e-01,  4.6365e-02,  0.0000e+00,  0.0000e+00,
          0.0000e+00,  0.0000e+00,  0.0000e+00,  0.0000e+00,  0.0000e+00,
          0.0000e+00,  7.9400e-01, -4.6566e-10,  6.4452e-02, -1.0273e-01,
          2.2161e-02,  1.3942e-01, -4.3774e-01, -5.7106e-02,  1.5554e-01,
         -7.2664e-01, -9.3132e-10, -6.4452e-02, -1.0273e-01,  4.1656e-02,
         -1.2552e-01, -4.3661e-01, -2.0452e-02, -1.2918e-01, -7.3010e-01,
         -2.4749e-03,  1.0022e-01,  2.9174e-01,  2.9864e-03,  2.2235e-01,
          1.2387e-01,  2.1881e-01,  1.8676e-01,  6.7969e-02,  2.2758e-03,
         -1.0015e-01,  2.9176e-01, -2.5989e-02, -2.6028e-01,  1.5158e-01,
          1.8280e-01, -2.6606e-01,  6.5872e-02]], dtype=torch.float64)
----------------------------------------
dof_pos:
tensor([[-6.6600e-02,  7.5421e-02,  2.4225e-02,  3.3375e-01,  3.5031e-02,
         -1.6895e-01, -1.2429e-01, -3.0542e-02, -2.9164e-02,  3.3303e-01,
          2.3154e-01,  1.0140e-01,  2.3706e-02, -1.2614e-04, -3.6935e-04,
          3.5118e-02,  4.5047e-01, -2.9104e-01,  6.7671e-02,  2.6423e-01,
         -6.8577e-01,  1.2549e-01,  4.6365e-02,  0.0000e+00,  0.0000e+00,
          0.0000e+00,  0.0000e+00,  0.0000e+00,  0.0000e+00,  0.0000e+00,
          0.0000e+00,  7.9400e-01, -4.6566e-10,  6.4452e-02, -1.0273e-01,
          2.2161e-02,  1.3942e-01, -4.3774e-01, -5.7106e-02,  1.5554e-01,
         -7.2664e-01, -9.3132e-10, -6.4452e-02, -1.0273e-01,  4.1656e-02,
         -1.2552e-01, -4.3661e-01, -2.0452e-02, -1.2918e-01, -7.3010e-01,
         -2.4749e-03,  1.0022e-01,  2.9174e-01,  2.9864e-03,  2.2235e-01,
          1.2387e-01,  2.1881e-01,  1.8676e-01,  6.7969e-02,  2.2758e-03,
         -1.0015e-01,  2.9176e-01, -2.5989e-02, -2.6028e-01,  1.5158e-01,
          1.8280e-01, -2.6606e-01,  6.5872e-02]], dtype=torch.float64)
local_key_body_pos:
tensor([[-6.6600e-02,  7.5421e-02,  2.4225e-02,  3.3375e-01,  3.5031e-02,
         -1.6895e-01, -1.2429e-01, -3.0542e-02, -2.9164e-02,  3.3303e-01,
          2.3154e-01,  1.0140e-01,  2.3706e-02, -1.2614e-04, -3.6935e-04,
          3.5118e-02,  4.5047e-01, -2.9104e-01,  6.7671e-02,  2.6423e-01,
         -6.8577e-01,  1.2549e-01,  4.6365e-02,  0.0000e+00,  0.0000e+00,
          0.0000e+00,  0.0000e+00,  0.0000e+00,  0.0000e+00,  0.0000e+00,
          0.0000e+00,  7.9400e-01, -4.6566e-10,  6.4452e-02, -1.0273e-01,
          2.2161e-02,  1.3942e-01, -4.3774e-01, -5.7106e-02,  1.5554e-01,
         -7.2664e-01, -9.3132e-10, -6.4452e-02, -1.0273e-01,  4.1656e-02,
         -1.2552e-01, -4.3661e-01, -2.0452e-02, -1.2918e-01, -7.3010e-01,
         -2.4749e-03,  1.0022e-01,  2.9174e-01,  2.9864e-03,  2.2235e-01,
          1.2387e-01,  2.1881e-01,  1.8676e-01,  6.7969e-02,  2.2758e-03,
         -1.0015e-01,  2.9176e-01, -2.5989e-02, -2.6028e-01,  1.5158e-01,
          1.8280e-01, -2.6606e-01,  6.5872e-02]], dtype=torch.float64)
----------------------------------------
dof_pos:
tensor([[-6.6600e-02,  7.5421e-02,  2.4225e-02,  3.3375e-01,  3.5031e-02,
         -1.6895e-01, -1.2429e-01, -3.0542e-02, -2.9164e-02,  3.3303e-01,
          2.3154e-01,  1.0140e-01,  2.3706e-02, -1.2614e-04, -3.6935e-04,
          3.5118e-02,  4.5047e-01, -2.9104e-01,  6.7671e-02,  2.6423e-01,
         -6.8577e-01,  1.2549e-01,  4.6365e-02,  0.0000e+00,  0.0000e+00,
          0.0000e+00,  0.0000e+00,  0.0000e+00,  0.0000e+00,  0.0000e+00,
          0.0000e+00,  7.9400e-01, -4.6566e-10,  6.4452e-02, -1.0273e-01,
          2.2161e-02,  1.3942e-01, -4.3774e-01, -5.7106e-02,  1.5554e-01,
         -7.2664e-01, -9.3132e-10, -6.4452e-02, -1.0273e-01,  4.1656e-02,
         -1.2552e-01, -4.3661e-01, -2.0452e-02, -1.2918e-01, -7.3010e-01,
         -2.4749e-03,  1.0022e-01,  2.9174e-01,  2.9864e-03,  2.2235e-01,
          1.2387e-01,  2.1881e-01,  1.8676e-01,  6.7969e-02,  2.2758e-03,
         -1.0015e-01,  2.9176e-01, -2.5989e-02, -2.6028e-01,  1.5158e-01,
          1.8280e-01, -2.6606e-01,  6.5872e-02]], dtype=torch.float64)
local_key_body_pos:
tensor([[-6.6600e-02,  7.5421e-02,  2.4225e-02,  3.3375e-01,  3.5031e-02,
         -1.6895e-01, -1.2429e-01, -3.0542e-02, -2.9164e-02,  3.3303e-01,
          2.3154e-01,  1.0140e-01,  2.3706e-02, -1.2614e-04, -3.6935e-04,
          3.5118e-02,  4.5047e-01, -2.9104e-01,  6.7671e-02,  2.6423e-01,
         -6.8577e-01,  1.2549e-01,  4.6365e-02,  0.0000e+00,  0.0000e+00,
          0.0000e+00,  0.0000e+00,  0.0000e+00,  0.0000e+00,  0.0000e+00,
          0.0000e+00,  7.9400e-01, -4.6566e-10,  6.4452e-02, -1.0273e-01,
          2.2161e-02,  1.3942e-01, -4.3774e-01, -5.7106e-02,  1.5554e-01,
         -7.2664e-01, -9.3132e-10, -6.4452e-02, -1.0273e-01,  4.1656e-02,
         -1.2552e-01, -4.3661e-01, -2.0452e-02, -1.2918e-01, -7.3010e-01,
         -2.4749e-03,  1.0022e-01,  2.9174e-01,  2.9864e-03,  2.2235e-01,
          1.2387e-01,  2.1881e-01,  1.8676e-01,  6.7969e-02,  2.2758e-03,
         -1.0015e-01,  2.9176e-01, -2.5989e-02, -2.6028e-01,  1.5158e-01,
          1.8280e-01, -2.6606e-01,  6.5872e-02]], dtype=torch.float64)
----------------------------------------
dof_pos:
tensor([[-6.6600e-02,  7.5421e-02,  2.4225e-02,  3.3375e-01,  3.5031e-02,
         -1.6895e-01, -1.2429e-01, -3.0542e-02, -2.9164e-02,  3.3303e-01,
          2.3154e-01,  1.0140e-01,  2.3706e-02, -1.2614e-04, -3.6935e-04,
          3.5118e-02,  4.5047e-01, -2.9104e-01,  6.7671e-02,  2.6423e-01,
         -6.8577e-01,  1.2549e-01,  4.6365e-02,  0.0000e+00,  0.0000e+00,
          0.0000e+00,  0.0000e+00,  0.0000e+00,  0.0000e+00,  0.0000e+00,
          0.0000e+00,  7.9400e-01, -4.6566e-10,  6.4452e-02, -1.0273e-01,
          2.2161e-02,  1.3942e-01, -4.3774e-01, -5.7106e-02,  1.5554e-01,
         -7.2664e-01, -9.3132e-10, -6.4452e-02, -1.0273e-01,  4.1656e-02,
         -1.2552e-01, -4.3661e-01, -2.0452e-02, -1.2918e-01, -7.3010e-01,
         -2.4749e-03,  1.0022e-01,  2.9174e-01,  2.9864e-03,  2.2235e-01,
          1.2387e-01,  2.1881e-01,  1.8676e-01,  6.7969e-02,  2.2758e-03,
         -1.0015e-01,  2.9176e-01, -2.5989e-02, -2.6028e-01,  1.5158e-01,
          1.8280e-01, -2.6606e-01,  6.5872e-02]], dtype=torch.float64)
local_key_body_pos:
tensor([[-6.6600e-02,  7.5421e-02,  2.4225e-02,  3.3375e-01,  3.5031e-02,
         -1.6895e-01, -1.2429e-01, -3.0542e-02, -2.9164e-02,  3.3303e-01,
          2.3154e-01,  1.0140e-01,  2.3706e-02, -1.2614e-04, -3.6935e-04,
          3.5118e-02,  4.5047e-01, -2.9104e-01,  6.7671e-02,  2.6423e-01,
         -6.8577e-01,  1.2549e-01,  4.6365e-02,  0.0000e+00,  0.0000e+00,
          0.0000e+00,  0.0000e+00,  0.0000e+00,  0.0000e+00,  0.0000e+00,
          0.0000e+00,  7.9400e-01, -4.6566e-10,  6.4452e-02, -1.0273e-01,
          2.2161e-02,  1.3942e-01, -4.3774e-01, -5.7106e-02,  1.5554e-01,
         -7.2664e-01, -9.3132e-10, -6.4452e-02, -1.0273e-01,  4.1656e-02,
         -1.2552e-01, -4.3661e-01, -2.0452e-02, -1.2918e-01, -7.3010e-01,
         -2.4749e-03,  1.0022e-01,  2.9174e-01,  2.9864e-03,  2.2235e-01,
          1.2387e-01,  2.1881e-01,  1.8676e-01,  6.7969e-02,  2.2758e-03,
         -1.0015e-01,  2.9176e-01, -2.5989e-02, -2.6028e-01,  1.5158e-01,
          1.8280e-01, -2.6606e-01,  6.5872e-02]], dtype=torch.float64)
----------------------------------------
dof_pos:
tensor([[-6.6600e-02,  7.5421e-02,  2.4225e-02,  3.3375e-01,  3.5031e-02,
         -1.6895e-01, -1.2429e-01, -3.0542e-02, -2.9164e-02,  3.3303e-01,
          2.3154e-01,  1.0140e-01,  2.3706e-02, -1.2614e-04, -3.6935e-04,
          3.5118e-02,  4.5047e-01, -2.9104e-01,  6.7671e-02,  2.6423e-01,
         -6.8577e-01,  1.2549e-01,  4.6365e-02,  0.0000e+00,  0.0000e+00,
          0.0000e+00,  0.0000e+00,  0.0000e+00,  0.0000e+00,  0.0000e+00,
          0.0000e+00,  7.9400e-01, -4.6566e-10,  6.4452e-02, -1.0273e-01,
          2.2161e-02,  1.3942e-01, -4.3774e-01, -5.7106e-02,  1.5554e-01,
         -7.2664e-01, -9.3132e-10, -6.4452e-02, -1.0273e-01,  4.1656e-02,
         -1.2552e-01, -4.3661e-01, -2.0452e-02, -1.2918e-01, -7.3010e-01,
         -2.4749e-03,  1.0022e-01,  2.9174e-01,  2.9864e-03,  2.2235e-01,
          1.2387e-01,  2.1881e-01,  1.8676e-01,  6.7969e-02,  2.2758e-03,
         -1.0015e-01,  2.9176e-01, -2.5989e-02, -2.6028e-01,  1.5158e-01,
          1.8280e-01, -2.6606e-01,  6.5872e-02]], dtype=torch.float64)
local_key_body_pos:
tensor([[-6.6600e-02,  7.5421e-02,  2.4225e-02,  3.3375e-01,  3.5031e-02,
         -1.6895e-01, -1.2429e-01, -3.0542e-02, -2.9164e-02,  3.3303e-01,
          2.3154e-01,  1.0140e-01,  2.3706e-02, -1.2614e-04, -3.6935e-04,
          3.5118e-02,  4.5047e-01, -2.9104e-01,  6.7671e-02,  2.6423e-01,
         -6.8577e-01,  1.2549e-01,  4.6365e-02,  0.0000e+00,  0.0000e+00,
          0.0000e+00,  0.0000e+00,  0.0000e+00,  0.0000e+00,  0.0000e+00,
          0.0000e+00,  7.9400e-01, -4.6566e-10,  6.4452e-02, -1.0273e-01,
          2.2161e-02,  1.3942e-01, -4.3774e-01, -5.7106e-02,  1.5554e-01,
         -7.2664e-01, -9.3132e-10, -6.4452e-02, -1.0273e-01,  4.1656e-02,
         -1.2552e-01, -4.3661e-01, -2.0452e-02, -1.2918e-01, -7.3010e-01,
         -2.4749e-03,  1.0022e-01,  2.9174e-01,  2.9864e-03,  2.2235e-01,
          1.2387e-01,  2.1881e-01,  1.8676e-01,  6.7969e-02,  2.2758e-03,
         -1.0015e-01,  2.9176e-01, -2.5989e-02, -2.6028e-01,  1.5158e-01,
          1.8280e-01, -2.6606e-01,  6.5872e-02]], dtype=torch.float64)
----------------------------------------
dof_pos:
tensor([[-6.6600e-02,  7.5421e-02,  2.4225e-02,  3.3375e-01,  3.5031e-02,
         -1.6895e-01, -1.2429e-01, -3.0542e-02, -2.9164e-02,  3.3303e-01,
          2.3154e-01,  1.0140e-01,  2.3706e-02, -1.2614e-04, -3.6935e-04,
          3.5118e-02,  4.5047e-01, -2.9104e-01,  6.7671e-02,  2.6423e-01,
         -6.8577e-01,  1.2549e-01,  4.6365e-02,  0.0000e+00,  0.0000e+00,
          0.0000e+00,  0.0000e+00,  0.0000e+00,  0.0000e+00,  0.0000e+00,
          0.0000e+00,  7.9400e-01, -4.6566e-10,  6.4452e-02, -1.0273e-01,
          2.2161e-02,  1.3942e-01, -4.3774e-01, -5.7106e-02,  1.5554e-01,
         -7.2664e-01, -9.3132e-10, -6.4452e-02, -1.0273e-01,  4.1656e-02,
         -1.2552e-01, -4.3661e-01, -2.0452e-02, -1.2918e-01, -7.3010e-01,
         -2.4749e-03,  1.0022e-01,  2.9174e-01,  2.9864e-03,  2.2235e-01,
          1.2387e-01,  2.1881e-01,  1.8676e-01,  6.7969e-02,  2.2758e-03,
         -1.0015e-01,  2.9176e-01, -2.5989e-02, -2.6028e-01,  1.5158e-01,
          1.8280e-01, -2.6606e-01,  6.5872e-02]], dtype=torch.float64)
local_key_body_pos:
tensor([[-6.6600e-02,  7.5421e-02,  2.4225e-02,  3.3375e-01,  3.5031e-02,
         -1.6895e-01, -1.2429e-01, -3.0542e-02, -2.9164e-02,  3.3303e-01,
          2.3154e-01,  1.0140e-01,  2.3706e-02, -1.2614e-04, -3.6935e-04,
          3.5118e-02,  4.5047e-01, -2.9104e-01,  6.7671e-02,  2.6423e-01,
         -6.8577e-01,  1.2549e-01,  4.6365e-02,  0.0000e+00,  0.0000e+00,
          0.0000e+00,  0.0000e+00,  0.0000e+00,  0.0000e+00,  0.0000e+00,
          0.0000e+00,  7.9400e-01, -4.6566e-10,  6.4452e-02, -1.0273e-01,
          2.2161e-02,  1.3942e-01, -4.3774e-01, -5.7106e-02,  1.5554e-01,
         -7.2664e-01, -9.3132e-10, -6.4452e-02, -1.0273e-01,  4.1656e-02,
         -1.2552e-01, -4.3661e-01, -2.0452e-02, -1.2918e-01, -7.3010e-01,
         -2.4749e-03,  1.0022e-01,  2.9174e-01,  2.9864e-03,  2.2235e-01,
          1.2387e-01,  2.1881e-01,  1.8676e-01,  6.7969e-02,  2.2758e-03,
         -1.0015e-01,  2.9176e-01, -2.5989e-02, -2.6028e-01,  1.5158e-01,
          1.8280e-01, -2.6606e-01,  6.5872e-02]], dtype=torch.float64)
----------------------------------------
dof_pos:
tensor([[-6.6600e-02,  7.5421e-02,  2.4225e-02,  3.3375e-01,  3.5031e-02,
         -1.6895e-01, -1.2429e-01, -3.0542e-02, -2.9164e-02,  3.3303e-01,
          2.3154e-01,  1.0140e-01,  2.3706e-02, -1.2614e-04, -3.6935e-04,
          3.5118e-02,  4.5047e-01, -2.9104e-01,  6.7671e-02,  2.6423e-01,
         -6.8577e-01,  1.2549e-01,  4.6365e-02,  0.0000e+00,  0.0000e+00,
          0.0000e+00,  0.0000e+00,  0.0000e+00,  0.0000e+00,  0.0000e+00,
          0.0000e+00,  7.9400e-01, -4.6566e-10,  6.4452e-02, -1.0273e-01,
          2.2161e-02,  1.3942e-01, -4.3774e-01, -5.7106e-02,  1.5554e-01,
         -7.2664e-01, -9.3132e-10, -6.4452e-02, -1.0273e-01,  4.1656e-02,
         -1.2552e-01, -4.3661e-01, -2.0452e-02, -1.2918e-01, -7.3010e-01,
         -2.4749e-03,  1.0022e-01,  2.9174e-01,  2.9864e-03,  2.2235e-01,
          1.2387e-01,  2.1881e-01,  1.8676e-01,  6.7969e-02,  2.2758e-03,
         -1.0015e-01,  2.9176e-01, -2.5989e-02, -2.6028e-01,  1.5158e-01,
          1.8280e-01, -2.6606e-01,  6.5872e-02]], dtype=torch.float64)
local_key_body_pos:
tensor([[-6.6600e-02,  7.5421e-02,  2.4225e-02,  3.3375e-01,  3.5031e-02,
         -1.6895e-01, -1.2429e-01, -3.0542e-02, -2.9164e-02,  3.3303e-01,
          2.3154e-01,  1.0140e-01,  2.3706e-02, -1.2614e-04, -3.6935e-04,
          3.5118e-02,  4.5047e-01, -2.9104e-01,  6.7671e-02,  2.6423e-01,
         -6.8577e-01,  1.2549e-01,  4.6365e-02,  0.0000e+00,  0.0000e+00,
          0.0000e+00,  0.0000e+00,  0.0000e+00,  0.0000e+00,  0.0000e+00,
          0.0000e+00,  7.9400e-01, -4.6566e-10,  6.4452e-02, -1.0273e-01,
          2.2161e-02,  1.3942e-01, -4.3774e-01, -5.7106e-02,  1.5554e-01,
         -7.2664e-01, -9.3132e-10, -6.4452e-02, -1.0273e-01,  4.1656e-02,
         -1.2552e-01, -4.3661e-01, -2.0452e-02, -1.2918e-01, -7.3010e-01,
         -2.4749e-03,  1.0022e-01,  2.9174e-01,  2.9864e-03,  2.2235e-01,
          1.2387e-01,  2.1881e-01,  1.8676e-01,  6.7969e-02,  2.2758e-03,
         -1.0015e-01,  2.9176e-01, -2.5989e-02, -2.6028e-01,  1.5158e-01,
          1.8280e-01, -2.6606e-01,  6.5872e-02]], dtype=torch.float64)
----------------------------------------
dof_pos:
tensor([[-7.0407e-02,  6.6840e-02,  3.4035e-02,  3.3702e-01, -7.9984e-03,
         -1.6979e-01, -1.2815e-01, -3.3070e-02, -4.9958e-02,  3.5118e-01,
          2.4451e-01,  1.9634e-02,  7.5740e-03, -3.1667e-04,  3.2910e-03,
         -1.8441e-02,  4.3899e-01, -2.6549e-01,  5.5600e-02, -5.2234e-02,
         -9.2543e-01,  3.0241e-01,  2.5107e-01,  0.0000e+00,  0.0000e+00,
          0.0000e+00,  0.0000e+00,  0.0000e+00,  0.0000e+00,  0.0000e+00,
          0.0000e+00,  7.9400e-01,  0.0000e+00,  6.4452e-02, -1.0273e-01,
          2.3495e-02,  1.3607e-01, -4.3788e-01, -5.5522e-02,  1.4846e-01,
         -7.2703e-01, -9.3132e-10, -6.4452e-02, -1.0273e-01,  4.2975e-02,
         -1.2466e-01, -4.3647e-01, -2.3165e-02, -1.2562e-01, -7.2909e-01,
          4.8500e-05,  1.0030e-01,  2.9170e-01,  1.7420e-02,  2.2063e-01,
          1.2369e-01,  2.3612e-01,  1.8162e-01,  8.3412e-02,  1.5665e-03,
         -1.0012e-01,  2.9177e-01,  2.6030e-02, -2.8774e-01,  1.8063e-01,
          2.3781e-01, -2.9972e-01,  1.0329e-01]], dtype=torch.float64)
local_key_body_pos:
tensor([[-7.0407e-02,  6.6840e-02,  3.4035e-02,  3.3702e-01, -7.9984e-03,
         -1.6979e-01, -1.2815e-01, -3.3070e-02, -4.9958e-02,  3.5118e-01,
          2.4451e-01,  1.9634e-02,  7.5740e-03, -3.1667e-04,  3.2910e-03,
         -1.8441e-02,  4.3899e-01, -2.6549e-01,  5.5600e-02, -5.2234e-02,
         -9.2543e-01,  3.0241e-01,  2.5107e-01,  0.0000e+00,  0.0000e+00,
          0.0000e+00,  0.0000e+00,  0.0000e+00,  0.0000e+00,  0.0000e+00,
          0.0000e+00,  7.9400e-01,  0.0000e+00,  6.4452e-02, -1.0273e-01,
          2.3495e-02,  1.3607e-01, -4.3788e-01, -5.5522e-02,  1.4846e-01,
         -7.2703e-01, -9.3132e-10, -6.4452e-02, -1.0273e-01,  4.2975e-02,
         -1.2466e-01, -4.3647e-01, -2.3165e-02, -1.2562e-01, -7.2909e-01,
          4.8500e-05,  1.0030e-01,  2.9170e-01,  1.7420e-02,  2.2063e-01,
          1.2369e-01,  2.3612e-01,  1.8162e-01,  8.3412e-02,  1.5665e-03,
         -1.0012e-01,  2.9177e-01,  2.6030e-02, -2.8774e-01,  1.8063e-01,
          2.3781e-01, -2.9972e-01,  1.0329e-01]], dtype=torch.float64)
----------------------------------------
dof_pos:
tensor([[-7.0407e-02,  6.6840e-02,  3.4035e-02,  3.3702e-01, -7.9984e-03,
         -1.6979e-01, -1.2815e-01, -3.3070e-02, -4.9958e-02,  3.5118e-01,
          2.4451e-01,  1.9634e-02,  7.5740e-03, -3.1667e-04,  3.2910e-03,
         -1.8441e-02,  4.3899e-01, -2.6549e-01,  5.5600e-02, -5.2234e-02,
         -9.2543e-01,  3.0241e-01,  2.5107e-01,  0.0000e+00,  0.0000e+00,
          0.0000e+00,  0.0000e+00,  0.0000e+00,  0.0000e+00,  0.0000e+00,
          0.0000e+00,  7.9400e-01,  0.0000e+00,  6.4452e-02, -1.0273e-01,
          2.3495e-02,  1.3607e-01, -4.3788e-01, -5.5522e-02,  1.4846e-01,
         -7.2703e-01, -9.3132e-10, -6.4452e-02, -1.0273e-01,  4.2975e-02,
         -1.2466e-01, -4.3647e-01, -2.3165e-02, -1.2562e-01, -7.2909e-01,
          4.8500e-05,  1.0030e-01,  2.9170e-01,  1.7420e-02,  2.2063e-01,
          1.2369e-01,  2.3612e-01,  1.8162e-01,  8.3412e-02,  1.5665e-03,
         -1.0012e-01,  2.9177e-01,  2.6030e-02, -2.8774e-01,  1.8063e-01,
          2.3781e-01, -2.9972e-01,  1.0329e-01]], dtype=torch.float64)
local_key_body_pos:
tensor([[-7.0407e-02,  6.6840e-02,  3.4035e-02,  3.3702e-01, -7.9984e-03,
         -1.6979e-01, -1.2815e-01, -3.3070e-02, -4.9958e-02,  3.5118e-01,
          2.4451e-01,  1.9634e-02,  7.5740e-03, -3.1667e-04,  3.2910e-03,
         -1.8441e-02,  4.3899e-01, -2.6549e-01,  5.5600e-02, -5.2234e-02,
         -9.2543e-01,  3.0241e-01,  2.5107e-01,  0.0000e+00,  0.0000e+00,
          0.0000e+00,  0.0000e+00,  0.0000e+00,  0.0000e+00,  0.0000e+00,
          0.0000e+00,  7.9400e-01,  0.0000e+00,  6.4452e-02, -1.0273e-01,
          2.3495e-02,  1.3607e-01, -4.3788e-01, -5.5522e-02,  1.4846e-01,
         -7.2703e-01, -9.3132e-10, -6.4452e-02, -1.0273e-01,  4.2975e-02,
         -1.2466e-01, -4.3647e-01, -2.3165e-02, -1.2562e-01, -7.2909e-01,
          4.8500e-05,  1.0030e-01,  2.9170e-01,  1.7420e-02,  2.2063e-01,
          1.2369e-01,  2.3612e-01,  1.8162e-01,  8.3412e-02,  1.5665e-03,
         -1.0012e-01,  2.9177e-01,  2.6030e-02, -2.8774e-01,  1.8063e-01,
          2.3781e-01, -2.9972e-01,  1.0329e-01]], dtype=torch.float64)
----------------------------------------
dof_pos:
tensor([[-7.0407e-02,  6.6840e-02,  3.4035e-02,  3.3702e-01, -7.9984e-03,
         -1.6979e-01, -1.2815e-01, -3.3070e-02, -4.9958e-02,  3.5118e-01,
          2.4451e-01,  1.9634e-02,  7.5740e-03, -3.1667e-04,  3.2910e-03,
         -1.8441e-02,  4.3899e-01, -2.6549e-01,  5.5600e-02, -5.2234e-02,
         -9.2543e-01,  3.0241e-01,  2.5107e-01,  0.0000e+00,  0.0000e+00,
          0.0000e+00,  0.0000e+00,  0.0000e+00,  0.0000e+00,  0.0000e+00,
          0.0000e+00,  7.9400e-01,  0.0000e+00,  6.4452e-02, -1.0273e-01,
          2.3495e-02,  1.3607e-01, -4.3788e-01, -5.5522e-02,  1.4846e-01,
         -7.2703e-01, -9.3132e-10, -6.4452e-02, -1.0273e-01,  4.2975e-02,
         -1.2466e-01, -4.3647e-01, -2.3165e-02, -1.2562e-01, -7.2909e-01,
          4.8500e-05,  1.0030e-01,  2.9170e-01,  1.7420e-02,  2.2063e-01,
          1.2369e-01,  2.3612e-01,  1.8162e-01,  8.3412e-02,  1.5665e-03,
         -1.0012e-01,  2.9177e-01,  2.6030e-02, -2.8774e-01,  1.8063e-01,
          2.3781e-01, -2.9972e-01,  1.0329e-01]], dtype=torch.float64)
local_key_body_pos:
tensor([[-7.0407e-02,  6.6840e-02,  3.4035e-02,  3.3702e-01, -7.9984e-03,
         -1.6979e-01, -1.2815e-01, -3.3070e-02, -4.9958e-02,  3.5118e-01,
          2.4451e-01,  1.9634e-02,  7.5740e-03, -3.1667e-04,  3.2910e-03,
         -1.8441e-02,  4.3899e-01, -2.6549e-01,  5.5600e-02, -5.2234e-02,
         -9.2543e-01,  3.0241e-01,  2.5107e-01,  0.0000e+00,  0.0000e+00,
          0.0000e+00,  0.0000e+00,  0.0000e+00,  0.0000e+00,  0.0000e+00,
          0.0000e+00,  7.9400e-01,  0.0000e+00,  6.4452e-02, -1.0273e-01,
          2.3495e-02,  1.3607e-01, -4.3788e-01, -5.5522e-02,  1.4846e-01,
         -7.2703e-01, -9.3132e-10, -6.4452e-02, -1.0273e-01,  4.2975e-02,
         -1.2466e-01, -4.3647e-01, -2.3165e-02, -1.2562e-01, -7.2909e-01,
          4.8500e-05,  1.0030e-01,  2.9170e-01,  1.7420e-02,  2.2063e-01,
          1.2369e-01,  2.3612e-01,  1.8162e-01,  8.3412e-02,  1.5665e-03,
         -1.0012e-01,  2.9177e-01,  2.6030e-02, -2.8774e-01,  1.8063e-01,
          2.3781e-01, -2.9972e-01,  1.0329e-01]], dtype=torch.float64)
----------------------------------------
dof_pos:
tensor([[-7.0407e-02,  6.6840e-02,  3.4035e-02,  3.3702e-01, -7.9984e-03,
         -1.6979e-01, -1.2815e-01, -3.3070e-02, -4.9958e-02,  3.5118e-01,
          2.4451e-01,  1.9634e-02,  7.5740e-03, -3.1667e-04,  3.2910e-03,
         -1.8441e-02,  4.3899e-01, -2.6549e-01,  5.5600e-02, -5.2234e-02,
         -9.2543e-01,  3.0241e-01,  2.5107e-01,  0.0000e+00,  0.0000e+00,
          0.0000e+00,  0.0000e+00,  0.0000e+00,  0.0000e+00,  0.0000e+00,
          0.0000e+00,  7.9400e-01,  0.0000e+00,  6.4452e-02, -1.0273e-01,
          2.3495e-02,  1.3607e-01, -4.3788e-01, -5.5522e-02,  1.4846e-01,
         -7.2703e-01, -9.3132e-10, -6.4452e-02, -1.0273e-01,  4.2975e-02,
         -1.2466e-01, -4.3647e-01, -2.3165e-02, -1.2562e-01, -7.2909e-01,
          4.8500e-05,  1.0030e-01,  2.9170e-01,  1.7420e-02,  2.2063e-01,
          1.2369e-01,  2.3612e-01,  1.8162e-01,  8.3412e-02,  1.5665e-03,
         -1.0012e-01,  2.9177e-01,  2.6030e-02, -2.8774e-01,  1.8063e-01,
          2.3781e-01, -2.9972e-01,  1.0329e-01]], dtype=torch.float64)
local_key_body_pos:
tensor([[-7.0407e-02,  6.6840e-02,  3.4035e-02,  3.3702e-01, -7.9984e-03,
         -1.6979e-01, -1.2815e-01, -3.3070e-02, -4.9958e-02,  3.5118e-01,
          2.4451e-01,  1.9634e-02,  7.5740e-03, -3.1667e-04,  3.2910e-03,
         -1.8441e-02,  4.3899e-01, -2.6549e-01,  5.5600e-02, -5.2234e-02,
         -9.2543e-01,  3.0241e-01,  2.5107e-01,  0.0000e+00,  0.0000e+00,
          0.0000e+00,  0.0000e+00,  0.0000e+00,  0.0000e+00,  0.0000e+00,
          0.0000e+00,  7.9400e-01,  0.0000e+00,  6.4452e-02, -1.0273e-01,
          2.3495e-02,  1.3607e-01, -4.3788e-01, -5.5522e-02,  1.4846e-01,
         -7.2703e-01, -9.3132e-10, -6.4452e-02, -1.0273e-01,  4.2975e-02,
         -1.2466e-01, -4.3647e-01, -2.3165e-02, -1.2562e-01, -7.2909e-01,
          4.8500e-05,  1.0030e-01,  2.9170e-01,  1.7420e-02,  2.2063e-01,
          1.2369e-01,  2.3612e-01,  1.8162e-01,  8.3412e-02,  1.5665e-03,
         -1.0012e-01,  2.9177e-01,  2.6030e-02, -2.8774e-01,  1.8063e-01,
          2.3781e-01, -2.9972e-01,  1.0329e-01]], dtype=torch.float64)
----------------------------------------
dof_pos:
tensor([[-7.0407e-02,  6.6840e-02,  3.4035e-02,  3.3702e-01, -7.9984e-03,
         -1.6979e-01, -1.2815e-01, -3.3070e-02, -4.9958e-02,  3.5118e-01,
          2.4451e-01,  1.9634e-02,  7.5740e-03, -3.1667e-04,  3.2910e-03,
         -1.8441e-02,  4.3899e-01, -2.6549e-01,  5.5600e-02, -5.2234e-02,
         -9.2543e-01,  3.0241e-01,  2.5107e-01,  0.0000e+00,  0.0000e+00,
          0.0000e+00,  0.0000e+00,  0.0000e+00,  0.0000e+00,  0.0000e+00,
          0.0000e+00,  7.9400e-01,  0.0000e+00,  6.4452e-02, -1.0273e-01,
          2.3495e-02,  1.3607e-01, -4.3788e-01, -5.5522e-02,  1.4846e-01,
         -7.2703e-01, -9.3132e-10, -6.4452e-02, -1.0273e-01,  4.2975e-02,
         -1.2466e-01, -4.3647e-01, -2.3165e-02, -1.2562e-01, -7.2909e-01,
          4.8500e-05,  1.0030e-01,  2.9170e-01,  1.7420e-02,  2.2063e-01,
          1.2369e-01,  2.3612e-01,  1.8162e-01,  8.3412e-02,  1.5665e-03,
         -1.0012e-01,  2.9177e-01,  2.6030e-02, -2.8774e-01,  1.8063e-01,
          2.3781e-01, -2.9972e-01,  1.0329e-01]], dtype=torch.float64)
local_key_body_pos:
tensor([[-7.0407e-02,  6.6840e-02,  3.4035e-02,  3.3702e-01, -7.9984e-03,
         -1.6979e-01, -1.2815e-01, -3.3070e-02, -4.9958e-02,  3.5118e-01,
          2.4451e-01,  1.9634e-02,  7.5740e-03, -3.1667e-04,  3.2910e-03,
         -1.8441e-02,  4.3899e-01, -2.6549e-01,  5.5600e-02, -5.2234e-02,
         -9.2543e-01,  3.0241e-01,  2.5107e-01,  0.0000e+00,  0.0000e+00,
          0.0000e+00,  0.0000e+00,  0.0000e+00,  0.0000e+00,  0.0000e+00,
          0.0000e+00,  7.9400e-01,  0.0000e+00,  6.4452e-02, -1.0273e-01,
          2.3495e-02,  1.3607e-01, -4.3788e-01, -5.5522e-02,  1.4846e-01,
         -7.2703e-01, -9.3132e-10, -6.4452e-02, -1.0273e-01,  4.2975e-02,
         -1.2466e-01, -4.3647e-01, -2.3165e-02, -1.2562e-01, -7.2909e-01,
          4.8500e-05,  1.0030e-01,  2.9170e-01,  1.7420e-02,  2.2063e-01,
          1.2369e-01,  2.3612e-01,  1.8162e-01,  8.3412e-02,  1.5665e-03,
         -1.0012e-01,  2.9177e-01,  2.6030e-02, -2.8774e-01,  1.8063e-01,
          2.3781e-01, -2.9972e-01,  1.0329e-01]], dtype=torch.float64)
----------------------------------------
dof_pos:
tensor([[-7.0407e-02,  6.6840e-02,  3.4035e-02,  3.3702e-01, -7.9984e-03,
         -1.6979e-01, -1.2815e-01, -3.3070e-02, -4.9958e-02,  3.5118e-01,
          2.4451e-01,  1.9634e-02,  7.5740e-03, -3.1667e-04,  3.2910e-03,
         -1.8441e-02,  4.3899e-01, -2.6549e-01,  5.5600e-02, -5.2234e-02,
         -9.2543e-01,  3.0241e-01,  2.5107e-01,  0.0000e+00,  0.0000e+00,
          0.0000e+00,  0.0000e+00,  0.0000e+00,  0.0000e+00,  0.0000e+00,
          0.0000e+00,  7.9400e-01,  0.0000e+00,  6.4452e-02, -1.0273e-01,
          2.3495e-02,  1.3607e-01, -4.3788e-01, -5.5522e-02,  1.4846e-01,
         -7.2703e-01, -9.3132e-10, -6.4452e-02, -1.0273e-01,  4.2975e-02,
         -1.2466e-01, -4.3647e-01, -2.3165e-02, -1.2562e-01, -7.2909e-01,
          4.8500e-05,  1.0030e-01,  2.9170e-01,  1.7420e-02,  2.2063e-01,
          1.2369e-01,  2.3612e-01,  1.8162e-01,  8.3412e-02,  1.5665e-03,
         -1.0012e-01,  2.9177e-01,  2.6030e-02, -2.8774e-01,  1.8063e-01,
          2.3781e-01, -2.9972e-01,  1.0329e-01]], dtype=torch.float64)
local_key_body_pos:
tensor([[-7.0407e-02,  6.6840e-02,  3.4035e-02,  3.3702e-01, -7.9984e-03,
         -1.6979e-01, -1.2815e-01, -3.3070e-02, -4.9958e-02,  3.5118e-01,
          2.4451e-01,  1.9634e-02,  7.5740e-03, -3.1667e-04,  3.2910e-03,
         -1.8441e-02,  4.3899e-01, -2.6549e-01,  5.5600e-02, -5.2234e-02,
         -9.2543e-01,  3.0241e-01,  2.5107e-01,  0.0000e+00,  0.0000e+00,
          0.0000e+00,  0.0000e+00,  0.0000e+00,  0.0000e+00,  0.0000e+00,
          0.0000e+00,  7.9400e-01,  0.0000e+00,  6.4452e-02, -1.0273e-01,
          2.3495e-02,  1.3607e-01, -4.3788e-01, -5.5522e-02,  1.4846e-01,
         -7.2703e-01, -9.3132e-10, -6.4452e-02, -1.0273e-01,  4.2975e-02,
         -1.2466e-01, -4.3647e-01, -2.3165e-02, -1.2562e-01, -7.2909e-01,
          4.8500e-05,  1.0030e-01,  2.9170e-01,  1.7420e-02,  2.2063e-01,
          1.2369e-01,  2.3612e-01,  1.8162e-01,  8.3412e-02,  1.5665e-03,
         -1.0012e-01,  2.9177e-01,  2.6030e-02, -2.8774e-01,  1.8063e-01,
          2.3781e-01, -2.9972e-01,  1.0329e-01]], dtype=torch.float64)
----------------------------------------
dof_pos:
tensor([[-7.0407e-02,  6.6840e-02,  3.4035e-02,  3.3702e-01, -7.9984e-03,
         -1.6979e-01, -1.2815e-01, -3.3070e-02, -4.9958e-02,  3.5118e-01,
          2.4451e-01,  1.9634e-02,  7.5740e-03, -3.1667e-04,  3.2910e-03,
         -1.8441e-02,  4.3899e-01, -2.6549e-01,  5.5600e-02, -5.2234e-02,
         -9.2543e-01,  3.0241e-01,  2.5107e-01,  0.0000e+00,  0.0000e+00,
          0.0000e+00,  0.0000e+00,  0.0000e+00,  0.0000e+00,  0.0000e+00,
          0.0000e+00,  7.9400e-01,  0.0000e+00,  6.4452e-02, -1.0273e-01,
          2.3495e-02,  1.3607e-01, -4.3788e-01, -5.5522e-02,  1.4846e-01,
         -7.2703e-01, -9.3132e-10, -6.4452e-02, -1.0273e-01,  4.2975e-02,
         -1.2466e-01, -4.3647e-01, -2.3165e-02, -1.2562e-01, -7.2909e-01,
          4.8500e-05,  1.0030e-01,  2.9170e-01,  1.7420e-02,  2.2063e-01,
          1.2369e-01,  2.3612e-01,  1.8162e-01,  8.3412e-02,  1.5665e-03,
         -1.0012e-01,  2.9177e-01,  2.6030e-02, -2.8774e-01,  1.8063e-01,
          2.3781e-01, -2.9972e-01,  1.0329e-01]], dtype=torch.float64)
local_key_body_pos:
tensor([[-7.0407e-02,  6.6840e-02,  3.4035e-02,  3.3702e-01, -7.9984e-03,
         -1.6979e-01, -1.2815e-01, -3.3070e-02, -4.9958e-02,  3.5118e-01,
          2.4451e-01,  1.9634e-02,  7.5740e-03, -3.1667e-04,  3.2910e-03,
         -1.8441e-02,  4.3899e-01, -2.6549e-01,  5.5600e-02, -5.2234e-02,
         -9.2543e-01,  3.0241e-01,  2.5107e-01,  0.0000e+00,  0.0000e+00,
          0.0000e+00,  0.0000e+00,  0.0000e+00,  0.0000e+00,  0.0000e+00,
          0.0000e+00,  7.9400e-01,  0.0000e+00,  6.4452e-02, -1.0273e-01,
          2.3495e-02,  1.3607e-01, -4.3788e-01, -5.5522e-02,  1.4846e-01,
         -7.2703e-01, -9.3132e-10, -6.4452e-02, -1.0273e-01,  4.2975e-02,
         -1.2466e-01, -4.3647e-01, -2.3165e-02, -1.2562e-01, -7.2909e-01,
          4.8500e-05,  1.0030e-01,  2.9170e-01,  1.7420e-02,  2.2063e-01,
          1.2369e-01,  2.3612e-01,  1.8162e-01,  8.3412e-02,  1.5665e-03,
         -1.0012e-01,  2.9177e-01,  2.6030e-02, -2.8774e-01,  1.8063e-01,
          2.3781e-01, -2.9972e-01,  1.0329e-01]], dtype=torch.float64)
----------------------------------------
dof_pos:
tensor([[-8.6930e-02,  6.2355e-02,  3.4106e-02,  3.1090e-01,  8.6494e-02,
         -2.0534e-01, -1.2835e-01, -5.3662e-02, -5.2307e-02,  3.2737e-01,
          2.6036e-01,  9.4476e-02,  5.2575e-03, -3.0057e-02, -9.8384e-04,
         -2.5817e-02,  5.0879e-01, -2.6665e-01,  1.0832e-01, -3.4636e-01,
         -1.2986e+00,  5.1634e-01,  6.1800e-01,  0.0000e+00,  0.0000e+00,
          0.0000e+00,  0.0000e+00,  0.0000e+00,  0.0000e+00,  0.0000e+00,
          0.0000e+00,  7.9400e-01,  0.0000e+00,  6.4452e-02, -1.0273e-01,
          2.3495e-02,  1.3607e-01, -4.3788e-01, -5.5522e-02,  1.4846e-01,
         -7.2703e-01, -9.3132e-10, -6.4452e-02, -1.0273e-01,  4.2975e-02,
         -1.2466e-01, -4.3647e-01, -2.3165e-02, -1.2562e-01, -7.2909e-01,
          4.8500e-05,  1.0030e-01,  2.9170e-01,  1.7420e-02,  2.2063e-01,
          1.2369e-01,  2.3612e-01,  1.8162e-01,  8.3412e-02,  1.5665e-03,
         -1.0012e-01,  2.9177e-01,  2.6030e-02, -2.8774e-01,  1.8063e-01,
          2.3781e-01, -2.9972e-01,  1.0329e-01]], dtype=torch.float64)
local_key_body_pos:
tensor([[-8.6930e-02,  6.2355e-02,  3.4106e-02,  3.1090e-01,  8.6494e-02,
         -2.0534e-01, -1.2835e-01, -5.3662e-02, -5.2307e-02,  3.2737e-01,
          2.6036e-01,  9.4476e-02,  5.2575e-03, -3.0057e-02, -9.8384e-04,
         -2.5817e-02,  5.0879e-01, -2.6665e-01,  1.0832e-01, -3.4636e-01,
         -1.2986e+00,  5.1634e-01,  6.1800e-01,  0.0000e+00,  0.0000e+00,
          0.0000e+00,  0.0000e+00,  0.0000e+00,  0.0000e+00,  0.0000e+00,
          0.0000e+00,  7.9400e-01,  0.0000e+00,  6.4452e-02, -1.0273e-01,
          2.3495e-02,  1.3607e-01, -4.3788e-01, -5.5522e-02,  1.4846e-01,
         -7.2703e-01, -9.3132e-10, -6.4452e-02, -1.0273e-01,  4.2975e-02,
         -1.2466e-01, -4.3647e-01, -2.3165e-02, -1.2562e-01, -7.2909e-01,
          4.8500e-05,  1.0030e-01,  2.9170e-01,  1.7420e-02,  2.2063e-01,
          1.2369e-01,  2.3612e-01,  1.8162e-01,  8.3412e-02,  1.5665e-03,
         -1.0012e-01,  2.9177e-01,  2.6030e-02, -2.8774e-01,  1.8063e-01,
          2.3781e-01, -2.9972e-01,  1.0329e-01]], dtype=torch.float64)
----------------------------------------
dof_pos:
tensor([[-8.6930e-02,  6.2355e-02,  3.4106e-02,  3.1090e-01,  8.6494e-02,
         -2.0534e-01, -1.2835e-01, -5.3662e-02, -5.2307e-02,  3.2737e-01,
          2.6036e-01,  9.4476e-02,  5.2575e-03, -3.0057e-02, -9.8384e-04,
         -2.5817e-02,  5.0879e-01, -2.6665e-01,  1.0832e-01, -3.4636e-01,
         -1.2986e+00,  5.1634e-01,  6.1800e-01,  0.0000e+00,  0.0000e+00,
          0.0000e+00,  0.0000e+00,  0.0000e+00,  0.0000e+00,  0.0000e+00,
          0.0000e+00,  7.9400e-01, -1.3970e-09,  6.4452e-02, -1.0273e-01,
          2.9051e-02,  1.3472e-01, -4.3753e-01, -3.7555e-02,  1.4639e-01,
         -7.2982e-01, -1.3970e-09, -6.4452e-02, -1.0273e-01,  4.2979e-02,
         -1.3068e-01, -4.3624e-01, -1.6133e-02, -1.3715e-01, -7.3030e-01,
         -8.1682e-04,  1.0762e-01,  2.8863e-01,  1.8876e-02,  2.3433e-01,
          1.2296e-01,  2.3670e-01,  2.0188e-01,  7.3225e-02,  2.3647e-04,
         -9.2718e-02,  2.9465e-01,  5.2177e-02, -3.0740e-01,  2.5829e-01,
          2.4949e-01, -4.0218e-01,  2.0298e-01]], dtype=torch.float64)
local_key_body_pos:
tensor([[-8.6930e-02,  6.2355e-02,  3.4106e-02,  3.1090e-01,  8.6494e-02,
         -2.0534e-01, -1.2835e-01, -5.3662e-02, -5.2307e-02,  3.2737e-01,
          2.6036e-01,  9.4476e-02,  5.2575e-03, -3.0057e-02, -9.8384e-04,
         -2.5817e-02,  5.0879e-01, -2.6665e-01,  1.0832e-01, -3.4636e-01,
         -1.2986e+00,  5.1634e-01,  6.1800e-01,  0.0000e+00,  0.0000e+00,
          0.0000e+00,  0.0000e+00,  0.0000e+00,  0.0000e+00,  0.0000e+00,
          0.0000e+00,  7.9400e-01, -1.3970e-09,  6.4452e-02, -1.0273e-01,
          2.9051e-02,  1.3472e-01, -4.3753e-01, -3.7555e-02,  1.4639e-01,
         -7.2982e-01, -1.3970e-09, -6.4452e-02, -1.0273e-01,  4.2979e-02,
         -1.3068e-01, -4.3624e-01, -1.6133e-02, -1.3715e-01, -7.3030e-01,
         -8.1682e-04,  1.0762e-01,  2.8863e-01,  1.8876e-02,  2.3433e-01,
          1.2296e-01,  2.3670e-01,  2.0188e-01,  7.3225e-02,  2.3647e-04,
         -9.2718e-02,  2.9465e-01,  5.2177e-02, -3.0740e-01,  2.5829e-01,
          2.4949e-01, -4.0218e-01,  2.0298e-01]], dtype=torch.float64)
----------------------------------------
dof_pos:
tensor([[-8.6930e-02,  6.2355e-02,  3.4106e-02,  3.1090e-01,  8.6494e-02,
         -2.0534e-01, -1.2835e-01, -5.3662e-02, -5.2307e-02,  3.2737e-01,
          2.6036e-01,  9.4476e-02,  5.2575e-03, -3.0057e-02, -9.8384e-04,
         -2.5817e-02,  5.0879e-01, -2.6665e-01,  1.0832e-01, -3.4636e-01,
         -1.2986e+00,  5.1634e-01,  6.1800e-01,  0.0000e+00,  0.0000e+00,
          0.0000e+00,  0.0000e+00,  0.0000e+00,  0.0000e+00,  0.0000e+00,
          0.0000e+00,  7.9400e-01, -1.3970e-09,  6.4452e-02, -1.0273e-01,
          2.9051e-02,  1.3472e-01, -4.3753e-01, -3.7555e-02,  1.4639e-01,
         -7.2982e-01, -1.3970e-09, -6.4452e-02, -1.0273e-01,  4.2979e-02,
         -1.3068e-01, -4.3624e-01, -1.6133e-02, -1.3715e-01, -7.3030e-01,
         -8.1682e-04,  1.0762e-01,  2.8863e-01,  1.8876e-02,  2.3433e-01,
          1.2296e-01,  2.3670e-01,  2.0188e-01,  7.3225e-02,  2.3647e-04,
         -9.2718e-02,  2.9465e-01,  5.2177e-02, -3.0740e-01,  2.5829e-01,
          2.4949e-01, -4.0218e-01,  2.0298e-01]], dtype=torch.float64)
local_key_body_pos:
tensor([[-8.6930e-02,  6.2355e-02,  3.4106e-02,  3.1090e-01,  8.6494e-02,
         -2.0534e-01, -1.2835e-01, -5.3662e-02, -5.2307e-02,  3.2737e-01,
          2.6036e-01,  9.4476e-02,  5.2575e-03, -3.0057e-02, -9.8384e-04,
         -2.5817e-02,  5.0879e-01, -2.6665e-01,  1.0832e-01, -3.4636e-01,
         -1.2986e+00,  5.1634e-01,  6.1800e-01,  0.0000e+00,  0.0000e+00,
          0.0000e+00,  0.0000e+00,  0.0000e+00,  0.0000e+00,  0.0000e+00,
          0.0000e+00,  7.9400e-01, -1.3970e-09,  6.4452e-02, -1.0273e-01,
          2.9051e-02,  1.3472e-01, -4.3753e-01, -3.7555e-02,  1.4639e-01,
         -7.2982e-01, -1.3970e-09, -6.4452e-02, -1.0273e-01,  4.2979e-02,
         -1.3068e-01, -4.3624e-01, -1.6133e-02, -1.3715e-01, -7.3030e-01,
         -8.1682e-04,  1.0762e-01,  2.8863e-01,  1.8876e-02,  2.3433e-01,
          1.2296e-01,  2.3670e-01,  2.0188e-01,  7.3225e-02,  2.3647e-04,
         -9.2718e-02,  2.9465e-01,  5.2177e-02, -3.0740e-01,  2.5829e-01,
          2.4949e-01, -4.0218e-01,  2.0298e-01]], dtype=torch.float64)
----------------------------------------
dof_pos:
tensor([[-8.6930e-02,  6.2355e-02,  3.4106e-02,  3.1090e-01,  8.6494e-02,
         -2.0534e-01, -1.2835e-01, -5.3662e-02, -5.2307e-02,  3.2737e-01,
          2.6036e-01,  9.4476e-02,  5.2575e-03, -3.0057e-02, -9.8384e-04,
         -2.5817e-02,  5.0879e-01, -2.6665e-01,  1.0832e-01, -3.4636e-01,
         -1.2986e+00,  5.1634e-01,  6.1800e-01,  0.0000e+00,  0.0000e+00,
          0.0000e+00,  0.0000e+00,  0.0000e+00,  0.0000e+00,  0.0000e+00,
          0.0000e+00,  7.9400e-01, -1.3970e-09,  6.4452e-02, -1.0273e-01,
          2.9051e-02,  1.3472e-01, -4.3753e-01, -3.7555e-02,  1.4639e-01,
         -7.2982e-01, -1.3970e-09, -6.4452e-02, -1.0273e-01,  4.2979e-02,
         -1.3068e-01, -4.3624e-01, -1.6133e-02, -1.3715e-01, -7.3030e-01,
         -8.1682e-04,  1.0762e-01,  2.8863e-01,  1.8876e-02,  2.3433e-01,
          1.2296e-01,  2.3670e-01,  2.0188e-01,  7.3225e-02,  2.3647e-04,
         -9.2718e-02,  2.9465e-01,  5.2177e-02, -3.0740e-01,  2.5829e-01,
          2.4949e-01, -4.0218e-01,  2.0298e-01]], dtype=torch.float64)
local_key_body_pos:
tensor([[-8.6930e-02,  6.2355e-02,  3.4106e-02,  3.1090e-01,  8.6494e-02,
         -2.0534e-01, -1.2835e-01, -5.3662e-02, -5.2307e-02,  3.2737e-01,
          2.6036e-01,  9.4476e-02,  5.2575e-03, -3.0057e-02, -9.8384e-04,
         -2.5817e-02,  5.0879e-01, -2.6665e-01,  1.0832e-01, -3.4636e-01,
         -1.2986e+00,  5.1634e-01,  6.1800e-01,  0.0000e+00,  0.0000e+00,
          0.0000e+00,  0.0000e+00,  0.0000e+00,  0.0000e+00,  0.0000e+00,
          0.0000e+00,  7.9400e-01, -1.3970e-09,  6.4452e-02, -1.0273e-01,
          2.9051e-02,  1.3472e-01, -4.3753e-01, -3.7555e-02,  1.4639e-01,
         -7.2982e-01, -1.3970e-09, -6.4452e-02, -1.0273e-01,  4.2979e-02,
         -1.3068e-01, -4.3624e-01, -1.6133e-02, -1.3715e-01, -7.3030e-01,
         -8.1682e-04,  1.0762e-01,  2.8863e-01,  1.8876e-02,  2.3433e-01,
          1.2296e-01,  2.3670e-01,  2.0188e-01,  7.3225e-02,  2.3647e-04,
         -9.2718e-02,  2.9465e-01,  5.2177e-02, -3.0740e-01,  2.5829e-01,
          2.4949e-01, -4.0218e-01,  2.0298e-01]], dtype=torch.float64)
----------------------------------------
dof_pos:
tensor([[-8.6930e-02,  6.2355e-02,  3.4106e-02,  3.1090e-01,  8.6494e-02,
         -2.0534e-01, -1.2835e-01, -5.3662e-02, -5.2307e-02,  3.2737e-01,
          2.6036e-01,  9.4476e-02,  5.2575e-03, -3.0057e-02, -9.8384e-04,
         -2.5817e-02,  5.0879e-01, -2.6665e-01,  1.0832e-01, -3.4636e-01,
         -1.2986e+00,  5.1634e-01,  6.1800e-01,  0.0000e+00,  0.0000e+00,
          0.0000e+00,  0.0000e+00,  0.0000e+00,  0.0000e+00,  0.0000e+00,
          0.0000e+00,  7.9400e-01, -1.3970e-09,  6.4452e-02, -1.0273e-01,
          2.9051e-02,  1.3472e-01, -4.3753e-01, -3.7555e-02,  1.4639e-01,
         -7.2982e-01, -1.3970e-09, -6.4452e-02, -1.0273e-01,  4.2979e-02,
         -1.3068e-01, -4.3624e-01, -1.6133e-02, -1.3715e-01, -7.3030e-01,
         -8.1682e-04,  1.0762e-01,  2.8863e-01,  1.8876e-02,  2.3433e-01,
          1.2296e-01,  2.3670e-01,  2.0188e-01,  7.3225e-02,  2.3647e-04,
         -9.2718e-02,  2.9465e-01,  5.2177e-02, -3.0740e-01,  2.5829e-01,
          2.4949e-01, -4.0218e-01,  2.0298e-01]], dtype=torch.float64)
local_key_body_pos:
tensor([[-8.6930e-02,  6.2355e-02,  3.4106e-02,  3.1090e-01,  8.6494e-02,
         -2.0534e-01, -1.2835e-01, -5.3662e-02, -5.2307e-02,  3.2737e-01,
          2.6036e-01,  9.4476e-02,  5.2575e-03, -3.0057e-02, -9.8384e-04,
         -2.5817e-02,  5.0879e-01, -2.6665e-01,  1.0832e-01, -3.4636e-01,
         -1.2986e+00,  5.1634e-01,  6.1800e-01,  0.0000e+00,  0.0000e+00,
          0.0000e+00,  0.0000e+00,  0.0000e+00,  0.0000e+00,  0.0000e+00,
          0.0000e+00,  7.9400e-01, -1.3970e-09,  6.4452e-02, -1.0273e-01,
          2.9051e-02,  1.3472e-01, -4.3753e-01, -3.7555e-02,  1.4639e-01,
         -7.2982e-01, -1.3970e-09, -6.4452e-02, -1.0273e-01,  4.2979e-02,
         -1.3068e-01, -4.3624e-01, -1.6133e-02, -1.3715e-01, -7.3030e-01,
         -8.1682e-04,  1.0762e-01,  2.8863e-01,  1.8876e-02,  2.3433e-01,
          1.2296e-01,  2.3670e-01,  2.0188e-01,  7.3225e-02,  2.3647e-04,
         -9.2718e-02,  2.9465e-01,  5.2177e-02, -3.0740e-01,  2.5829e-01,
          2.4949e-01, -4.0218e-01,  2.0298e-01]], dtype=torch.float64)
----------------------------------------
dof_pos:
tensor([[-8.6930e-02,  6.2355e-02,  3.4106e-02,  3.1090e-01,  8.6494e-02,
         -2.0534e-01, -1.2835e-01, -5.3662e-02, -5.2307e-02,  3.2737e-01,
          2.6036e-01,  9.4476e-02,  5.2575e-03, -3.0057e-02, -9.8384e-04,
         -2.5817e-02,  5.0879e-01, -2.6665e-01,  1.0832e-01, -3.4636e-01,
         -1.2986e+00,  5.1634e-01,  6.1800e-01,  0.0000e+00,  0.0000e+00,
          0.0000e+00,  0.0000e+00,  0.0000e+00,  0.0000e+00,  0.0000e+00,
          0.0000e+00,  7.9400e-01, -1.3970e-09,  6.4452e-02, -1.0273e-01,
          2.9051e-02,  1.3472e-01, -4.3753e-01, -3.7555e-02,  1.4639e-01,
         -7.2982e-01, -1.3970e-09, -6.4452e-02, -1.0273e-01,  4.2979e-02,
         -1.3068e-01, -4.3624e-01, -1.6133e-02, -1.3715e-01, -7.3030e-01,
         -8.1682e-04,  1.0762e-01,  2.8863e-01,  1.8876e-02,  2.3433e-01,
          1.2296e-01,  2.3670e-01,  2.0188e-01,  7.3225e-02,  2.3647e-04,
         -9.2718e-02,  2.9465e-01,  5.2177e-02, -3.0740e-01,  2.5829e-01,
          2.4949e-01, -4.0218e-01,  2.0298e-01]], dtype=torch.float64)
local_key_body_pos:
tensor([[-8.6930e-02,  6.2355e-02,  3.4106e-02,  3.1090e-01,  8.6494e-02,
         -2.0534e-01, -1.2835e-01, -5.3662e-02, -5.2307e-02,  3.2737e-01,
          2.6036e-01,  9.4476e-02,  5.2575e-03, -3.0057e-02, -9.8384e-04,
         -2.5817e-02,  5.0879e-01, -2.6665e-01,  1.0832e-01, -3.4636e-01,
         -1.2986e+00,  5.1634e-01,  6.1800e-01,  0.0000e+00,  0.0000e+00,
          0.0000e+00,  0.0000e+00,  0.0000e+00,  0.0000e+00,  0.0000e+00,
          0.0000e+00,  7.9400e-01, -1.3970e-09,  6.4452e-02, -1.0273e-01,
          2.9051e-02,  1.3472e-01, -4.3753e-01, -3.7555e-02,  1.4639e-01,
         -7.2982e-01, -1.3970e-09, -6.4452e-02, -1.0273e-01,  4.2979e-02,
         -1.3068e-01, -4.3624e-01, -1.6133e-02, -1.3715e-01, -7.3030e-01,
         -8.1682e-04,  1.0762e-01,  2.8863e-01,  1.8876e-02,  2.3433e-01,
          1.2296e-01,  2.3670e-01,  2.0188e-01,  7.3225e-02,  2.3647e-04,
         -9.2718e-02,  2.9465e-01,  5.2177e-02, -3.0740e-01,  2.5829e-01,
          2.4949e-01, -4.0218e-01,  2.0298e-01]], dtype=torch.float64)
----------------------------------------
dof_pos:
tensor([[-8.6930e-02,  6.2355e-02,  3.4106e-02,  3.1090e-01,  8.6494e-02,
         -2.0534e-01, -1.2835e-01, -5.3662e-02, -5.2307e-02,  3.2737e-01,
          2.6036e-01,  9.4476e-02,  5.2575e-03, -3.0057e-02, -9.8384e-04,
         -2.5817e-02,  5.0879e-01, -2.6665e-01,  1.0832e-01, -3.4636e-01,
         -1.2986e+00,  5.1634e-01,  6.1800e-01,  0.0000e+00,  0.0000e+00,
          0.0000e+00,  0.0000e+00,  0.0000e+00,  0.0000e+00,  0.0000e+00,
          0.0000e+00,  7.9400e-01, -1.3970e-09,  6.4452e-02, -1.0273e-01,
          2.9051e-02,  1.3472e-01, -4.3753e-01, -3.7555e-02,  1.4639e-01,
         -7.2982e-01, -1.3970e-09, -6.4452e-02, -1.0273e-01,  4.2979e-02,
         -1.3068e-01, -4.3624e-01, -1.6133e-02, -1.3715e-01, -7.3030e-01,
         -8.1682e-04,  1.0762e-01,  2.8863e-01,  1.8876e-02,  2.3433e-01,
          1.2296e-01,  2.3670e-01,  2.0188e-01,  7.3225e-02,  2.3647e-04,
         -9.2718e-02,  2.9465e-01,  5.2177e-02, -3.0740e-01,  2.5829e-01,
          2.4949e-01, -4.0218e-01,  2.0298e-01]], dtype=torch.float64)
local_key_body_pos:
tensor([[-8.6930e-02,  6.2355e-02,  3.4106e-02,  3.1090e-01,  8.6494e-02,
         -2.0534e-01, -1.2835e-01, -5.3662e-02, -5.2307e-02,  3.2737e-01,
          2.6036e-01,  9.4476e-02,  5.2575e-03, -3.0057e-02, -9.8384e-04,
         -2.5817e-02,  5.0879e-01, -2.6665e-01,  1.0832e-01, -3.4636e-01,
         -1.2986e+00,  5.1634e-01,  6.1800e-01,  0.0000e+00,  0.0000e+00,
          0.0000e+00,  0.0000e+00,  0.0000e+00,  0.0000e+00,  0.0000e+00,
          0.0000e+00,  7.9400e-01, -1.3970e-09,  6.4452e-02, -1.0273e-01,
          2.9051e-02,  1.3472e-01, -4.3753e-01, -3.7555e-02,  1.4639e-01,
         -7.2982e-01, -1.3970e-09, -6.4452e-02, -1.0273e-01,  4.2979e-02,
         -1.3068e-01, -4.3624e-01, -1.6133e-02, -1.3715e-01, -7.3030e-01,
         -8.1682e-04,  1.0762e-01,  2.8863e-01,  1.8876e-02,  2.3433e-01,
          1.2296e-01,  2.3670e-01,  2.0188e-01,  7.3225e-02,  2.3647e-04,
         -9.2718e-02,  2.9465e-01,  5.2177e-02, -3.0740e-01,  2.5829e-01,
          2.4949e-01, -4.0218e-01,  2.0298e-01]], dtype=torch.float64)
----------------------------------------
dof_pos:
tensor([[-8.6930e-02,  6.2355e-02,  3.4106e-02,  3.1090e-01,  8.6494e-02,
         -2.0534e-01, -1.2835e-01, -5.3662e-02, -5.2307e-02,  3.2737e-01,
          2.6036e-01,  9.4476e-02,  5.2575e-03, -3.0057e-02, -9.8384e-04,
         -2.5817e-02,  5.0879e-01, -2.6665e-01,  1.0832e-01, -3.4636e-01,
         -1.2986e+00,  5.1634e-01,  6.1800e-01,  0.0000e+00,  0.0000e+00,
          0.0000e+00,  0.0000e+00,  0.0000e+00,  0.0000e+00,  0.0000e+00,
          0.0000e+00,  7.9400e-01, -1.3970e-09,  6.4452e-02, -1.0273e-01,
          2.9051e-02,  1.3472e-01, -4.3753e-01, -3.7555e-02,  1.4639e-01,
         -7.2982e-01, -1.3970e-09, -6.4452e-02, -1.0273e-01,  4.2979e-02,
         -1.3068e-01, -4.3624e-01, -1.6133e-02, -1.3715e-01, -7.3030e-01,
         -8.1682e-04,  1.0762e-01,  2.8863e-01,  1.8876e-02,  2.3433e-01,
          1.2296e-01,  2.3670e-01,  2.0188e-01,  7.3225e-02,  2.3647e-04,
         -9.2718e-02,  2.9465e-01,  5.2177e-02, -3.0740e-01,  2.5829e-01,
          2.4949e-01, -4.0218e-01,  2.0298e-01]], dtype=torch.float64)
local_key_body_pos:
tensor([[-8.6930e-02,  6.2355e-02,  3.4106e-02,  3.1090e-01,  8.6494e-02,
         -2.0534e-01, -1.2835e-01, -5.3662e-02, -5.2307e-02,  3.2737e-01,
          2.6036e-01,  9.4476e-02,  5.2575e-03, -3.0057e-02, -9.8384e-04,
         -2.5817e-02,  5.0879e-01, -2.6665e-01,  1.0832e-01, -3.4636e-01,
         -1.2986e+00,  5.1634e-01,  6.1800e-01,  0.0000e+00,  0.0000e+00,
          0.0000e+00,  0.0000e+00,  0.0000e+00,  0.0000e+00,  0.0000e+00,
          0.0000e+00,  7.9400e-01, -1.3970e-09,  6.4452e-02, -1.0273e-01,
          2.9051e-02,  1.3472e-01, -4.3753e-01, -3.7555e-02,  1.4639e-01,
         -7.2982e-01, -1.3970e-09, -6.4452e-02, -1.0273e-01,  4.2979e-02,
         -1.3068e-01, -4.3624e-01, -1.6133e-02, -1.3715e-01, -7.3030e-01,
         -8.1682e-04,  1.0762e-01,  2.8863e-01,  1.8876e-02,  2.3433e-01,
          1.2296e-01,  2.3670e-01,  2.0188e-01,  7.3225e-02,  2.3647e-04,
         -9.2718e-02,  2.9465e-01,  5.2177e-02, -3.0740e-01,  2.5829e-01,
          2.4949e-01, -4.0218e-01,  2.0298e-01]], dtype=torch.float64)
----------------------------------------
dof_pos:
tensor([[-8.9454e-02,  6.1310e-02,  3.0316e-02,  3.2821e-01,  3.8954e-02,
         -1.9264e-01, -1.3287e-01, -4.9676e-02, -5.1630e-02,  3.2903e-01,
          2.4639e-01,  3.6482e-02, -1.3506e-02, -3.6070e-02,  2.1888e-03,
         -7.3882e-02,  4.9404e-01, -2.2182e-01,  1.0612e-01, -4.6267e-01,
         -1.6091e+00,  5.5816e-01,  8.2509e-01,  0.0000e+00,  0.0000e+00,
          0.0000e+00,  0.0000e+00,  0.0000e+00,  0.0000e+00,  0.0000e+00,
          0.0000e+00,  7.9400e-01, -1.3970e-09,  6.4452e-02, -1.0273e-01,
          2.9051e-02,  1.3472e-01, -4.3753e-01, -3.7555e-02,  1.4639e-01,
         -7.2982e-01, -1.3970e-09, -6.4452e-02, -1.0273e-01,  4.2979e-02,
         -1.3068e-01, -4.3624e-01, -1.6133e-02, -1.3715e-01, -7.3030e-01,
         -8.1682e-04,  1.0762e-01,  2.8863e-01,  1.8876e-02,  2.3433e-01,
          1.2296e-01,  2.3670e-01,  2.0188e-01,  7.3225e-02,  2.3647e-04,
         -9.2718e-02,  2.9465e-01,  5.2177e-02, -3.0740e-01,  2.5829e-01,
          2.4949e-01, -4.0218e-01,  2.0298e-01]], dtype=torch.float64)
local_key_body_pos:
tensor([[-8.9454e-02,  6.1310e-02,  3.0316e-02,  3.2821e-01,  3.8954e-02,
         -1.9264e-01, -1.3287e-01, -4.9676e-02, -5.1630e-02,  3.2903e-01,
          2.4639e-01,  3.6482e-02, -1.3506e-02, -3.6070e-02,  2.1888e-03,
         -7.3882e-02,  4.9404e-01, -2.2182e-01,  1.0612e-01, -4.6267e-01,
         -1.6091e+00,  5.5816e-01,  8.2509e-01,  0.0000e+00,  0.0000e+00,
          0.0000e+00,  0.0000e+00,  0.0000e+00,  0.0000e+00,  0.0000e+00,
          0.0000e+00,  7.9400e-01, -1.3970e-09,  6.4452e-02, -1.0273e-01,
          2.9051e-02,  1.3472e-01, -4.3753e-01, -3.7555e-02,  1.4639e-01,
         -7.2982e-01, -1.3970e-09, -6.4452e-02, -1.0273e-01,  4.2979e-02,
         -1.3068e-01, -4.3624e-01, -1.6133e-02, -1.3715e-01, -7.3030e-01,
         -8.1682e-04,  1.0762e-01,  2.8863e-01,  1.8876e-02,  2.3433e-01,
          1.2296e-01,  2.3670e-01,  2.0188e-01,  7.3225e-02,  2.3647e-04,
         -9.2718e-02,  2.9465e-01,  5.2177e-02, -3.0740e-01,  2.5829e-01,
          2.4949e-01, -4.0218e-01,  2.0298e-01]], dtype=torch.float64)
----------------------------------------
dof_pos:
tensor([[-8.9454e-02,  6.1310e-02,  3.0316e-02,  3.2821e-01,  3.8954e-02,
         -1.9264e-01, -1.3287e-01, -4.9676e-02, -5.1630e-02,  3.2903e-01,
          2.4639e-01,  3.6482e-02, -1.3506e-02, -3.6070e-02,  2.1888e-03,
         -7.3882e-02,  4.9404e-01, -2.2182e-01,  1.0612e-01, -4.6267e-01,
         -1.6091e+00,  5.5816e-01,  8.2509e-01,  0.0000e+00,  0.0000e+00,
          0.0000e+00,  0.0000e+00,  0.0000e+00,  0.0000e+00,  0.0000e+00,
          0.0000e+00,  7.9400e-01, -2.3283e-09,  6.4452e-02, -1.0273e-01,
          2.9895e-02,  1.3470e-01, -4.3745e-01, -4.1047e-02,  1.4633e-01,
         -7.2872e-01, -3.7253e-09, -6.4452e-02, -1.0273e-01,  4.4500e-02,
         -1.2953e-01, -4.3610e-01, -1.3768e-02, -1.3501e-01, -7.3034e-01,
          2.0083e-03,  1.0907e-01,  2.8797e-01,  3.2917e-02,  2.3219e-01,
          1.2168e-01,  2.5374e-01,  2.0042e-01,  8.7033e-02, -6.9679e-04,
         -9.1209e-02,  2.9519e-01,  3.5042e-02, -3.1169e-01,  3.1694e-01,
          1.9583e-01, -4.7013e-01,  3.2133e-01]], dtype=torch.float64)
local_key_body_pos:
tensor([[-8.9454e-02,  6.1310e-02,  3.0316e-02,  3.2821e-01,  3.8954e-02,
         -1.9264e-01, -1.3287e-01, -4.9676e-02, -5.1630e-02,  3.2903e-01,
          2.4639e-01,  3.6482e-02, -1.3506e-02, -3.6070e-02,  2.1888e-03,
         -7.3882e-02,  4.9404e-01, -2.2182e-01,  1.0612e-01, -4.6267e-01,
         -1.6091e+00,  5.5816e-01,  8.2509e-01,  0.0000e+00,  0.0000e+00,
          0.0000e+00,  0.0000e+00,  0.0000e+00,  0.0000e+00,  0.0000e+00,
          0.0000e+00,  7.9400e-01, -2.3283e-09,  6.4452e-02, -1.0273e-01,
          2.9895e-02,  1.3470e-01, -4.3745e-01, -4.1047e-02,  1.4633e-01,
         -7.2872e-01, -3.7253e-09, -6.4452e-02, -1.0273e-01,  4.4500e-02,
         -1.2953e-01, -4.3610e-01, -1.3768e-02, -1.3501e-01, -7.3034e-01,
          2.0083e-03,  1.0907e-01,  2.8797e-01,  3.2917e-02,  2.3219e-01,
          1.2168e-01,  2.5374e-01,  2.0042e-01,  8.7033e-02, -6.9679e-04,
         -9.1209e-02,  2.9519e-01,  3.5042e-02, -3.1169e-01,  3.1694e-01,
          1.9583e-01, -4.7013e-01,  3.2133e-01]], dtype=torch.float64)
----------------------------------------
dof_pos:
tensor([[-8.9454e-02,  6.1310e-02,  3.0316e-02,  3.2821e-01,  3.8954e-02,
         -1.9264e-01, -1.3287e-01, -4.9676e-02, -5.1630e-02,  3.2903e-01,
          2.4639e-01,  3.6482e-02, -1.3506e-02, -3.6070e-02,  2.1888e-03,
         -7.3882e-02,  4.9404e-01, -2.2182e-01,  1.0612e-01, -4.6267e-01,
         -1.6091e+00,  5.5816e-01,  8.2509e-01,  0.0000e+00,  0.0000e+00,
          0.0000e+00,  0.0000e+00,  0.0000e+00,  0.0000e+00,  0.0000e+00,
          0.0000e+00,  7.9400e-01, -2.3283e-09,  6.4452e-02, -1.0273e-01,
          2.9895e-02,  1.3470e-01, -4.3745e-01, -4.1047e-02,  1.4633e-01,
         -7.2872e-01, -3.7253e-09, -6.4452e-02, -1.0273e-01,  4.4500e-02,
         -1.2953e-01, -4.3610e-01, -1.3768e-02, -1.3501e-01, -7.3034e-01,
          2.0083e-03,  1.0907e-01,  2.8797e-01,  3.2917e-02,  2.3219e-01,
          1.2168e-01,  2.5374e-01,  2.0042e-01,  8.7033e-02, -6.9679e-04,
         -9.1209e-02,  2.9519e-01,  3.5042e-02, -3.1169e-01,  3.1694e-01,
          1.9583e-01, -4.7013e-01,  3.2133e-01]], dtype=torch.float64)
local_key_body_pos:
tensor([[-8.9454e-02,  6.1310e-02,  3.0316e-02,  3.2821e-01,  3.8954e-02,
         -1.9264e-01, -1.3287e-01, -4.9676e-02, -5.1630e-02,  3.2903e-01,
          2.4639e-01,  3.6482e-02, -1.3506e-02, -3.6070e-02,  2.1888e-03,
         -7.3882e-02,  4.9404e-01, -2.2182e-01,  1.0612e-01, -4.6267e-01,
         -1.6091e+00,  5.5816e-01,  8.2509e-01,  0.0000e+00,  0.0000e+00,
          0.0000e+00,  0.0000e+00,  0.0000e+00,  0.0000e+00,  0.0000e+00,
          0.0000e+00,  7.9400e-01, -2.3283e-09,  6.4452e-02, -1.0273e-01,
          2.9895e-02,  1.3470e-01, -4.3745e-01, -4.1047e-02,  1.4633e-01,
         -7.2872e-01, -3.7253e-09, -6.4452e-02, -1.0273e-01,  4.4500e-02,
         -1.2953e-01, -4.3610e-01, -1.3768e-02, -1.3501e-01, -7.3034e-01,
          2.0083e-03,  1.0907e-01,  2.8797e-01,  3.2917e-02,  2.3219e-01,
          1.2168e-01,  2.5374e-01,  2.0042e-01,  8.7033e-02, -6.9679e-04,
         -9.1209e-02,  2.9519e-01,  3.5042e-02, -3.1169e-01,  3.1694e-01,
          1.9583e-01, -4.7013e-01,  3.2133e-01]], dtype=torch.float64)
----------------------------------------
dof_pos:
tensor([[-8.9454e-02,  6.1310e-02,  3.0316e-02,  3.2821e-01,  3.8954e-02,
         -1.9264e-01, -1.3287e-01, -4.9676e-02, -5.1630e-02,  3.2903e-01,
          2.4639e-01,  3.6482e-02, -1.3506e-02, -3.6070e-02,  2.1888e-03,
         -7.3882e-02,  4.9404e-01, -2.2182e-01,  1.0612e-01, -4.6267e-01,
         -1.6091e+00,  5.5816e-01,  8.2509e-01,  0.0000e+00,  0.0000e+00,
          0.0000e+00,  0.0000e+00,  0.0000e+00,  0.0000e+00,  0.0000e+00,
          0.0000e+00,  7.9400e-01, -2.3283e-09,  6.4452e-02, -1.0273e-01,
          2.9895e-02,  1.3470e-01, -4.3745e-01, -4.1047e-02,  1.4633e-01,
         -7.2872e-01, -3.7253e-09, -6.4452e-02, -1.0273e-01,  4.4500e-02,
         -1.2953e-01, -4.3610e-01, -1.3768e-02, -1.3501e-01, -7.3034e-01,
          2.0083e-03,  1.0907e-01,  2.8797e-01,  3.2917e-02,  2.3219e-01,
          1.2168e-01,  2.5374e-01,  2.0042e-01,  8.7033e-02, -6.9679e-04,
         -9.1209e-02,  2.9519e-01,  3.5042e-02, -3.1169e-01,  3.1694e-01,
          1.9583e-01, -4.7013e-01,  3.2133e-01]], dtype=torch.float64)
local_key_body_pos:
tensor([[-8.9454e-02,  6.1310e-02,  3.0316e-02,  3.2821e-01,  3.8954e-02,
         -1.9264e-01, -1.3287e-01, -4.9676e-02, -5.1630e-02,  3.2903e-01,
          2.4639e-01,  3.6482e-02, -1.3506e-02, -3.6070e-02,  2.1888e-03,
         -7.3882e-02,  4.9404e-01, -2.2182e-01,  1.0612e-01, -4.6267e-01,
         -1.6091e+00,  5.5816e-01,  8.2509e-01,  0.0000e+00,  0.0000e+00,
          0.0000e+00,  0.0000e+00,  0.0000e+00,  0.0000e+00,  0.0000e+00,
          0.0000e+00,  7.9400e-01, -2.3283e-09,  6.4452e-02, -1.0273e-01,
          2.9895e-02,  1.3470e-01, -4.3745e-01, -4.1047e-02,  1.4633e-01,
         -7.2872e-01, -3.7253e-09, -6.4452e-02, -1.0273e-01,  4.4500e-02,
         -1.2953e-01, -4.3610e-01, -1.3768e-02, -1.3501e-01, -7.3034e-01,
          2.0083e-03,  1.0907e-01,  2.8797e-01,  3.2917e-02,  2.3219e-01,
          1.2168e-01,  2.5374e-01,  2.0042e-01,  8.7033e-02, -6.9679e-04,
         -9.1209e-02,  2.9519e-01,  3.5042e-02, -3.1169e-01,  3.1694e-01,
          1.9583e-01, -4.7013e-01,  3.2133e-01]], dtype=torch.float64)
----------------------------------------
dof_pos:
tensor([[-8.9454e-02,  6.1310e-02,  3.0316e-02,  3.2821e-01,  3.8954e-02,
         -1.9264e-01, -1.3287e-01, -4.9676e-02, -5.1630e-02,  3.2903e-01,
          2.4639e-01,  3.6482e-02, -1.3506e-02, -3.6070e-02,  2.1888e-03,
         -7.3882e-02,  4.9404e-01, -2.2182e-01,  1.0612e-01, -4.6267e-01,
         -1.6091e+00,  5.5816e-01,  8.2509e-01,  0.0000e+00,  0.0000e+00,
          0.0000e+00,  0.0000e+00,  0.0000e+00,  0.0000e+00,  0.0000e+00,
          0.0000e+00,  7.9400e-01, -2.3283e-09,  6.4452e-02, -1.0273e-01,
          2.9895e-02,  1.3470e-01, -4.3745e-01, -4.1047e-02,  1.4633e-01,
         -7.2872e-01, -3.7253e-09, -6.4452e-02, -1.0273e-01,  4.4500e-02,
         -1.2953e-01, -4.3610e-01, -1.3768e-02, -1.3501e-01, -7.3034e-01,
          2.0083e-03,  1.0907e-01,  2.8797e-01,  3.2917e-02,  2.3219e-01,
          1.2168e-01,  2.5374e-01,  2.0042e-01,  8.7033e-02, -6.9679e-04,
         -9.1209e-02,  2.9519e-01,  3.5042e-02, -3.1169e-01,  3.1694e-01,
          1.9583e-01, -4.7013e-01,  3.2133e-01]], dtype=torch.float64)
local_key_body_pos:
tensor([[-8.9454e-02,  6.1310e-02,  3.0316e-02,  3.2821e-01,  3.8954e-02,
         -1.9264e-01, -1.3287e-01, -4.9676e-02, -5.1630e-02,  3.2903e-01,
          2.4639e-01,  3.6482e-02, -1.3506e-02, -3.6070e-02,  2.1888e-03,
         -7.3882e-02,  4.9404e-01, -2.2182e-01,  1.0612e-01, -4.6267e-01,
         -1.6091e+00,  5.5816e-01,  8.2509e-01,  0.0000e+00,  0.0000e+00,
          0.0000e+00,  0.0000e+00,  0.0000e+00,  0.0000e+00,  0.0000e+00,
          0.0000e+00,  7.9400e-01, -2.3283e-09,  6.4452e-02, -1.0273e-01,
          2.9895e-02,  1.3470e-01, -4.3745e-01, -4.1047e-02,  1.4633e-01,
         -7.2872e-01, -3.7253e-09, -6.4452e-02, -1.0273e-01,  4.4500e-02,
         -1.2953e-01, -4.3610e-01, -1.3768e-02, -1.3501e-01, -7.3034e-01,
          2.0083e-03,  1.0907e-01,  2.8797e-01,  3.2917e-02,  2.3219e-01,
          1.2168e-01,  2.5374e-01,  2.0042e-01,  8.7033e-02, -6.9679e-04,
         -9.1209e-02,  2.9519e-01,  3.5042e-02, -3.1169e-01,  3.1694e-01,
          1.9583e-01, -4.7013e-01,  3.2133e-01]], dtype=torch.float64)
----------------------------------------
dof_pos:
tensor([[-8.9454e-02,  6.1310e-02,  3.0316e-02,  3.2821e-01,  3.8954e-02,
         -1.9264e-01, -1.3287e-01, -4.9676e-02, -5.1630e-02,  3.2903e-01,
          2.4639e-01,  3.6482e-02, -1.3506e-02, -3.6070e-02,  2.1888e-03,
         -7.3882e-02,  4.9404e-01, -2.2182e-01,  1.0612e-01, -4.6267e-01,
         -1.6091e+00,  5.5816e-01,  8.2509e-01,  0.0000e+00,  0.0000e+00,
          0.0000e+00,  0.0000e+00,  0.0000e+00,  0.0000e+00,  0.0000e+00,
          0.0000e+00,  7.9400e-01, -2.3283e-09,  6.4452e-02, -1.0273e-01,
          2.9895e-02,  1.3470e-01, -4.3745e-01, -4.1047e-02,  1.4633e-01,
         -7.2872e-01, -3.7253e-09, -6.4452e-02, -1.0273e-01,  4.4500e-02,
         -1.2953e-01, -4.3610e-01, -1.3768e-02, -1.3501e-01, -7.3034e-01,
          2.0083e-03,  1.0907e-01,  2.8797e-01,  3.2917e-02,  2.3219e-01,
          1.2168e-01,  2.5374e-01,  2.0042e-01,  8.7033e-02, -6.9679e-04,
         -9.1209e-02,  2.9519e-01,  3.5042e-02, -3.1169e-01,  3.1694e-01,
          1.9583e-01, -4.7013e-01,  3.2133e-01]], dtype=torch.float64)
local_key_body_pos:
tensor([[-8.9454e-02,  6.1310e-02,  3.0316e-02,  3.2821e-01,  3.8954e-02,
         -1.9264e-01, -1.3287e-01, -4.9676e-02, -5.1630e-02,  3.2903e-01,
          2.4639e-01,  3.6482e-02, -1.3506e-02, -3.6070e-02,  2.1888e-03,
         -7.3882e-02,  4.9404e-01, -2.2182e-01,  1.0612e-01, -4.6267e-01,
         -1.6091e+00,  5.5816e-01,  8.2509e-01,  0.0000e+00,  0.0000e+00,
          0.0000e+00,  0.0000e+00,  0.0000e+00,  0.0000e+00,  0.0000e+00,
          0.0000e+00,  7.9400e-01, -2.3283e-09,  6.4452e-02, -1.0273e-01,
          2.9895e-02,  1.3470e-01, -4.3745e-01, -4.1047e-02,  1.4633e-01,
         -7.2872e-01, -3.7253e-09, -6.4452e-02, -1.0273e-01,  4.4500e-02,
         -1.2953e-01, -4.3610e-01, -1.3768e-02, -1.3501e-01, -7.3034e-01,
          2.0083e-03,  1.0907e-01,  2.8797e-01,  3.2917e-02,  2.3219e-01,
          1.2168e-01,  2.5374e-01,  2.0042e-01,  8.7033e-02, -6.9679e-04,
         -9.1209e-02,  2.9519e-01,  3.5042e-02, -3.1169e-01,  3.1694e-01,
          1.9583e-01, -4.7013e-01,  3.2133e-01]], dtype=torch.float64)
----------------------------------------
dof_pos:
tensor([[-8.9454e-02,  6.1310e-02,  3.0316e-02,  3.2821e-01,  3.8954e-02,
         -1.9264e-01, -1.3287e-01, -4.9676e-02, -5.1630e-02,  3.2903e-01,
          2.4639e-01,  3.6482e-02, -1.3506e-02, -3.6070e-02,  2.1888e-03,
         -7.3882e-02,  4.9404e-01, -2.2182e-01,  1.0612e-01, -4.6267e-01,
         -1.6091e+00,  5.5816e-01,  8.2509e-01,  0.0000e+00,  0.0000e+00,
          0.0000e+00,  0.0000e+00,  0.0000e+00,  0.0000e+00,  0.0000e+00,
          0.0000e+00,  7.9400e-01, -2.3283e-09,  6.4452e-02, -1.0273e-01,
          2.9895e-02,  1.3470e-01, -4.3745e-01, -4.1047e-02,  1.4633e-01,
         -7.2872e-01, -3.7253e-09, -6.4452e-02, -1.0273e-01,  4.4500e-02,
         -1.2953e-01, -4.3610e-01, -1.3768e-02, -1.3501e-01, -7.3034e-01,
          2.0083e-03,  1.0907e-01,  2.8797e-01,  3.2917e-02,  2.3219e-01,
          1.2168e-01,  2.5374e-01,  2.0042e-01,  8.7033e-02, -6.9679e-04,
         -9.1209e-02,  2.9519e-01,  3.5042e-02, -3.1169e-01,  3.1694e-01,
          1.9583e-01, -4.7013e-01,  3.2133e-01]], dtype=torch.float64)
local_key_body_pos:
tensor([[-8.9454e-02,  6.1310e-02,  3.0316e-02,  3.2821e-01,  3.8954e-02,
         -1.9264e-01, -1.3287e-01, -4.9676e-02, -5.1630e-02,  3.2903e-01,
          2.4639e-01,  3.6482e-02, -1.3506e-02, -3.6070e-02,  2.1888e-03,
         -7.3882e-02,  4.9404e-01, -2.2182e-01,  1.0612e-01, -4.6267e-01,
         -1.6091e+00,  5.5816e-01,  8.2509e-01,  0.0000e+00,  0.0000e+00,
          0.0000e+00,  0.0000e+00,  0.0000e+00,  0.0000e+00,  0.0000e+00,
          0.0000e+00,  7.9400e-01, -2.3283e-09,  6.4452e-02, -1.0273e-01,
          2.9895e-02,  1.3470e-01, -4.3745e-01, -4.1047e-02,  1.4633e-01,
         -7.2872e-01, -3.7253e-09, -6.4452e-02, -1.0273e-01,  4.4500e-02,
         -1.2953e-01, -4.3610e-01, -1.3768e-02, -1.3501e-01, -7.3034e-01,
          2.0083e-03,  1.0907e-01,  2.8797e-01,  3.2917e-02,  2.3219e-01,
          1.2168e-01,  2.5374e-01,  2.0042e-01,  8.7033e-02, -6.9679e-04,
         -9.1209e-02,  2.9519e-01,  3.5042e-02, -3.1169e-01,  3.1694e-01,
          1.9583e-01, -4.7013e-01,  3.2133e-01]], dtype=torch.float64)
----------------------------------------
dof_pos:
tensor([[-8.9454e-02,  6.1310e-02,  3.0316e-02,  3.2821e-01,  3.8954e-02,
         -1.9264e-01, -1.3287e-01, -4.9676e-02, -5.1630e-02,  3.2903e-01,
          2.4639e-01,  3.6482e-02, -1.3506e-02, -3.6070e-02,  2.1888e-03,
         -7.3882e-02,  4.9404e-01, -2.2182e-01,  1.0612e-01, -4.6267e-01,
         -1.6091e+00,  5.5816e-01,  8.2509e-01,  0.0000e+00,  0.0000e+00,
          0.0000e+00,  0.0000e+00,  0.0000e+00,  0.0000e+00,  0.0000e+00,
          0.0000e+00,  7.9400e-01, -2.3283e-09,  6.4452e-02, -1.0273e-01,
          2.9895e-02,  1.3470e-01, -4.3745e-01, -4.1047e-02,  1.4633e-01,
         -7.2872e-01, -3.7253e-09, -6.4452e-02, -1.0273e-01,  4.4500e-02,
         -1.2953e-01, -4.3610e-01, -1.3768e-02, -1.3501e-01, -7.3034e-01,
          2.0083e-03,  1.0907e-01,  2.8797e-01,  3.2917e-02,  2.3219e-01,
          1.2168e-01,  2.5374e-01,  2.0042e-01,  8.7033e-02, -6.9679e-04,
         -9.1209e-02,  2.9519e-01,  3.5042e-02, -3.1169e-01,  3.1694e-01,
          1.9583e-01, -4.7013e-01,  3.2133e-01]], dtype=torch.float64)
local_key_body_pos:
tensor([[-8.9454e-02,  6.1310e-02,  3.0316e-02,  3.2821e-01,  3.8954e-02,
         -1.9264e-01, -1.3287e-01, -4.9676e-02, -5.1630e-02,  3.2903e-01,
          2.4639e-01,  3.6482e-02, -1.3506e-02, -3.6070e-02,  2.1888e-03,
         -7.3882e-02,  4.9404e-01, -2.2182e-01,  1.0612e-01, -4.6267e-01,
         -1.6091e+00,  5.5816e-01,  8.2509e-01,  0.0000e+00,  0.0000e+00,
          0.0000e+00,  0.0000e+00,  0.0000e+00,  0.0000e+00,  0.0000e+00,
          0.0000e+00,  7.9400e-01, -2.3283e-09,  6.4452e-02, -1.0273e-01,
          2.9895e-02,  1.3470e-01, -4.3745e-01, -4.1047e-02,  1.4633e-01,
         -7.2872e-01, -3.7253e-09, -6.4452e-02, -1.0273e-01,  4.4500e-02,
         -1.2953e-01, -4.3610e-01, -1.3768e-02, -1.3501e-01, -7.3034e-01,
          2.0083e-03,  1.0907e-01,  2.8797e-01,  3.2917e-02,  2.3219e-01,
          1.2168e-01,  2.5374e-01,  2.0042e-01,  8.7033e-02, -6.9679e-04,
         -9.1209e-02,  2.9519e-01,  3.5042e-02, -3.1169e-01,  3.1694e-01,
          1.9583e-01, -4.7013e-01,  3.2133e-01]], dtype=torch.float64)
----------------------------------------
dof_pos:
tensor([[-7.7831e-02,  6.4784e-02,  3.3323e-02,  3.1833e-01,  7.7658e-03,
         -2.0314e-01, -1.1624e-01, -5.0324e-02, -5.4172e-02,  3.0808e-01,
          2.6427e-01,  1.0647e-01,  1.9770e-02, -5.4210e-02,  2.6988e-03,
         -1.0992e-01,  5.4457e-01, -2.2226e-01,  9.9508e-02, -4.8379e-01,
         -1.8121e+00,  4.9926e-01,  1.0210e+00,  0.0000e+00,  0.0000e+00,
          0.0000e+00,  0.0000e+00,  0.0000e+00,  0.0000e+00,  0.0000e+00,
          0.0000e+00,  7.9400e-01, -4.6566e-10,  6.4452e-02, -1.0273e-01,
          2.5991e-02,  1.3551e-01, -4.3773e-01, -4.5449e-02,  1.4780e-01,
         -7.2885e-01, -1.3970e-09, -6.4452e-02, -1.0273e-01,  3.8954e-02,
         -1.2953e-01, -4.3679e-01, -1.8034e-02, -1.3526e-01, -7.3128e-01,
         -1.5824e-03,  1.1349e-01,  2.8594e-01,  3.1657e-02,  2.4262e-01,
          1.2285e-01,  2.5447e-01,  2.1753e-01,  9.6420e-02,  2.3741e-03,
         -8.6608e-02,  2.9680e-01,  2.9322e-02, -2.9974e-01,  3.5686e-01,
          1.4598e-01, -4.8334e-01,  4.1733e-01]], dtype=torch.float64)
local_key_body_pos:
tensor([[-7.7831e-02,  6.4784e-02,  3.3323e-02,  3.1833e-01,  7.7658e-03,
         -2.0314e-01, -1.1624e-01, -5.0324e-02, -5.4172e-02,  3.0808e-01,
          2.6427e-01,  1.0647e-01,  1.9770e-02, -5.4210e-02,  2.6988e-03,
         -1.0992e-01,  5.4457e-01, -2.2226e-01,  9.9508e-02, -4.8379e-01,
         -1.8121e+00,  4.9926e-01,  1.0210e+00,  0.0000e+00,  0.0000e+00,
          0.0000e+00,  0.0000e+00,  0.0000e+00,  0.0000e+00,  0.0000e+00,
          0.0000e+00,  7.9400e-01, -4.6566e-10,  6.4452e-02, -1.0273e-01,
          2.5991e-02,  1.3551e-01, -4.3773e-01, -4.5449e-02,  1.4780e-01,
         -7.2885e-01, -1.3970e-09, -6.4452e-02, -1.0273e-01,  3.8954e-02,
         -1.2953e-01, -4.3679e-01, -1.8034e-02, -1.3526e-01, -7.3128e-01,
         -1.5824e-03,  1.1349e-01,  2.8594e-01,  3.1657e-02,  2.4262e-01,
          1.2285e-01,  2.5447e-01,  2.1753e-01,  9.6420e-02,  2.3741e-03,
         -8.6608e-02,  2.9680e-01,  2.9322e-02, -2.9974e-01,  3.5686e-01,
          1.4598e-01, -4.8334e-01,  4.1733e-01]], dtype=torch.float64)
----------------------------------------
dof_pos:
tensor([[-7.7831e-02,  6.4784e-02,  3.3323e-02,  3.1833e-01,  7.7658e-03,
         -2.0314e-01, -1.1624e-01, -5.0324e-02, -5.4172e-02,  3.0808e-01,
          2.6427e-01,  1.0647e-01,  1.9770e-02, -5.4210e-02,  2.6988e-03,
         -1.0992e-01,  5.4457e-01, -2.2226e-01,  9.9508e-02, -4.8379e-01,
         -1.8121e+00,  4.9926e-01,  1.0210e+00,  0.0000e+00,  0.0000e+00,
          0.0000e+00,  0.0000e+00,  0.0000e+00,  0.0000e+00,  0.0000e+00,
          0.0000e+00,  7.9400e-01, -4.6566e-10,  6.4452e-02, -1.0273e-01,
          2.5991e-02,  1.3551e-01, -4.3773e-01, -4.5449e-02,  1.4780e-01,
         -7.2885e-01, -1.3970e-09, -6.4452e-02, -1.0273e-01,  3.8954e-02,
         -1.2953e-01, -4.3679e-01, -1.8034e-02, -1.3526e-01, -7.3128e-01,
         -1.5824e-03,  1.1349e-01,  2.8594e-01,  3.1657e-02,  2.4262e-01,
          1.2285e-01,  2.5447e-01,  2.1753e-01,  9.6420e-02,  2.3741e-03,
         -8.6608e-02,  2.9680e-01,  2.9322e-02, -2.9974e-01,  3.5686e-01,
          1.4598e-01, -4.8334e-01,  4.1733e-01]], dtype=torch.float64)
local_key_body_pos:
tensor([[-7.7831e-02,  6.4784e-02,  3.3323e-02,  3.1833e-01,  7.7658e-03,
         -2.0314e-01, -1.1624e-01, -5.0324e-02, -5.4172e-02,  3.0808e-01,
          2.6427e-01,  1.0647e-01,  1.9770e-02, -5.4210e-02,  2.6988e-03,
         -1.0992e-01,  5.4457e-01, -2.2226e-01,  9.9508e-02, -4.8379e-01,
         -1.8121e+00,  4.9926e-01,  1.0210e+00,  0.0000e+00,  0.0000e+00,
          0.0000e+00,  0.0000e+00,  0.0000e+00,  0.0000e+00,  0.0000e+00,
          0.0000e+00,  7.9400e-01, -4.6566e-10,  6.4452e-02, -1.0273e-01,
          2.5991e-02,  1.3551e-01, -4.3773e-01, -4.5449e-02,  1.4780e-01,
         -7.2885e-01, -1.3970e-09, -6.4452e-02, -1.0273e-01,  3.8954e-02,
         -1.2953e-01, -4.3679e-01, -1.8034e-02, -1.3526e-01, -7.3128e-01,
         -1.5824e-03,  1.1349e-01,  2.8594e-01,  3.1657e-02,  2.4262e-01,
          1.2285e-01,  2.5447e-01,  2.1753e-01,  9.6420e-02,  2.3741e-03,
         -8.6608e-02,  2.9680e-01,  2.9322e-02, -2.9974e-01,  3.5686e-01,
          1.4598e-01, -4.8334e-01,  4.1733e-01]], dtype=torch.float64)
----------------------------------------
dof_pos:
tensor([[-7.7831e-02,  6.4784e-02,  3.3323e-02,  3.1833e-01,  7.7658e-03,
         -2.0314e-01, -1.1624e-01, -5.0324e-02, -5.4172e-02,  3.0808e-01,
          2.6427e-01,  1.0647e-01,  1.9770e-02, -5.4210e-02,  2.6988e-03,
         -1.0992e-01,  5.4457e-01, -2.2226e-01,  9.9508e-02, -4.8379e-01,
         -1.8121e+00,  4.9926e-01,  1.0210e+00,  0.0000e+00,  0.0000e+00,
          0.0000e+00,  0.0000e+00,  0.0000e+00,  0.0000e+00,  0.0000e+00,
          0.0000e+00,  7.9400e-01, -4.6566e-10,  6.4452e-02, -1.0273e-01,
          2.5991e-02,  1.3551e-01, -4.3773e-01, -4.5449e-02,  1.4780e-01,
         -7.2885e-01, -1.3970e-09, -6.4452e-02, -1.0273e-01,  3.8954e-02,
         -1.2953e-01, -4.3679e-01, -1.8034e-02, -1.3526e-01, -7.3128e-01,
         -1.5824e-03,  1.1349e-01,  2.8594e-01,  3.1657e-02,  2.4262e-01,
          1.2285e-01,  2.5447e-01,  2.1753e-01,  9.6420e-02,  2.3741e-03,
         -8.6608e-02,  2.9680e-01,  2.9322e-02, -2.9974e-01,  3.5686e-01,
          1.4598e-01, -4.8334e-01,  4.1733e-01]], dtype=torch.float64)
local_key_body_pos:
tensor([[-7.7831e-02,  6.4784e-02,  3.3323e-02,  3.1833e-01,  7.7658e-03,
         -2.0314e-01, -1.1624e-01, -5.0324e-02, -5.4172e-02,  3.0808e-01,
          2.6427e-01,  1.0647e-01,  1.9770e-02, -5.4210e-02,  2.6988e-03,
         -1.0992e-01,  5.4457e-01, -2.2226e-01,  9.9508e-02, -4.8379e-01,
         -1.8121e+00,  4.9926e-01,  1.0210e+00,  0.0000e+00,  0.0000e+00,
          0.0000e+00,  0.0000e+00,  0.0000e+00,  0.0000e+00,  0.0000e+00,
          0.0000e+00,  7.9400e-01, -4.6566e-10,  6.4452e-02, -1.0273e-01,
          2.5991e-02,  1.3551e-01, -4.3773e-01, -4.5449e-02,  1.4780e-01,
         -7.2885e-01, -1.3970e-09, -6.4452e-02, -1.0273e-01,  3.8954e-02,
         -1.2953e-01, -4.3679e-01, -1.8034e-02, -1.3526e-01, -7.3128e-01,
         -1.5824e-03,  1.1349e-01,  2.8594e-01,  3.1657e-02,  2.4262e-01,
          1.2285e-01,  2.5447e-01,  2.1753e-01,  9.6420e-02,  2.3741e-03,
         -8.6608e-02,  2.9680e-01,  2.9322e-02, -2.9974e-01,  3.5686e-01,
          1.4598e-01, -4.8334e-01,  4.1733e-01]], dtype=torch.float64)
----------------------------------------
dof_pos:
tensor([[-7.7831e-02,  6.4784e-02,  3.3323e-02,  3.1833e-01,  7.7658e-03,
         -2.0314e-01, -1.1624e-01, -5.0324e-02, -5.4172e-02,  3.0808e-01,
          2.6427e-01,  1.0647e-01,  1.9770e-02, -5.4210e-02,  2.6988e-03,
         -1.0992e-01,  5.4457e-01, -2.2226e-01,  9.9508e-02, -4.8379e-01,
         -1.8121e+00,  4.9926e-01,  1.0210e+00,  0.0000e+00,  0.0000e+00,
          0.0000e+00,  0.0000e+00,  0.0000e+00,  0.0000e+00,  0.0000e+00,
          0.0000e+00,  7.9400e-01, -4.6566e-10,  6.4452e-02, -1.0273e-01,
          2.5991e-02,  1.3551e-01, -4.3773e-01, -4.5449e-02,  1.4780e-01,
         -7.2885e-01, -1.3970e-09, -6.4452e-02, -1.0273e-01,  3.8954e-02,
         -1.2953e-01, -4.3679e-01, -1.8034e-02, -1.3526e-01, -7.3128e-01,
         -1.5824e-03,  1.1349e-01,  2.8594e-01,  3.1657e-02,  2.4262e-01,
          1.2285e-01,  2.5447e-01,  2.1753e-01,  9.6420e-02,  2.3741e-03,
         -8.6608e-02,  2.9680e-01,  2.9322e-02, -2.9974e-01,  3.5686e-01,
          1.4598e-01, -4.8334e-01,  4.1733e-01]], dtype=torch.float64)
local_key_body_pos:
tensor([[-7.7831e-02,  6.4784e-02,  3.3323e-02,  3.1833e-01,  7.7658e-03,
         -2.0314e-01, -1.1624e-01, -5.0324e-02, -5.4172e-02,  3.0808e-01,
          2.6427e-01,  1.0647e-01,  1.9770e-02, -5.4210e-02,  2.6988e-03,
         -1.0992e-01,  5.4457e-01, -2.2226e-01,  9.9508e-02, -4.8379e-01,
         -1.8121e+00,  4.9926e-01,  1.0210e+00,  0.0000e+00,  0.0000e+00,
          0.0000e+00,  0.0000e+00,  0.0000e+00,  0.0000e+00,  0.0000e+00,
          0.0000e+00,  7.9400e-01, -4.6566e-10,  6.4452e-02, -1.0273e-01,
          2.5991e-02,  1.3551e-01, -4.3773e-01, -4.5449e-02,  1.4780e-01,
         -7.2885e-01, -1.3970e-09, -6.4452e-02, -1.0273e-01,  3.8954e-02,
         -1.2953e-01, -4.3679e-01, -1.8034e-02, -1.3526e-01, -7.3128e-01,
         -1.5824e-03,  1.1349e-01,  2.8594e-01,  3.1657e-02,  2.4262e-01,
          1.2285e-01,  2.5447e-01,  2.1753e-01,  9.6420e-02,  2.3741e-03,
         -8.6608e-02,  2.9680e-01,  2.9322e-02, -2.9974e-01,  3.5686e-01,
          1.4598e-01, -4.8334e-01,  4.1733e-01]], dtype=torch.float64)
----------------------------------------
dof_pos:
tensor([[-7.7831e-02,  6.4784e-02,  3.3323e-02,  3.1833e-01,  7.7658e-03,
         -2.0314e-01, -1.1624e-01, -5.0324e-02, -5.4172e-02,  3.0808e-01,
          2.6427e-01,  1.0647e-01,  1.9770e-02, -5.4210e-02,  2.6988e-03,
         -1.0992e-01,  5.4457e-01, -2.2226e-01,  9.9508e-02, -4.8379e-01,
         -1.8121e+00,  4.9926e-01,  1.0210e+00,  0.0000e+00,  0.0000e+00,
          0.0000e+00,  0.0000e+00,  0.0000e+00,  0.0000e+00,  0.0000e+00,
          0.0000e+00,  7.9400e-01, -4.6566e-10,  6.4452e-02, -1.0273e-01,
          2.5991e-02,  1.3551e-01, -4.3773e-01, -4.5449e-02,  1.4780e-01,
         -7.2885e-01, -1.3970e-09, -6.4452e-02, -1.0273e-01,  3.8954e-02,
         -1.2953e-01, -4.3679e-01, -1.8034e-02, -1.3526e-01, -7.3128e-01,
         -1.5824e-03,  1.1349e-01,  2.8594e-01,  3.1657e-02,  2.4262e-01,
          1.2285e-01,  2.5447e-01,  2.1753e-01,  9.6420e-02,  2.3741e-03,
         -8.6608e-02,  2.9680e-01,  2.9322e-02, -2.9974e-01,  3.5686e-01,
          1.4598e-01, -4.8334e-01,  4.1733e-01]], dtype=torch.float64)
local_key_body_pos:
tensor([[-7.7831e-02,  6.4784e-02,  3.3323e-02,  3.1833e-01,  7.7658e-03,
         -2.0314e-01, -1.1624e-01, -5.0324e-02, -5.4172e-02,  3.0808e-01,
          2.6427e-01,  1.0647e-01,  1.9770e-02, -5.4210e-02,  2.6988e-03,
         -1.0992e-01,  5.4457e-01, -2.2226e-01,  9.9508e-02, -4.8379e-01,
         -1.8121e+00,  4.9926e-01,  1.0210e+00,  0.0000e+00,  0.0000e+00,
          0.0000e+00,  0.0000e+00,  0.0000e+00,  0.0000e+00,  0.0000e+00,
          0.0000e+00,  7.9400e-01, -4.6566e-10,  6.4452e-02, -1.0273e-01,
          2.5991e-02,  1.3551e-01, -4.3773e-01, -4.5449e-02,  1.4780e-01,
         -7.2885e-01, -1.3970e-09, -6.4452e-02, -1.0273e-01,  3.8954e-02,
         -1.2953e-01, -4.3679e-01, -1.8034e-02, -1.3526e-01, -7.3128e-01,
         -1.5824e-03,  1.1349e-01,  2.8594e-01,  3.1657e-02,  2.4262e-01,
          1.2285e-01,  2.5447e-01,  2.1753e-01,  9.6420e-02,  2.3741e-03,
         -8.6608e-02,  2.9680e-01,  2.9322e-02, -2.9974e-01,  3.5686e-01,
          1.4598e-01, -4.8334e-01,  4.1733e-01]], dtype=torch.float64)
----------------------------------------
dof_pos:
tensor([[-7.7831e-02,  6.4784e-02,  3.3323e-02,  3.1833e-01,  7.7658e-03,
         -2.0314e-01, -1.1624e-01, -5.0324e-02, -5.4172e-02,  3.0808e-01,
          2.6427e-01,  1.0647e-01,  1.9770e-02, -5.4210e-02,  2.6988e-03,
         -1.0992e-01,  5.4457e-01, -2.2226e-01,  9.9508e-02, -4.8379e-01,
         -1.8121e+00,  4.9926e-01,  1.0210e+00,  0.0000e+00,  0.0000e+00,
          0.0000e+00,  0.0000e+00,  0.0000e+00,  0.0000e+00,  0.0000e+00,
          0.0000e+00,  7.9400e-01, -4.6566e-10,  6.4452e-02, -1.0273e-01,
          2.5991e-02,  1.3551e-01, -4.3773e-01, -4.5449e-02,  1.4780e-01,
         -7.2885e-01, -1.3970e-09, -6.4452e-02, -1.0273e-01,  3.8954e-02,
         -1.2953e-01, -4.3679e-01, -1.8034e-02, -1.3526e-01, -7.3128e-01,
         -1.5824e-03,  1.1349e-01,  2.8594e-01,  3.1657e-02,  2.4262e-01,
          1.2285e-01,  2.5447e-01,  2.1753e-01,  9.6420e-02,  2.3741e-03,
         -8.6608e-02,  2.9680e-01,  2.9322e-02, -2.9974e-01,  3.5686e-01,
          1.4598e-01, -4.8334e-01,  4.1733e-01]], dtype=torch.float64)
local_key_body_pos:
tensor([[-7.7831e-02,  6.4784e-02,  3.3323e-02,  3.1833e-01,  7.7658e-03,
         -2.0314e-01, -1.1624e-01, -5.0324e-02, -5.4172e-02,  3.0808e-01,
          2.6427e-01,  1.0647e-01,  1.9770e-02, -5.4210e-02,  2.6988e-03,
         -1.0992e-01,  5.4457e-01, -2.2226e-01,  9.9508e-02, -4.8379e-01,
         -1.8121e+00,  4.9926e-01,  1.0210e+00,  0.0000e+00,  0.0000e+00,
          0.0000e+00,  0.0000e+00,  0.0000e+00,  0.0000e+00,  0.0000e+00,
          0.0000e+00,  7.9400e-01, -4.6566e-10,  6.4452e-02, -1.0273e-01,
          2.5991e-02,  1.3551e-01, -4.3773e-01, -4.5449e-02,  1.4780e-01,
         -7.2885e-01, -1.3970e-09, -6.4452e-02, -1.0273e-01,  3.8954e-02,
         -1.2953e-01, -4.3679e-01, -1.8034e-02, -1.3526e-01, -7.3128e-01,
         -1.5824e-03,  1.1349e-01,  2.8594e-01,  3.1657e-02,  2.4262e-01,
          1.2285e-01,  2.5447e-01,  2.1753e-01,  9.6420e-02,  2.3741e-03,
         -8.6608e-02,  2.9680e-01,  2.9322e-02, -2.9974e-01,  3.5686e-01,
          1.4598e-01, -4.8334e-01,  4.1733e-01]], dtype=torch.float64)
----------------------------------------
dof_pos:
tensor([[-7.7831e-02,  6.4784e-02,  3.3323e-02,  3.1833e-01,  7.7658e-03,
         -2.0314e-01, -1.1624e-01, -5.0324e-02, -5.4172e-02,  3.0808e-01,
          2.6427e-01,  1.0647e-01,  1.9770e-02, -5.4210e-02,  2.6988e-03,
         -1.0992e-01,  5.4457e-01, -2.2226e-01,  9.9508e-02, -4.8379e-01,
         -1.8121e+00,  4.9926e-01,  1.0210e+00,  0.0000e+00,  0.0000e+00,
          0.0000e+00,  0.0000e+00,  0.0000e+00,  0.0000e+00,  0.0000e+00,
          0.0000e+00,  7.9400e-01, -4.6566e-10,  6.4452e-02, -1.0273e-01,
          2.5991e-02,  1.3551e-01, -4.3773e-01, -4.5449e-02,  1.4780e-01,
         -7.2885e-01, -1.3970e-09, -6.4452e-02, -1.0273e-01,  3.8954e-02,
         -1.2953e-01, -4.3679e-01, -1.8034e-02, -1.3526e-01, -7.3128e-01,
         -1.5824e-03,  1.1349e-01,  2.8594e-01,  3.1657e-02,  2.4262e-01,
          1.2285e-01,  2.5447e-01,  2.1753e-01,  9.6420e-02,  2.3741e-03,
         -8.6608e-02,  2.9680e-01,  2.9322e-02, -2.9974e-01,  3.5686e-01,
          1.4598e-01, -4.8334e-01,  4.1733e-01]], dtype=torch.float64)
local_key_body_pos:
tensor([[-7.7831e-02,  6.4784e-02,  3.3323e-02,  3.1833e-01,  7.7658e-03,
         -2.0314e-01, -1.1624e-01, -5.0324e-02, -5.4172e-02,  3.0808e-01,
          2.6427e-01,  1.0647e-01,  1.9770e-02, -5.4210e-02,  2.6988e-03,
         -1.0992e-01,  5.4457e-01, -2.2226e-01,  9.9508e-02, -4.8379e-01,
         -1.8121e+00,  4.9926e-01,  1.0210e+00,  0.0000e+00,  0.0000e+00,
          0.0000e+00,  0.0000e+00,  0.0000e+00,  0.0000e+00,  0.0000e+00,
          0.0000e+00,  7.9400e-01, -4.6566e-10,  6.4452e-02, -1.0273e-01,
          2.5991e-02,  1.3551e-01, -4.3773e-01, -4.5449e-02,  1.4780e-01,
         -7.2885e-01, -1.3970e-09, -6.4452e-02, -1.0273e-01,  3.8954e-02,
         -1.2953e-01, -4.3679e-01, -1.8034e-02, -1.3526e-01, -7.3128e-01,
         -1.5824e-03,  1.1349e-01,  2.8594e-01,  3.1657e-02,  2.4262e-01,
          1.2285e-01,  2.5447e-01,  2.1753e-01,  9.6420e-02,  2.3741e-03,
         -8.6608e-02,  2.9680e-01,  2.9322e-02, -2.9974e-01,  3.5686e-01,
          1.4598e-01, -4.8334e-01,  4.1733e-01]], dtype=torch.float64)
----------------------------------------
dof_pos:
tensor([[-8.7800e-02,  5.8451e-02,  3.0482e-02,  3.3070e-01, -1.3392e-02,
         -2.0615e-01, -1.1343e-01, -5.8077e-02, -5.5774e-02,  3.0719e-01,
          2.5486e-01,  1.2392e-01,  1.7789e-02, -5.6261e-02,  4.0384e-03,
         -1.4371e-01,  5.3931e-01, -2.4750e-01,  1.0392e-01, -5.0853e-01,
         -1.8619e+00,  5.0859e-01,  1.0086e+00,  0.0000e+00,  0.0000e+00,
          0.0000e+00,  0.0000e+00,  0.0000e+00,  0.0000e+00,  0.0000e+00,
          0.0000e+00,  7.9400e-01, -4.6566e-10,  6.4452e-02, -1.0273e-01,
          2.5991e-02,  1.3551e-01, -4.3773e-01, -4.5449e-02,  1.4780e-01,
         -7.2885e-01, -1.3970e-09, -6.4452e-02, -1.0273e-01,  3.8954e-02,
         -1.2953e-01, -4.3679e-01, -1.8034e-02, -1.3526e-01, -7.3128e-01,
         -1.5824e-03,  1.1349e-01,  2.8594e-01,  3.1657e-02,  2.4262e-01,
          1.2285e-01,  2.5447e-01,  2.1753e-01,  9.6420e-02,  2.3741e-03,
         -8.6608e-02,  2.9680e-01,  2.9322e-02, -2.9974e-01,  3.5686e-01,
          1.4598e-01, -4.8334e-01,  4.1733e-01]], dtype=torch.float64)
local_key_body_pos:
tensor([[-8.7800e-02,  5.8451e-02,  3.0482e-02,  3.3070e-01, -1.3392e-02,
         -2.0615e-01, -1.1343e-01, -5.8077e-02, -5.5774e-02,  3.0719e-01,
          2.5486e-01,  1.2392e-01,  1.7789e-02, -5.6261e-02,  4.0384e-03,
         -1.4371e-01,  5.3931e-01, -2.4750e-01,  1.0392e-01, -5.0853e-01,
         -1.8619e+00,  5.0859e-01,  1.0086e+00,  0.0000e+00,  0.0000e+00,
          0.0000e+00,  0.0000e+00,  0.0000e+00,  0.0000e+00,  0.0000e+00,
          0.0000e+00,  7.9400e-01, -4.6566e-10,  6.4452e-02, -1.0273e-01,
          2.5991e-02,  1.3551e-01, -4.3773e-01, -4.5449e-02,  1.4780e-01,
         -7.2885e-01, -1.3970e-09, -6.4452e-02, -1.0273e-01,  3.8954e-02,
         -1.2953e-01, -4.3679e-01, -1.8034e-02, -1.3526e-01, -7.3128e-01,
         -1.5824e-03,  1.1349e-01,  2.8594e-01,  3.1657e-02,  2.4262e-01,
          1.2285e-01,  2.5447e-01,  2.1753e-01,  9.6420e-02,  2.3741e-03,
         -8.6608e-02,  2.9680e-01,  2.9322e-02, -2.9974e-01,  3.5686e-01,
          1.4598e-01, -4.8334e-01,  4.1733e-01]], dtype=torch.float64)
----------------------------------------
dof_pos:
tensor([[-8.7800e-02,  5.8451e-02,  3.0482e-02,  3.3070e-01, -1.3392e-02,
         -2.0615e-01, -1.1343e-01, -5.8077e-02, -5.5774e-02,  3.0719e-01,
          2.5486e-01,  1.2392e-01,  1.7789e-02, -5.6261e-02,  4.0384e-03,
         -1.4371e-01,  5.3931e-01, -2.4750e-01,  1.0392e-01, -5.0853e-01,
         -1.8619e+00,  5.0859e-01,  1.0086e+00,  0.0000e+00,  0.0000e+00,
          0.0000e+00,  0.0000e+00,  0.0000e+00,  0.0000e+00,  0.0000e+00,
          0.0000e+00,  7.9400e-01,  0.0000e+00,  6.4452e-02, -1.0273e-01,
          2.9354e-02,  1.3383e-01, -4.3755e-01, -4.2784e-02,  1.4464e-01,
         -7.2856e-01, -1.8626e-09, -6.4452e-02, -1.0273e-01,  3.7990e-02,
         -1.3174e-01, -4.3680e-01, -1.9562e-02, -1.3933e-01, -7.3114e-01,
         -1.0346e-03,  1.1399e-01,  2.8570e-01,  3.8561e-02,  2.4134e-01,
          1.2292e-01,  2.6091e-01,  2.0945e-01,  1.0013e-01,  2.5252e-03,
         -8.6088e-02,  2.9698e-01,  2.4966e-02, -2.9664e-01,  3.6545e-01,
          1.3911e-01, -4.7809e-01,  4.3630e-01]], dtype=torch.float64)
local_key_body_pos:
tensor([[-8.7800e-02,  5.8451e-02,  3.0482e-02,  3.3070e-01, -1.3392e-02,
         -2.0615e-01, -1.1343e-01, -5.8077e-02, -5.5774e-02,  3.0719e-01,
          2.5486e-01,  1.2392e-01,  1.7789e-02, -5.6261e-02,  4.0384e-03,
         -1.4371e-01,  5.3931e-01, -2.4750e-01,  1.0392e-01, -5.0853e-01,
         -1.8619e+00,  5.0859e-01,  1.0086e+00,  0.0000e+00,  0.0000e+00,
          0.0000e+00,  0.0000e+00,  0.0000e+00,  0.0000e+00,  0.0000e+00,
          0.0000e+00,  7.9400e-01,  0.0000e+00,  6.4452e-02, -1.0273e-01,
          2.9354e-02,  1.3383e-01, -4.3755e-01, -4.2784e-02,  1.4464e-01,
         -7.2856e-01, -1.8626e-09, -6.4452e-02, -1.0273e-01,  3.7990e-02,
         -1.3174e-01, -4.3680e-01, -1.9562e-02, -1.3933e-01, -7.3114e-01,
         -1.0346e-03,  1.1399e-01,  2.8570e-01,  3.8561e-02,  2.4134e-01,
          1.2292e-01,  2.6091e-01,  2.0945e-01,  1.0013e-01,  2.5252e-03,
         -8.6088e-02,  2.9698e-01,  2.4966e-02, -2.9664e-01,  3.6545e-01,
          1.3911e-01, -4.7809e-01,  4.3630e-01]], dtype=torch.float64)
----------------------------------------
dof_pos:
tensor([[-8.7800e-02,  5.8451e-02,  3.0482e-02,  3.3070e-01, -1.3392e-02,
         -2.0615e-01, -1.1343e-01, -5.8077e-02, -5.5774e-02,  3.0719e-01,
          2.5486e-01,  1.2392e-01,  1.7789e-02, -5.6261e-02,  4.0384e-03,
         -1.4371e-01,  5.3931e-01, -2.4750e-01,  1.0392e-01, -5.0853e-01,
         -1.8619e+00,  5.0859e-01,  1.0086e+00,  0.0000e+00,  0.0000e+00,
          0.0000e+00,  0.0000e+00,  0.0000e+00,  0.0000e+00,  0.0000e+00,
          0.0000e+00,  7.9400e-01,  0.0000e+00,  6.4452e-02, -1.0273e-01,
          2.9354e-02,  1.3383e-01, -4.3755e-01, -4.2784e-02,  1.4464e-01,
         -7.2856e-01, -1.8626e-09, -6.4452e-02, -1.0273e-01,  3.7990e-02,
         -1.3174e-01, -4.3680e-01, -1.9562e-02, -1.3933e-01, -7.3114e-01,
         -1.0346e-03,  1.1399e-01,  2.8570e-01,  3.8561e-02,  2.4134e-01,
          1.2292e-01,  2.6091e-01,  2.0945e-01,  1.0013e-01,  2.5252e-03,
         -8.6088e-02,  2.9698e-01,  2.4966e-02, -2.9664e-01,  3.6545e-01,
          1.3911e-01, -4.7809e-01,  4.3630e-01]], dtype=torch.float64)
local_key_body_pos:
tensor([[-8.7800e-02,  5.8451e-02,  3.0482e-02,  3.3070e-01, -1.3392e-02,
         -2.0615e-01, -1.1343e-01, -5.8077e-02, -5.5774e-02,  3.0719e-01,
          2.5486e-01,  1.2392e-01,  1.7789e-02, -5.6261e-02,  4.0384e-03,
         -1.4371e-01,  5.3931e-01, -2.4750e-01,  1.0392e-01, -5.0853e-01,
         -1.8619e+00,  5.0859e-01,  1.0086e+00,  0.0000e+00,  0.0000e+00,
          0.0000e+00,  0.0000e+00,  0.0000e+00,  0.0000e+00,  0.0000e+00,
          0.0000e+00,  7.9400e-01,  0.0000e+00,  6.4452e-02, -1.0273e-01,
          2.9354e-02,  1.3383e-01, -4.3755e-01, -4.2784e-02,  1.4464e-01,
         -7.2856e-01, -1.8626e-09, -6.4452e-02, -1.0273e-01,  3.7990e-02,
         -1.3174e-01, -4.3680e-01, -1.9562e-02, -1.3933e-01, -7.3114e-01,
         -1.0346e-03,  1.1399e-01,  2.8570e-01,  3.8561e-02,  2.4134e-01,
          1.2292e-01,  2.6091e-01,  2.0945e-01,  1.0013e-01,  2.5252e-03,
         -8.6088e-02,  2.9698e-01,  2.4966e-02, -2.9664e-01,  3.6545e-01,
          1.3911e-01, -4.7809e-01,  4.3630e-01]], dtype=torch.float64)
----------------------------------------
dof_pos:
tensor([[-8.7800e-02,  5.8451e-02,  3.0482e-02,  3.3070e-01, -1.3392e-02,
         -2.0615e-01, -1.1343e-01, -5.8077e-02, -5.5774e-02,  3.0719e-01,
          2.5486e-01,  1.2392e-01,  1.7789e-02, -5.6261e-02,  4.0384e-03,
         -1.4371e-01,  5.3931e-01, -2.4750e-01,  1.0392e-01, -5.0853e-01,
         -1.8619e+00,  5.0859e-01,  1.0086e+00,  0.0000e+00,  0.0000e+00,
          0.0000e+00,  0.0000e+00,  0.0000e+00,  0.0000e+00,  0.0000e+00,
          0.0000e+00,  7.9400e-01,  0.0000e+00,  6.4452e-02, -1.0273e-01,
          2.9354e-02,  1.3383e-01, -4.3755e-01, -4.2784e-02,  1.4464e-01,
         -7.2856e-01, -1.8626e-09, -6.4452e-02, -1.0273e-01,  3.7990e-02,
         -1.3174e-01, -4.3680e-01, -1.9562e-02, -1.3933e-01, -7.3114e-01,
         -1.0346e-03,  1.1399e-01,  2.8570e-01,  3.8561e-02,  2.4134e-01,
          1.2292e-01,  2.6091e-01,  2.0945e-01,  1.0013e-01,  2.5252e-03,
         -8.6088e-02,  2.9698e-01,  2.4966e-02, -2.9664e-01,  3.6545e-01,
          1.3911e-01, -4.7809e-01,  4.3630e-01]], dtype=torch.float64)
local_key_body_pos:
tensor([[-8.7800e-02,  5.8451e-02,  3.0482e-02,  3.3070e-01, -1.3392e-02,
         -2.0615e-01, -1.1343e-01, -5.8077e-02, -5.5774e-02,  3.0719e-01,
          2.5486e-01,  1.2392e-01,  1.7789e-02, -5.6261e-02,  4.0384e-03,
         -1.4371e-01,  5.3931e-01, -2.4750e-01,  1.0392e-01, -5.0853e-01,
         -1.8619e+00,  5.0859e-01,  1.0086e+00,  0.0000e+00,  0.0000e+00,
          0.0000e+00,  0.0000e+00,  0.0000e+00,  0.0000e+00,  0.0000e+00,
          0.0000e+00,  7.9400e-01,  0.0000e+00,  6.4452e-02, -1.0273e-01,
          2.9354e-02,  1.3383e-01, -4.3755e-01, -4.2784e-02,  1.4464e-01,
         -7.2856e-01, -1.8626e-09, -6.4452e-02, -1.0273e-01,  3.7990e-02,
         -1.3174e-01, -4.3680e-01, -1.9562e-02, -1.3933e-01, -7.3114e-01,
         -1.0346e-03,  1.1399e-01,  2.8570e-01,  3.8561e-02,  2.4134e-01,
          1.2292e-01,  2.6091e-01,  2.0945e-01,  1.0013e-01,  2.5252e-03,
         -8.6088e-02,  2.9698e-01,  2.4966e-02, -2.9664e-01,  3.6545e-01,
          1.3911e-01, -4.7809e-01,  4.3630e-01]], dtype=torch.float64)
----------------------------------------
dof_pos:
tensor([[-8.7800e-02,  5.8451e-02,  3.0482e-02,  3.3070e-01, -1.3392e-02,
         -2.0615e-01, -1.1343e-01, -5.8077e-02, -5.5774e-02,  3.0719e-01,
          2.5486e-01,  1.2392e-01,  1.7789e-02, -5.6261e-02,  4.0384e-03,
         -1.4371e-01,  5.3931e-01, -2.4750e-01,  1.0392e-01, -5.0853e-01,
         -1.8619e+00,  5.0859e-01,  1.0086e+00,  0.0000e+00,  0.0000e+00,
          0.0000e+00,  0.0000e+00,  0.0000e+00,  0.0000e+00,  0.0000e+00,
          0.0000e+00,  7.9400e-01,  0.0000e+00,  6.4452e-02, -1.0273e-01,
          2.9354e-02,  1.3383e-01, -4.3755e-01, -4.2784e-02,  1.4464e-01,
         -7.2856e-01, -1.8626e-09, -6.4452e-02, -1.0273e-01,  3.7990e-02,
         -1.3174e-01, -4.3680e-01, -1.9562e-02, -1.3933e-01, -7.3114e-01,
         -1.0346e-03,  1.1399e-01,  2.8570e-01,  3.8561e-02,  2.4134e-01,
          1.2292e-01,  2.6091e-01,  2.0945e-01,  1.0013e-01,  2.5252e-03,
         -8.6088e-02,  2.9698e-01,  2.4966e-02, -2.9664e-01,  3.6545e-01,
          1.3911e-01, -4.7809e-01,  4.3630e-01]], dtype=torch.float64)
local_key_body_pos:
tensor([[-8.7800e-02,  5.8451e-02,  3.0482e-02,  3.3070e-01, -1.3392e-02,
         -2.0615e-01, -1.1343e-01, -5.8077e-02, -5.5774e-02,  3.0719e-01,
          2.5486e-01,  1.2392e-01,  1.7789e-02, -5.6261e-02,  4.0384e-03,
         -1.4371e-01,  5.3931e-01, -2.4750e-01,  1.0392e-01, -5.0853e-01,
         -1.8619e+00,  5.0859e-01,  1.0086e+00,  0.0000e+00,  0.0000e+00,
          0.0000e+00,  0.0000e+00,  0.0000e+00,  0.0000e+00,  0.0000e+00,
          0.0000e+00,  7.9400e-01,  0.0000e+00,  6.4452e-02, -1.0273e-01,
          2.9354e-02,  1.3383e-01, -4.3755e-01, -4.2784e-02,  1.4464e-01,
         -7.2856e-01, -1.8626e-09, -6.4452e-02, -1.0273e-01,  3.7990e-02,
         -1.3174e-01, -4.3680e-01, -1.9562e-02, -1.3933e-01, -7.3114e-01,
         -1.0346e-03,  1.1399e-01,  2.8570e-01,  3.8561e-02,  2.4134e-01,
          1.2292e-01,  2.6091e-01,  2.0945e-01,  1.0013e-01,  2.5252e-03,
         -8.6088e-02,  2.9698e-01,  2.4966e-02, -2.9664e-01,  3.6545e-01,
          1.3911e-01, -4.7809e-01,  4.3630e-01]], dtype=torch.float64)
----------------------------------------
dof_pos:
tensor([[-8.7800e-02,  5.8451e-02,  3.0482e-02,  3.3070e-01, -1.3392e-02,
         -2.0615e-01, -1.1343e-01, -5.8077e-02, -5.5774e-02,  3.0719e-01,
          2.5486e-01,  1.2392e-01,  1.7789e-02, -5.6261e-02,  4.0384e-03,
         -1.4371e-01,  5.3931e-01, -2.4750e-01,  1.0392e-01, -5.0853e-01,
         -1.8619e+00,  5.0859e-01,  1.0086e+00,  0.0000e+00,  0.0000e+00,
          0.0000e+00,  0.0000e+00,  0.0000e+00,  0.0000e+00,  0.0000e+00,
          0.0000e+00,  7.9400e-01,  0.0000e+00,  6.4452e-02, -1.0273e-01,
          2.9354e-02,  1.3383e-01, -4.3755e-01, -4.2784e-02,  1.4464e-01,
         -7.2856e-01, -1.8626e-09, -6.4452e-02, -1.0273e-01,  3.7990e-02,
         -1.3174e-01, -4.3680e-01, -1.9562e-02, -1.3933e-01, -7.3114e-01,
         -1.0346e-03,  1.1399e-01,  2.8570e-01,  3.8561e-02,  2.4134e-01,
          1.2292e-01,  2.6091e-01,  2.0945e-01,  1.0013e-01,  2.5252e-03,
         -8.6088e-02,  2.9698e-01,  2.4966e-02, -2.9664e-01,  3.6545e-01,
          1.3911e-01, -4.7809e-01,  4.3630e-01]], dtype=torch.float64)
local_key_body_pos:
tensor([[-8.7800e-02,  5.8451e-02,  3.0482e-02,  3.3070e-01, -1.3392e-02,
         -2.0615e-01, -1.1343e-01, -5.8077e-02, -5.5774e-02,  3.0719e-01,
          2.5486e-01,  1.2392e-01,  1.7789e-02, -5.6261e-02,  4.0384e-03,
         -1.4371e-01,  5.3931e-01, -2.4750e-01,  1.0392e-01, -5.0853e-01,
         -1.8619e+00,  5.0859e-01,  1.0086e+00,  0.0000e+00,  0.0000e+00,
          0.0000e+00,  0.0000e+00,  0.0000e+00,  0.0000e+00,  0.0000e+00,
          0.0000e+00,  7.9400e-01,  0.0000e+00,  6.4452e-02, -1.0273e-01,
          2.9354e-02,  1.3383e-01, -4.3755e-01, -4.2784e-02,  1.4464e-01,
         -7.2856e-01, -1.8626e-09, -6.4452e-02, -1.0273e-01,  3.7990e-02,
         -1.3174e-01, -4.3680e-01, -1.9562e-02, -1.3933e-01, -7.3114e-01,
         -1.0346e-03,  1.1399e-01,  2.8570e-01,  3.8561e-02,  2.4134e-01,
          1.2292e-01,  2.6091e-01,  2.0945e-01,  1.0013e-01,  2.5252e-03,
         -8.6088e-02,  2.9698e-01,  2.4966e-02, -2.9664e-01,  3.6545e-01,
          1.3911e-01, -4.7809e-01,  4.3630e-01]], dtype=torch.float64)
----------------------------------------
dof_pos:
tensor([[-8.7800e-02,  5.8451e-02,  3.0482e-02,  3.3070e-01, -1.3392e-02,
         -2.0615e-01, -1.1343e-01, -5.8077e-02, -5.5774e-02,  3.0719e-01,
          2.5486e-01,  1.2392e-01,  1.7789e-02, -5.6261e-02,  4.0384e-03,
         -1.4371e-01,  5.3931e-01, -2.4750e-01,  1.0392e-01, -5.0853e-01,
         -1.8619e+00,  5.0859e-01,  1.0086e+00,  0.0000e+00,  0.0000e+00,
          0.0000e+00,  0.0000e+00,  0.0000e+00,  0.0000e+00,  0.0000e+00,
          0.0000e+00,  7.9400e-01,  0.0000e+00,  6.4452e-02, -1.0273e-01,
          2.9354e-02,  1.3383e-01, -4.3755e-01, -4.2784e-02,  1.4464e-01,
         -7.2856e-01, -1.8626e-09, -6.4452e-02, -1.0273e-01,  3.7990e-02,
         -1.3174e-01, -4.3680e-01, -1.9562e-02, -1.3933e-01, -7.3114e-01,
         -1.0346e-03,  1.1399e-01,  2.8570e-01,  3.8561e-02,  2.4134e-01,
          1.2292e-01,  2.6091e-01,  2.0945e-01,  1.0013e-01,  2.5252e-03,
         -8.6088e-02,  2.9698e-01,  2.4966e-02, -2.9664e-01,  3.6545e-01,
          1.3911e-01, -4.7809e-01,  4.3630e-01]], dtype=torch.float64)
local_key_body_pos:
tensor([[-8.7800e-02,  5.8451e-02,  3.0482e-02,  3.3070e-01, -1.3392e-02,
         -2.0615e-01, -1.1343e-01, -5.8077e-02, -5.5774e-02,  3.0719e-01,
          2.5486e-01,  1.2392e-01,  1.7789e-02, -5.6261e-02,  4.0384e-03,
         -1.4371e-01,  5.3931e-01, -2.4750e-01,  1.0392e-01, -5.0853e-01,
         -1.8619e+00,  5.0859e-01,  1.0086e+00,  0.0000e+00,  0.0000e+00,
          0.0000e+00,  0.0000e+00,  0.0000e+00,  0.0000e+00,  0.0000e+00,
          0.0000e+00,  7.9400e-01,  0.0000e+00,  6.4452e-02, -1.0273e-01,
          2.9354e-02,  1.3383e-01, -4.3755e-01, -4.2784e-02,  1.4464e-01,
         -7.2856e-01, -1.8626e-09, -6.4452e-02, -1.0273e-01,  3.7990e-02,
         -1.3174e-01, -4.3680e-01, -1.9562e-02, -1.3933e-01, -7.3114e-01,
         -1.0346e-03,  1.1399e-01,  2.8570e-01,  3.8561e-02,  2.4134e-01,
          1.2292e-01,  2.6091e-01,  2.0945e-01,  1.0013e-01,  2.5252e-03,
         -8.6088e-02,  2.9698e-01,  2.4966e-02, -2.9664e-01,  3.6545e-01,
          1.3911e-01, -4.7809e-01,  4.3630e-01]], dtype=torch.float64)
----------------------------------------
dof_pos:
tensor([[-8.0582e-02,  3.7835e-02,  2.9510e-02,  3.2922e-01,  8.1358e-03,
         -2.1200e-01, -1.0914e-01, -6.0344e-02, -5.6301e-02,  3.0645e-01,
          2.5409e-01,  1.1506e-01,  7.5336e-03, -6.3177e-02,  1.2111e-03,
         -1.3349e-01,  5.3908e-01, -2.2449e-01,  1.2597e-01, -5.2958e-01,
         -1.8628e+00,  5.2931e-01,  1.0107e+00,  0.0000e+00,  0.0000e+00,
          0.0000e+00,  0.0000e+00,  0.0000e+00,  0.0000e+00,  0.0000e+00,
          0.0000e+00,  7.9400e-01,  0.0000e+00,  6.4452e-02, -1.0273e-01,
          2.9354e-02,  1.3383e-01, -4.3755e-01, -4.2784e-02,  1.4464e-01,
         -7.2856e-01, -1.8626e-09, -6.4452e-02, -1.0273e-01,  3.7990e-02,
         -1.3174e-01, -4.3680e-01, -1.9562e-02, -1.3933e-01, -7.3114e-01,
         -1.0346e-03,  1.1399e-01,  2.8570e-01,  3.8561e-02,  2.4134e-01,
          1.2292e-01,  2.6091e-01,  2.0945e-01,  1.0013e-01,  2.5252e-03,
         -8.6088e-02,  2.9698e-01,  2.4966e-02, -2.9664e-01,  3.6545e-01,
          1.3911e-01, -4.7809e-01,  4.3630e-01]], dtype=torch.float64)
local_key_body_pos:
tensor([[-8.0582e-02,  3.7835e-02,  2.9510e-02,  3.2922e-01,  8.1358e-03,
         -2.1200e-01, -1.0914e-01, -6.0344e-02, -5.6301e-02,  3.0645e-01,
          2.5409e-01,  1.1506e-01,  7.5336e-03, -6.3177e-02,  1.2111e-03,
         -1.3349e-01,  5.3908e-01, -2.2449e-01,  1.2597e-01, -5.2958e-01,
         -1.8628e+00,  5.2931e-01,  1.0107e+00,  0.0000e+00,  0.0000e+00,
          0.0000e+00,  0.0000e+00,  0.0000e+00,  0.0000e+00,  0.0000e+00,
          0.0000e+00,  7.9400e-01,  0.0000e+00,  6.4452e-02, -1.0273e-01,
          2.9354e-02,  1.3383e-01, -4.3755e-01, -4.2784e-02,  1.4464e-01,
         -7.2856e-01, -1.8626e-09, -6.4452e-02, -1.0273e-01,  3.7990e-02,
         -1.3174e-01, -4.3680e-01, -1.9562e-02, -1.3933e-01, -7.3114e-01,
         -1.0346e-03,  1.1399e-01,  2.8570e-01,  3.8561e-02,  2.4134e-01,
          1.2292e-01,  2.6091e-01,  2.0945e-01,  1.0013e-01,  2.5252e-03,
         -8.6088e-02,  2.9698e-01,  2.4966e-02, -2.9664e-01,  3.6545e-01,
          1.3911e-01, -4.7809e-01,  4.3630e-01]], dtype=torch.float64)
----------------------------------------
dof_pos:
tensor([[-8.0582e-02,  3.7835e-02,  2.9510e-02,  3.2922e-01,  8.1358e-03,
         -2.1200e-01, -1.0914e-01, -6.0344e-02, -5.6301e-02,  3.0645e-01,
          2.5409e-01,  1.1506e-01,  7.5336e-03, -6.3177e-02,  1.2111e-03,
         -1.3349e-01,  5.3908e-01, -2.2449e-01,  1.2597e-01, -5.2958e-01,
         -1.8628e+00,  5.2931e-01,  1.0107e+00,  0.0000e+00,  0.0000e+00,
          0.0000e+00,  0.0000e+00,  0.0000e+00,  0.0000e+00,  0.0000e+00,
          0.0000e+00,  7.9400e-01, -9.3132e-10,  6.4452e-02, -1.0273e-01,
          2.7010e-02,  1.2769e-01, -4.3804e-01, -4.6759e-02,  1.3326e-01,
         -7.2878e-01,  4.6566e-10, -6.4452e-02, -1.0273e-01,  3.6549e-02,
         -1.3238e-01, -4.3693e-01, -2.2048e-02, -1.4052e-01, -7.3104e-01,
         -5.7859e-04,  1.1566e-01,  2.8492e-01,  3.8929e-02,  2.4183e-01,
          1.2112e-01,  2.6157e-01,  2.1488e-01,  9.5091e-02,  9.2837e-04,
         -8.4362e-02,  2.9758e-01,  2.1056e-02, -2.9458e-01,  3.6776e-01,
          1.3260e-01, -4.7692e-01,  4.4046e-01]], dtype=torch.float64)
local_key_body_pos:
tensor([[-8.0582e-02,  3.7835e-02,  2.9510e-02,  3.2922e-01,  8.1358e-03,
         -2.1200e-01, -1.0914e-01, -6.0344e-02, -5.6301e-02,  3.0645e-01,
          2.5409e-01,  1.1506e-01,  7.5336e-03, -6.3177e-02,  1.2111e-03,
         -1.3349e-01,  5.3908e-01, -2.2449e-01,  1.2597e-01, -5.2958e-01,
         -1.8628e+00,  5.2931e-01,  1.0107e+00,  0.0000e+00,  0.0000e+00,
          0.0000e+00,  0.0000e+00,  0.0000e+00,  0.0000e+00,  0.0000e+00,
          0.0000e+00,  7.9400e-01, -9.3132e-10,  6.4452e-02, -1.0273e-01,
          2.7010e-02,  1.2769e-01, -4.3804e-01, -4.6759e-02,  1.3326e-01,
         -7.2878e-01,  4.6566e-10, -6.4452e-02, -1.0273e-01,  3.6549e-02,
         -1.3238e-01, -4.3693e-01, -2.2048e-02, -1.4052e-01, -7.3104e-01,
         -5.7859e-04,  1.1566e-01,  2.8492e-01,  3.8929e-02,  2.4183e-01,
          1.2112e-01,  2.6157e-01,  2.1488e-01,  9.5091e-02,  9.2837e-04,
         -8.4362e-02,  2.9758e-01,  2.1056e-02, -2.9458e-01,  3.6776e-01,
          1.3260e-01, -4.7692e-01,  4.4046e-01]], dtype=torch.float64)
----------------------------------------
dof_pos:
tensor([[-8.0582e-02,  3.7835e-02,  2.9510e-02,  3.2922e-01,  8.1358e-03,
         -2.1200e-01, -1.0914e-01, -6.0344e-02, -5.6301e-02,  3.0645e-01,
          2.5409e-01,  1.1506e-01,  7.5336e-03, -6.3177e-02,  1.2111e-03,
         -1.3349e-01,  5.3908e-01, -2.2449e-01,  1.2597e-01, -5.2958e-01,
         -1.8628e+00,  5.2931e-01,  1.0107e+00,  0.0000e+00,  0.0000e+00,
          0.0000e+00,  0.0000e+00,  0.0000e+00,  0.0000e+00,  0.0000e+00,
          0.0000e+00,  7.9400e-01, -9.3132e-10,  6.4452e-02, -1.0273e-01,
          2.7010e-02,  1.2769e-01, -4.3804e-01, -4.6759e-02,  1.3326e-01,
         -7.2878e-01,  4.6566e-10, -6.4452e-02, -1.0273e-01,  3.6549e-02,
         -1.3238e-01, -4.3693e-01, -2.2048e-02, -1.4052e-01, -7.3104e-01,
         -5.7859e-04,  1.1566e-01,  2.8492e-01,  3.8929e-02,  2.4183e-01,
          1.2112e-01,  2.6157e-01,  2.1488e-01,  9.5091e-02,  9.2837e-04,
         -8.4362e-02,  2.9758e-01,  2.1056e-02, -2.9458e-01,  3.6776e-01,
          1.3260e-01, -4.7692e-01,  4.4046e-01]], dtype=torch.float64)
local_key_body_pos:
tensor([[-8.0582e-02,  3.7835e-02,  2.9510e-02,  3.2922e-01,  8.1358e-03,
         -2.1200e-01, -1.0914e-01, -6.0344e-02, -5.6301e-02,  3.0645e-01,
          2.5409e-01,  1.1506e-01,  7.5336e-03, -6.3177e-02,  1.2111e-03,
         -1.3349e-01,  5.3908e-01, -2.2449e-01,  1.2597e-01, -5.2958e-01,
         -1.8628e+00,  5.2931e-01,  1.0107e+00,  0.0000e+00,  0.0000e+00,
          0.0000e+00,  0.0000e+00,  0.0000e+00,  0.0000e+00,  0.0000e+00,
          0.0000e+00,  7.9400e-01, -9.3132e-10,  6.4452e-02, -1.0273e-01,
          2.7010e-02,  1.2769e-01, -4.3804e-01, -4.6759e-02,  1.3326e-01,
         -7.2878e-01,  4.6566e-10, -6.4452e-02, -1.0273e-01,  3.6549e-02,
         -1.3238e-01, -4.3693e-01, -2.2048e-02, -1.4052e-01, -7.3104e-01,
         -5.7859e-04,  1.1566e-01,  2.8492e-01,  3.8929e-02,  2.4183e-01,
          1.2112e-01,  2.6157e-01,  2.1488e-01,  9.5091e-02,  9.2837e-04,
         -8.4362e-02,  2.9758e-01,  2.1056e-02, -2.9458e-01,  3.6776e-01,
          1.3260e-01, -4.7692e-01,  4.4046e-01]], dtype=torch.float64)
----------------------------------------
dof_pos:
tensor([[-8.0582e-02,  3.7835e-02,  2.9510e-02,  3.2922e-01,  8.1358e-03,
         -2.1200e-01, -1.0914e-01, -6.0344e-02, -5.6301e-02,  3.0645e-01,
          2.5409e-01,  1.1506e-01,  7.5336e-03, -6.3177e-02,  1.2111e-03,
         -1.3349e-01,  5.3908e-01, -2.2449e-01,  1.2597e-01, -5.2958e-01,
         -1.8628e+00,  5.2931e-01,  1.0107e+00,  0.0000e+00,  0.0000e+00,
          0.0000e+00,  0.0000e+00,  0.0000e+00,  0.0000e+00,  0.0000e+00,
          0.0000e+00,  7.9400e-01, -9.3132e-10,  6.4452e-02, -1.0273e-01,
          2.7010e-02,  1.2769e-01, -4.3804e-01, -4.6759e-02,  1.3326e-01,
         -7.2878e-01,  4.6566e-10, -6.4452e-02, -1.0273e-01,  3.6549e-02,
         -1.3238e-01, -4.3693e-01, -2.2048e-02, -1.4052e-01, -7.3104e-01,
         -5.7859e-04,  1.1566e-01,  2.8492e-01,  3.8929e-02,  2.4183e-01,
          1.2112e-01,  2.6157e-01,  2.1488e-01,  9.5091e-02,  9.2837e-04,
         -8.4362e-02,  2.9758e-01,  2.1056e-02, -2.9458e-01,  3.6776e-01,
          1.3260e-01, -4.7692e-01,  4.4046e-01]], dtype=torch.float64)
local_key_body_pos:
tensor([[-8.0582e-02,  3.7835e-02,  2.9510e-02,  3.2922e-01,  8.1358e-03,
         -2.1200e-01, -1.0914e-01, -6.0344e-02, -5.6301e-02,  3.0645e-01,
          2.5409e-01,  1.1506e-01,  7.5336e-03, -6.3177e-02,  1.2111e-03,
         -1.3349e-01,  5.3908e-01, -2.2449e-01,  1.2597e-01, -5.2958e-01,
         -1.8628e+00,  5.2931e-01,  1.0107e+00,  0.0000e+00,  0.0000e+00,
          0.0000e+00,  0.0000e+00,  0.0000e+00,  0.0000e+00,  0.0000e+00,
          0.0000e+00,  7.9400e-01, -9.3132e-10,  6.4452e-02, -1.0273e-01,
          2.7010e-02,  1.2769e-01, -4.3804e-01, -4.6759e-02,  1.3326e-01,
         -7.2878e-01,  4.6566e-10, -6.4452e-02, -1.0273e-01,  3.6549e-02,
         -1.3238e-01, -4.3693e-01, -2.2048e-02, -1.4052e-01, -7.3104e-01,
         -5.7859e-04,  1.1566e-01,  2.8492e-01,  3.8929e-02,  2.4183e-01,
          1.2112e-01,  2.6157e-01,  2.1488e-01,  9.5091e-02,  9.2837e-04,
         -8.4362e-02,  2.9758e-01,  2.1056e-02, -2.9458e-01,  3.6776e-01,
          1.3260e-01, -4.7692e-01,  4.4046e-01]], dtype=torch.float64)
----------------------------------------
dof_pos:
tensor([[-8.0582e-02,  3.7835e-02,  2.9510e-02,  3.2922e-01,  8.1358e-03,
         -2.1200e-01, -1.0914e-01, -6.0344e-02, -5.6301e-02,  3.0645e-01,
          2.5409e-01,  1.1506e-01,  7.5336e-03, -6.3177e-02,  1.2111e-03,
         -1.3349e-01,  5.3908e-01, -2.2449e-01,  1.2597e-01, -5.2958e-01,
         -1.8628e+00,  5.2931e-01,  1.0107e+00,  0.0000e+00,  0.0000e+00,
          0.0000e+00,  0.0000e+00,  0.0000e+00,  0.0000e+00,  0.0000e+00,
          0.0000e+00,  7.9400e-01, -9.3132e-10,  6.4452e-02, -1.0273e-01,
          2.7010e-02,  1.2769e-01, -4.3804e-01, -4.6759e-02,  1.3326e-01,
         -7.2878e-01,  4.6566e-10, -6.4452e-02, -1.0273e-01,  3.6549e-02,
         -1.3238e-01, -4.3693e-01, -2.2048e-02, -1.4052e-01, -7.3104e-01,
         -5.7859e-04,  1.1566e-01,  2.8492e-01,  3.8929e-02,  2.4183e-01,
          1.2112e-01,  2.6157e-01,  2.1488e-01,  9.5091e-02,  9.2837e-04,
         -8.4362e-02,  2.9758e-01,  2.1056e-02, -2.9458e-01,  3.6776e-01,
          1.3260e-01, -4.7692e-01,  4.4046e-01]], dtype=torch.float64)
local_key_body_pos:
tensor([[-8.0582e-02,  3.7835e-02,  2.9510e-02,  3.2922e-01,  8.1358e-03,
         -2.1200e-01, -1.0914e-01, -6.0344e-02, -5.6301e-02,  3.0645e-01,
          2.5409e-01,  1.1506e-01,  7.5336e-03, -6.3177e-02,  1.2111e-03,
         -1.3349e-01,  5.3908e-01, -2.2449e-01,  1.2597e-01, -5.2958e-01,
         -1.8628e+00,  5.2931e-01,  1.0107e+00,  0.0000e+00,  0.0000e+00,
          0.0000e+00,  0.0000e+00,  0.0000e+00,  0.0000e+00,  0.0000e+00,
          0.0000e+00,  7.9400e-01, -9.3132e-10,  6.4452e-02, -1.0273e-01,
          2.7010e-02,  1.2769e-01, -4.3804e-01, -4.6759e-02,  1.3326e-01,
         -7.2878e-01,  4.6566e-10, -6.4452e-02, -1.0273e-01,  3.6549e-02,
         -1.3238e-01, -4.3693e-01, -2.2048e-02, -1.4052e-01, -7.3104e-01,
         -5.7859e-04,  1.1566e-01,  2.8492e-01,  3.8929e-02,  2.4183e-01,
          1.2112e-01,  2.6157e-01,  2.1488e-01,  9.5091e-02,  9.2837e-04,
         -8.4362e-02,  2.9758e-01,  2.1056e-02, -2.9458e-01,  3.6776e-01,
          1.3260e-01, -4.7692e-01,  4.4046e-01]], dtype=torch.float64)
----------------------------------------
dof_pos:
tensor([[-8.0582e-02,  3.7835e-02,  2.9510e-02,  3.2922e-01,  8.1358e-03,
         -2.1200e-01, -1.0914e-01, -6.0344e-02, -5.6301e-02,  3.0645e-01,
          2.5409e-01,  1.1506e-01,  7.5336e-03, -6.3177e-02,  1.2111e-03,
         -1.3349e-01,  5.3908e-01, -2.2449e-01,  1.2597e-01, -5.2958e-01,
         -1.8628e+00,  5.2931e-01,  1.0107e+00,  0.0000e+00,  0.0000e+00,
          0.0000e+00,  0.0000e+00,  0.0000e+00,  0.0000e+00,  0.0000e+00,
          0.0000e+00,  7.9400e-01, -9.3132e-10,  6.4452e-02, -1.0273e-01,
          2.7010e-02,  1.2769e-01, -4.3804e-01, -4.6759e-02,  1.3326e-01,
         -7.2878e-01,  4.6566e-10, -6.4452e-02, -1.0273e-01,  3.6549e-02,
         -1.3238e-01, -4.3693e-01, -2.2048e-02, -1.4052e-01, -7.3104e-01,
         -5.7859e-04,  1.1566e-01,  2.8492e-01,  3.8929e-02,  2.4183e-01,
          1.2112e-01,  2.6157e-01,  2.1488e-01,  9.5091e-02,  9.2837e-04,
         -8.4362e-02,  2.9758e-01,  2.1056e-02, -2.9458e-01,  3.6776e-01,
          1.3260e-01, -4.7692e-01,  4.4046e-01]], dtype=torch.float64)
local_key_body_pos:
tensor([[-8.0582e-02,  3.7835e-02,  2.9510e-02,  3.2922e-01,  8.1358e-03,
         -2.1200e-01, -1.0914e-01, -6.0344e-02, -5.6301e-02,  3.0645e-01,
          2.5409e-01,  1.1506e-01,  7.5336e-03, -6.3177e-02,  1.2111e-03,
         -1.3349e-01,  5.3908e-01, -2.2449e-01,  1.2597e-01, -5.2958e-01,
         -1.8628e+00,  5.2931e-01,  1.0107e+00,  0.0000e+00,  0.0000e+00,
          0.0000e+00,  0.0000e+00,  0.0000e+00,  0.0000e+00,  0.0000e+00,
          0.0000e+00,  7.9400e-01, -9.3132e-10,  6.4452e-02, -1.0273e-01,
          2.7010e-02,  1.2769e-01, -4.3804e-01, -4.6759e-02,  1.3326e-01,
         -7.2878e-01,  4.6566e-10, -6.4452e-02, -1.0273e-01,  3.6549e-02,
         -1.3238e-01, -4.3693e-01, -2.2048e-02, -1.4052e-01, -7.3104e-01,
         -5.7859e-04,  1.1566e-01,  2.8492e-01,  3.8929e-02,  2.4183e-01,
          1.2112e-01,  2.6157e-01,  2.1488e-01,  9.5091e-02,  9.2837e-04,
         -8.4362e-02,  2.9758e-01,  2.1056e-02, -2.9458e-01,  3.6776e-01,
          1.3260e-01, -4.7692e-01,  4.4046e-01]], dtype=torch.float64)
----------------------------------------
dof_pos:
tensor([[-8.0582e-02,  3.7835e-02,  2.9510e-02,  3.2922e-01,  8.1358e-03,
         -2.1200e-01, -1.0914e-01, -6.0344e-02, -5.6301e-02,  3.0645e-01,
          2.5409e-01,  1.1506e-01,  7.5336e-03, -6.3177e-02,  1.2111e-03,
         -1.3349e-01,  5.3908e-01, -2.2449e-01,  1.2597e-01, -5.2958e-01,
         -1.8628e+00,  5.2931e-01,  1.0107e+00,  0.0000e+00,  0.0000e+00,
          0.0000e+00,  0.0000e+00,  0.0000e+00,  0.0000e+00,  0.0000e+00,
          0.0000e+00,  7.9400e-01, -9.3132e-10,  6.4452e-02, -1.0273e-01,
          2.7010e-02,  1.2769e-01, -4.3804e-01, -4.6759e-02,  1.3326e-01,
         -7.2878e-01,  4.6566e-10, -6.4452e-02, -1.0273e-01,  3.6549e-02,
         -1.3238e-01, -4.3693e-01, -2.2048e-02, -1.4052e-01, -7.3104e-01,
         -5.7859e-04,  1.1566e-01,  2.8492e-01,  3.8929e-02,  2.4183e-01,
          1.2112e-01,  2.6157e-01,  2.1488e-01,  9.5091e-02,  9.2837e-04,
         -8.4362e-02,  2.9758e-01,  2.1056e-02, -2.9458e-01,  3.6776e-01,
          1.3260e-01, -4.7692e-01,  4.4046e-01]], dtype=torch.float64)
local_key_body_pos:
tensor([[-8.0582e-02,  3.7835e-02,  2.9510e-02,  3.2922e-01,  8.1358e-03,
         -2.1200e-01, -1.0914e-01, -6.0344e-02, -5.6301e-02,  3.0645e-01,
          2.5409e-01,  1.1506e-01,  7.5336e-03, -6.3177e-02,  1.2111e-03,
         -1.3349e-01,  5.3908e-01, -2.2449e-01,  1.2597e-01, -5.2958e-01,
         -1.8628e+00,  5.2931e-01,  1.0107e+00,  0.0000e+00,  0.0000e+00,
          0.0000e+00,  0.0000e+00,  0.0000e+00,  0.0000e+00,  0.0000e+00,
          0.0000e+00,  7.9400e-01, -9.3132e-10,  6.4452e-02, -1.0273e-01,
          2.7010e-02,  1.2769e-01, -4.3804e-01, -4.6759e-02,  1.3326e-01,
         -7.2878e-01,  4.6566e-10, -6.4452e-02, -1.0273e-01,  3.6549e-02,
         -1.3238e-01, -4.3693e-01, -2.2048e-02, -1.4052e-01, -7.3104e-01,
         -5.7859e-04,  1.1566e-01,  2.8492e-01,  3.8929e-02,  2.4183e-01,
          1.2112e-01,  2.6157e-01,  2.1488e-01,  9.5091e-02,  9.2837e-04,
         -8.4362e-02,  2.9758e-01,  2.1056e-02, -2.9458e-01,  3.6776e-01,
          1.3260e-01, -4.7692e-01,  4.4046e-01]], dtype=torch.float64)
----------------------------------------
dof_pos:
tensor([[-8.0582e-02,  3.7835e-02,  2.9510e-02,  3.2922e-01,  8.1358e-03,
         -2.1200e-01, -1.0914e-01, -6.0344e-02, -5.6301e-02,  3.0645e-01,
          2.5409e-01,  1.1506e-01,  7.5336e-03, -6.3177e-02,  1.2111e-03,
         -1.3349e-01,  5.3908e-01, -2.2449e-01,  1.2597e-01, -5.2958e-01,
         -1.8628e+00,  5.2931e-01,  1.0107e+00,  0.0000e+00,  0.0000e+00,
          0.0000e+00,  0.0000e+00,  0.0000e+00,  0.0000e+00,  0.0000e+00,
          0.0000e+00,  7.9400e-01, -9.3132e-10,  6.4452e-02, -1.0273e-01,
          2.7010e-02,  1.2769e-01, -4.3804e-01, -4.6759e-02,  1.3326e-01,
         -7.2878e-01,  4.6566e-10, -6.4452e-02, -1.0273e-01,  3.6549e-02,
         -1.3238e-01, -4.3693e-01, -2.2048e-02, -1.4052e-01, -7.3104e-01,
         -5.7859e-04,  1.1566e-01,  2.8492e-01,  3.8929e-02,  2.4183e-01,
          1.2112e-01,  2.6157e-01,  2.1488e-01,  9.5091e-02,  9.2837e-04,
         -8.4362e-02,  2.9758e-01,  2.1056e-02, -2.9458e-01,  3.6776e-01,
          1.3260e-01, -4.7692e-01,  4.4046e-01]], dtype=torch.float64)
local_key_body_pos:
tensor([[-8.0582e-02,  3.7835e-02,  2.9510e-02,  3.2922e-01,  8.1358e-03,
         -2.1200e-01, -1.0914e-01, -6.0344e-02, -5.6301e-02,  3.0645e-01,
          2.5409e-01,  1.1506e-01,  7.5336e-03, -6.3177e-02,  1.2111e-03,
         -1.3349e-01,  5.3908e-01, -2.2449e-01,  1.2597e-01, -5.2958e-01,
         -1.8628e+00,  5.2931e-01,  1.0107e+00,  0.0000e+00,  0.0000e+00,
          0.0000e+00,  0.0000e+00,  0.0000e+00,  0.0000e+00,  0.0000e+00,
          0.0000e+00,  7.9400e-01, -9.3132e-10,  6.4452e-02, -1.0273e-01,
          2.7010e-02,  1.2769e-01, -4.3804e-01, -4.6759e-02,  1.3326e-01,
         -7.2878e-01,  4.6566e-10, -6.4452e-02, -1.0273e-01,  3.6549e-02,
         -1.3238e-01, -4.3693e-01, -2.2048e-02, -1.4052e-01, -7.3104e-01,
         -5.7859e-04,  1.1566e-01,  2.8492e-01,  3.8929e-02,  2.4183e-01,
          1.2112e-01,  2.6157e-01,  2.1488e-01,  9.5091e-02,  9.2837e-04,
         -8.4362e-02,  2.9758e-01,  2.1056e-02, -2.9458e-01,  3.6776e-01,
          1.3260e-01, -4.7692e-01,  4.4046e-01]], dtype=torch.float64)
----------------------------------------
dof_pos:
tensor([[-8.0582e-02,  3.7835e-02,  2.9510e-02,  3.2922e-01,  8.1358e-03,
         -2.1200e-01, -1.0914e-01, -6.0344e-02, -5.6301e-02,  3.0645e-01,
          2.5409e-01,  1.1506e-01,  7.5336e-03, -6.3177e-02,  1.2111e-03,
         -1.3349e-01,  5.3908e-01, -2.2449e-01,  1.2597e-01, -5.2958e-01,
         -1.8628e+00,  5.2931e-01,  1.0107e+00,  0.0000e+00,  0.0000e+00,
          0.0000e+00,  0.0000e+00,  0.0000e+00,  0.0000e+00,  0.0000e+00,
          0.0000e+00,  7.9400e-01, -9.3132e-10,  6.4452e-02, -1.0273e-01,
          2.7010e-02,  1.2769e-01, -4.3804e-01, -4.6759e-02,  1.3326e-01,
         -7.2878e-01,  4.6566e-10, -6.4452e-02, -1.0273e-01,  3.6549e-02,
         -1.3238e-01, -4.3693e-01, -2.2048e-02, -1.4052e-01, -7.3104e-01,
         -5.7859e-04,  1.1566e-01,  2.8492e-01,  3.8929e-02,  2.4183e-01,
          1.2112e-01,  2.6157e-01,  2.1488e-01,  9.5091e-02,  9.2837e-04,
         -8.4362e-02,  2.9758e-01,  2.1056e-02, -2.9458e-01,  3.6776e-01,
          1.3260e-01, -4.7692e-01,  4.4046e-01]], dtype=torch.float64)
local_key_body_pos:
tensor([[-8.0582e-02,  3.7835e-02,  2.9510e-02,  3.2922e-01,  8.1358e-03,
         -2.1200e-01, -1.0914e-01, -6.0344e-02, -5.6301e-02,  3.0645e-01,
          2.5409e-01,  1.1506e-01,  7.5336e-03, -6.3177e-02,  1.2111e-03,
         -1.3349e-01,  5.3908e-01, -2.2449e-01,  1.2597e-01, -5.2958e-01,
         -1.8628e+00,  5.2931e-01,  1.0107e+00,  0.0000e+00,  0.0000e+00,
          0.0000e+00,  0.0000e+00,  0.0000e+00,  0.0000e+00,  0.0000e+00,
          0.0000e+00,  7.9400e-01, -9.3132e-10,  6.4452e-02, -1.0273e-01,
          2.7010e-02,  1.2769e-01, -4.3804e-01, -4.6759e-02,  1.3326e-01,
         -7.2878e-01,  4.6566e-10, -6.4452e-02, -1.0273e-01,  3.6549e-02,
         -1.3238e-01, -4.3693e-01, -2.2048e-02, -1.4052e-01, -7.3104e-01,
         -5.7859e-04,  1.1566e-01,  2.8492e-01,  3.8929e-02,  2.4183e-01,
          1.2112e-01,  2.6157e-01,  2.1488e-01,  9.5091e-02,  9.2837e-04,
         -8.4362e-02,  2.9758e-01,  2.1056e-02, -2.9458e-01,  3.6776e-01,
          1.3260e-01, -4.7692e-01,  4.4046e-01]], dtype=torch.float64)
----------------------------------------
dof_pos:
tensor([[-8.4021e-02,  5.4095e-02,  3.1127e-02,  3.4000e-01,  8.9740e-04,
         -2.0024e-01, -1.2514e-01, -6.2051e-02, -5.4940e-02,  3.3537e-01,
          2.6588e-01,  9.8533e-02,  1.0941e-02, -6.5822e-02,  4.6814e-03,
         -9.1874e-02,  5.2928e-01, -2.0716e-01,  5.3641e-02, -5.1060e-01,
         -1.8745e+00,  5.1267e-01,  1.0106e+00,  0.0000e+00,  0.0000e+00,
          0.0000e+00,  0.0000e+00,  0.0000e+00,  0.0000e+00,  0.0000e+00,
          0.0000e+00,  7.9400e-01, -4.6566e-10,  6.4452e-02, -1.0273e-01,
          2.8108e-02,  1.3246e-01, -4.3773e-01, -4.7814e-02,  1.4190e-01,
         -7.2783e-01, -1.3970e-09, -6.4452e-02, -1.0273e-01,  4.1876e-02,
         -1.3300e-01, -4.3627e-01, -2.0515e-02, -1.4111e-01, -7.2961e-01,
         -1.1971e-04,  1.1630e-01,  2.8460e-01,  3.0708e-02,  2.4105e-01,
          1.1816e-01,  2.5375e-01,  2.1187e-01,  9.8776e-02,  2.0683e-03,
         -8.3679e-02,  2.9778e-01,  2.1975e-02, -2.9303e-01,  3.7013e-01,
          1.3331e-01, -4.7471e-01,  4.4478e-01]], dtype=torch.float64)
local_key_body_pos:
tensor([[-8.4021e-02,  5.4095e-02,  3.1127e-02,  3.4000e-01,  8.9740e-04,
         -2.0024e-01, -1.2514e-01, -6.2051e-02, -5.4940e-02,  3.3537e-01,
          2.6588e-01,  9.8533e-02,  1.0941e-02, -6.5822e-02,  4.6814e-03,
         -9.1874e-02,  5.2928e-01, -2.0716e-01,  5.3641e-02, -5.1060e-01,
         -1.8745e+00,  5.1267e-01,  1.0106e+00,  0.0000e+00,  0.0000e+00,
          0.0000e+00,  0.0000e+00,  0.0000e+00,  0.0000e+00,  0.0000e+00,
          0.0000e+00,  7.9400e-01, -4.6566e-10,  6.4452e-02, -1.0273e-01,
          2.8108e-02,  1.3246e-01, -4.3773e-01, -4.7814e-02,  1.4190e-01,
         -7.2783e-01, -1.3970e-09, -6.4452e-02, -1.0273e-01,  4.1876e-02,
         -1.3300e-01, -4.3627e-01, -2.0515e-02, -1.4111e-01, -7.2961e-01,
         -1.1971e-04,  1.1630e-01,  2.8460e-01,  3.0708e-02,  2.4105e-01,
          1.1816e-01,  2.5375e-01,  2.1187e-01,  9.8776e-02,  2.0683e-03,
         -8.3679e-02,  2.9778e-01,  2.1975e-02, -2.9303e-01,  3.7013e-01,
          1.3331e-01, -4.7471e-01,  4.4478e-01]], dtype=torch.float64)
----------------------------------------
dof_pos:
tensor([[-8.4021e-02,  5.4095e-02,  3.1127e-02,  3.4000e-01,  8.9740e-04,
         -2.0024e-01, -1.2514e-01, -6.2051e-02, -5.4940e-02,  3.3537e-01,
          2.6588e-01,  9.8533e-02,  1.0941e-02, -6.5822e-02,  4.6814e-03,
         -9.1874e-02,  5.2928e-01, -2.0716e-01,  5.3641e-02, -5.1060e-01,
         -1.8745e+00,  5.1267e-01,  1.0106e+00,  0.0000e+00,  0.0000e+00,
          0.0000e+00,  0.0000e+00,  0.0000e+00,  0.0000e+00,  0.0000e+00,
          0.0000e+00,  7.9400e-01, -4.6566e-10,  6.4452e-02, -1.0273e-01,
          2.8108e-02,  1.3246e-01, -4.3773e-01, -4.7814e-02,  1.4190e-01,
         -7.2783e-01, -1.3970e-09, -6.4452e-02, -1.0273e-01,  4.1876e-02,
         -1.3300e-01, -4.3627e-01, -2.0515e-02, -1.4111e-01, -7.2961e-01,
         -1.1971e-04,  1.1630e-01,  2.8460e-01,  3.0708e-02,  2.4105e-01,
          1.1816e-01,  2.5375e-01,  2.1187e-01,  9.8776e-02,  2.0683e-03,
         -8.3679e-02,  2.9778e-01,  2.1975e-02, -2.9303e-01,  3.7013e-01,
          1.3331e-01, -4.7471e-01,  4.4478e-01]], dtype=torch.float64)
local_key_body_pos:
tensor([[-8.4021e-02,  5.4095e-02,  3.1127e-02,  3.4000e-01,  8.9740e-04,
         -2.0024e-01, -1.2514e-01, -6.2051e-02, -5.4940e-02,  3.3537e-01,
          2.6588e-01,  9.8533e-02,  1.0941e-02, -6.5822e-02,  4.6814e-03,
         -9.1874e-02,  5.2928e-01, -2.0716e-01,  5.3641e-02, -5.1060e-01,
         -1.8745e+00,  5.1267e-01,  1.0106e+00,  0.0000e+00,  0.0000e+00,
          0.0000e+00,  0.0000e+00,  0.0000e+00,  0.0000e+00,  0.0000e+00,
          0.0000e+00,  7.9400e-01, -4.6566e-10,  6.4452e-02, -1.0273e-01,
          2.8108e-02,  1.3246e-01, -4.3773e-01, -4.7814e-02,  1.4190e-01,
         -7.2783e-01, -1.3970e-09, -6.4452e-02, -1.0273e-01,  4.1876e-02,
         -1.3300e-01, -4.3627e-01, -2.0515e-02, -1.4111e-01, -7.2961e-01,
         -1.1971e-04,  1.1630e-01,  2.8460e-01,  3.0708e-02,  2.4105e-01,
          1.1816e-01,  2.5375e-01,  2.1187e-01,  9.8776e-02,  2.0683e-03,
         -8.3679e-02,  2.9778e-01,  2.1975e-02, -2.9303e-01,  3.7013e-01,
          1.3331e-01, -4.7471e-01,  4.4478e-01]], dtype=torch.float64)
----------------------------------------
dof_pos:
tensor([[-8.4021e-02,  5.4095e-02,  3.1127e-02,  3.4000e-01,  8.9740e-04,
         -2.0024e-01, -1.2514e-01, -6.2051e-02, -5.4940e-02,  3.3537e-01,
          2.6588e-01,  9.8533e-02,  1.0941e-02, -6.5822e-02,  4.6814e-03,
         -9.1874e-02,  5.2928e-01, -2.0716e-01,  5.3641e-02, -5.1060e-01,
         -1.8745e+00,  5.1267e-01,  1.0106e+00,  0.0000e+00,  0.0000e+00,
          0.0000e+00,  0.0000e+00,  0.0000e+00,  0.0000e+00,  0.0000e+00,
          0.0000e+00,  7.9400e-01, -4.6566e-10,  6.4452e-02, -1.0273e-01,
          2.8108e-02,  1.3246e-01, -4.3773e-01, -4.7814e-02,  1.4190e-01,
         -7.2783e-01, -1.3970e-09, -6.4452e-02, -1.0273e-01,  4.1876e-02,
         -1.3300e-01, -4.3627e-01, -2.0515e-02, -1.4111e-01, -7.2961e-01,
         -1.1971e-04,  1.1630e-01,  2.8460e-01,  3.0708e-02,  2.4105e-01,
          1.1816e-01,  2.5375e-01,  2.1187e-01,  9.8776e-02,  2.0683e-03,
         -8.3679e-02,  2.9778e-01,  2.1975e-02, -2.9303e-01,  3.7013e-01,
          1.3331e-01, -4.7471e-01,  4.4478e-01]], dtype=torch.float64)
local_key_body_pos:
tensor([[-8.4021e-02,  5.4095e-02,  3.1127e-02,  3.4000e-01,  8.9740e-04,
         -2.0024e-01, -1.2514e-01, -6.2051e-02, -5.4940e-02,  3.3537e-01,
          2.6588e-01,  9.8533e-02,  1.0941e-02, -6.5822e-02,  4.6814e-03,
         -9.1874e-02,  5.2928e-01, -2.0716e-01,  5.3641e-02, -5.1060e-01,
         -1.8745e+00,  5.1267e-01,  1.0106e+00,  0.0000e+00,  0.0000e+00,
          0.0000e+00,  0.0000e+00,  0.0000e+00,  0.0000e+00,  0.0000e+00,
          0.0000e+00,  7.9400e-01, -4.6566e-10,  6.4452e-02, -1.0273e-01,
          2.8108e-02,  1.3246e-01, -4.3773e-01, -4.7814e-02,  1.4190e-01,
         -7.2783e-01, -1.3970e-09, -6.4452e-02, -1.0273e-01,  4.1876e-02,
         -1.3300e-01, -4.3627e-01, -2.0515e-02, -1.4111e-01, -7.2961e-01,
         -1.1971e-04,  1.1630e-01,  2.8460e-01,  3.0708e-02,  2.4105e-01,
          1.1816e-01,  2.5375e-01,  2.1187e-01,  9.8776e-02,  2.0683e-03,
         -8.3679e-02,  2.9778e-01,  2.1975e-02, -2.9303e-01,  3.7013e-01,
          1.3331e-01, -4.7471e-01,  4.4478e-01]], dtype=torch.float64)
----------------------------------------
dof_pos:
tensor([[-8.4021e-02,  5.4095e-02,  3.1127e-02,  3.4000e-01,  8.9740e-04,
         -2.0024e-01, -1.2514e-01, -6.2051e-02, -5.4940e-02,  3.3537e-01,
          2.6588e-01,  9.8533e-02,  1.0941e-02, -6.5822e-02,  4.6814e-03,
         -9.1874e-02,  5.2928e-01, -2.0716e-01,  5.3641e-02, -5.1060e-01,
         -1.8745e+00,  5.1267e-01,  1.0106e+00,  0.0000e+00,  0.0000e+00,
          0.0000e+00,  0.0000e+00,  0.0000e+00,  0.0000e+00,  0.0000e+00,
          0.0000e+00,  7.9400e-01, -4.6566e-10,  6.4452e-02, -1.0273e-01,
          2.8108e-02,  1.3246e-01, -4.3773e-01, -4.7814e-02,  1.4190e-01,
         -7.2783e-01, -1.3970e-09, -6.4452e-02, -1.0273e-01,  4.1876e-02,
         -1.3300e-01, -4.3627e-01, -2.0515e-02, -1.4111e-01, -7.2961e-01,
         -1.1971e-04,  1.1630e-01,  2.8460e-01,  3.0708e-02,  2.4105e-01,
          1.1816e-01,  2.5375e-01,  2.1187e-01,  9.8776e-02,  2.0683e-03,
         -8.3679e-02,  2.9778e-01,  2.1975e-02, -2.9303e-01,  3.7013e-01,
          1.3331e-01, -4.7471e-01,  4.4478e-01]], dtype=torch.float64)
local_key_body_pos:
tensor([[-8.4021e-02,  5.4095e-02,  3.1127e-02,  3.4000e-01,  8.9740e-04,
         -2.0024e-01, -1.2514e-01, -6.2051e-02, -5.4940e-02,  3.3537e-01,
          2.6588e-01,  9.8533e-02,  1.0941e-02, -6.5822e-02,  4.6814e-03,
         -9.1874e-02,  5.2928e-01, -2.0716e-01,  5.3641e-02, -5.1060e-01,
         -1.8745e+00,  5.1267e-01,  1.0106e+00,  0.0000e+00,  0.0000e+00,
          0.0000e+00,  0.0000e+00,  0.0000e+00,  0.0000e+00,  0.0000e+00,
          0.0000e+00,  7.9400e-01, -4.6566e-10,  6.4452e-02, -1.0273e-01,
          2.8108e-02,  1.3246e-01, -4.3773e-01, -4.7814e-02,  1.4190e-01,
         -7.2783e-01, -1.3970e-09, -6.4452e-02, -1.0273e-01,  4.1876e-02,
         -1.3300e-01, -4.3627e-01, -2.0515e-02, -1.4111e-01, -7.2961e-01,
         -1.1971e-04,  1.1630e-01,  2.8460e-01,  3.0708e-02,  2.4105e-01,
          1.1816e-01,  2.5375e-01,  2.1187e-01,  9.8776e-02,  2.0683e-03,
         -8.3679e-02,  2.9778e-01,  2.1975e-02, -2.9303e-01,  3.7013e-01,
          1.3331e-01, -4.7471e-01,  4.4478e-01]], dtype=torch.float64)
----------------------------------------
dof_pos:
tensor([[-8.4021e-02,  5.4095e-02,  3.1127e-02,  3.4000e-01,  8.9740e-04,
         -2.0024e-01, -1.2514e-01, -6.2051e-02, -5.4940e-02,  3.3537e-01,
          2.6588e-01,  9.8533e-02,  1.0941e-02, -6.5822e-02,  4.6814e-03,
         -9.1874e-02,  5.2928e-01, -2.0716e-01,  5.3641e-02, -5.1060e-01,
         -1.8745e+00,  5.1267e-01,  1.0106e+00,  0.0000e+00,  0.0000e+00,
          0.0000e+00,  0.0000e+00,  0.0000e+00,  0.0000e+00,  0.0000e+00,
          0.0000e+00,  7.9400e-01, -4.6566e-10,  6.4452e-02, -1.0273e-01,
          2.8108e-02,  1.3246e-01, -4.3773e-01, -4.7814e-02,  1.4190e-01,
         -7.2783e-01, -1.3970e-09, -6.4452e-02, -1.0273e-01,  4.1876e-02,
         -1.3300e-01, -4.3627e-01, -2.0515e-02, -1.4111e-01, -7.2961e-01,
         -1.1971e-04,  1.1630e-01,  2.8460e-01,  3.0708e-02,  2.4105e-01,
          1.1816e-01,  2.5375e-01,  2.1187e-01,  9.8776e-02,  2.0683e-03,
         -8.3679e-02,  2.9778e-01,  2.1975e-02, -2.9303e-01,  3.7013e-01,
          1.3331e-01, -4.7471e-01,  4.4478e-01]], dtype=torch.float64)
local_key_body_pos:
tensor([[-8.4021e-02,  5.4095e-02,  3.1127e-02,  3.4000e-01,  8.9740e-04,
         -2.0024e-01, -1.2514e-01, -6.2051e-02, -5.4940e-02,  3.3537e-01,
          2.6588e-01,  9.8533e-02,  1.0941e-02, -6.5822e-02,  4.6814e-03,
         -9.1874e-02,  5.2928e-01, -2.0716e-01,  5.3641e-02, -5.1060e-01,
         -1.8745e+00,  5.1267e-01,  1.0106e+00,  0.0000e+00,  0.0000e+00,
          0.0000e+00,  0.0000e+00,  0.0000e+00,  0.0000e+00,  0.0000e+00,
          0.0000e+00,  7.9400e-01, -4.6566e-10,  6.4452e-02, -1.0273e-01,
          2.8108e-02,  1.3246e-01, -4.3773e-01, -4.7814e-02,  1.4190e-01,
         -7.2783e-01, -1.3970e-09, -6.4452e-02, -1.0273e-01,  4.1876e-02,
         -1.3300e-01, -4.3627e-01, -2.0515e-02, -1.4111e-01, -7.2961e-01,
         -1.1971e-04,  1.1630e-01,  2.8460e-01,  3.0708e-02,  2.4105e-01,
          1.1816e-01,  2.5375e-01,  2.1187e-01,  9.8776e-02,  2.0683e-03,
         -8.3679e-02,  2.9778e-01,  2.1975e-02, -2.9303e-01,  3.7013e-01,
          1.3331e-01, -4.7471e-01,  4.4478e-01]], dtype=torch.float64)
----------------------------------------
dof_pos:
tensor([[-8.4021e-02,  5.4095e-02,  3.1127e-02,  3.4000e-01,  8.9740e-04,
         -2.0024e-01, -1.2514e-01, -6.2051e-02, -5.4940e-02,  3.3537e-01,
          2.6588e-01,  9.8533e-02,  1.0941e-02, -6.5822e-02,  4.6814e-03,
         -9.1874e-02,  5.2928e-01, -2.0716e-01,  5.3641e-02, -5.1060e-01,
         -1.8745e+00,  5.1267e-01,  1.0106e+00,  0.0000e+00,  0.0000e+00,
          0.0000e+00,  0.0000e+00,  0.0000e+00,  0.0000e+00,  0.0000e+00,
          0.0000e+00,  7.9400e-01, -4.6566e-10,  6.4452e-02, -1.0273e-01,
          2.8108e-02,  1.3246e-01, -4.3773e-01, -4.7814e-02,  1.4190e-01,
         -7.2783e-01, -1.3970e-09, -6.4452e-02, -1.0273e-01,  4.1876e-02,
         -1.3300e-01, -4.3627e-01, -2.0515e-02, -1.4111e-01, -7.2961e-01,
         -1.1971e-04,  1.1630e-01,  2.8460e-01,  3.0708e-02,  2.4105e-01,
          1.1816e-01,  2.5375e-01,  2.1187e-01,  9.8776e-02,  2.0683e-03,
         -8.3679e-02,  2.9778e-01,  2.1975e-02, -2.9303e-01,  3.7013e-01,
          1.3331e-01, -4.7471e-01,  4.4478e-01]], dtype=torch.float64)
local_key_body_pos:
tensor([[-8.4021e-02,  5.4095e-02,  3.1127e-02,  3.4000e-01,  8.9740e-04,
         -2.0024e-01, -1.2514e-01, -6.2051e-02, -5.4940e-02,  3.3537e-01,
          2.6588e-01,  9.8533e-02,  1.0941e-02, -6.5822e-02,  4.6814e-03,
         -9.1874e-02,  5.2928e-01, -2.0716e-01,  5.3641e-02, -5.1060e-01,
         -1.8745e+00,  5.1267e-01,  1.0106e+00,  0.0000e+00,  0.0000e+00,
          0.0000e+00,  0.0000e+00,  0.0000e+00,  0.0000e+00,  0.0000e+00,
          0.0000e+00,  7.9400e-01, -4.6566e-10,  6.4452e-02, -1.0273e-01,
          2.8108e-02,  1.3246e-01, -4.3773e-01, -4.7814e-02,  1.4190e-01,
         -7.2783e-01, -1.3970e-09, -6.4452e-02, -1.0273e-01,  4.1876e-02,
         -1.3300e-01, -4.3627e-01, -2.0515e-02, -1.4111e-01, -7.2961e-01,
         -1.1971e-04,  1.1630e-01,  2.8460e-01,  3.0708e-02,  2.4105e-01,
          1.1816e-01,  2.5375e-01,  2.1187e-01,  9.8776e-02,  2.0683e-03,
         -8.3679e-02,  2.9778e-01,  2.1975e-02, -2.9303e-01,  3.7013e-01,
          1.3331e-01, -4.7471e-01,  4.4478e-01]], dtype=torch.float64)
----------------------------------------
dof_pos:
tensor([[-8.4021e-02,  5.4095e-02,  3.1127e-02,  3.4000e-01,  8.9740e-04,
         -2.0024e-01, -1.2514e-01, -6.2051e-02, -5.4940e-02,  3.3537e-01,
          2.6588e-01,  9.8533e-02,  1.0941e-02, -6.5822e-02,  4.6814e-03,
         -9.1874e-02,  5.2928e-01, -2.0716e-01,  5.3641e-02, -5.1060e-01,
         -1.8745e+00,  5.1267e-01,  1.0106e+00,  0.0000e+00,  0.0000e+00,
          0.0000e+00,  0.0000e+00,  0.0000e+00,  0.0000e+00,  0.0000e+00,
          0.0000e+00,  7.9400e-01, -4.6566e-10,  6.4452e-02, -1.0273e-01,
          2.8108e-02,  1.3246e-01, -4.3773e-01, -4.7814e-02,  1.4190e-01,
         -7.2783e-01, -1.3970e-09, -6.4452e-02, -1.0273e-01,  4.1876e-02,
         -1.3300e-01, -4.3627e-01, -2.0515e-02, -1.4111e-01, -7.2961e-01,
         -1.1971e-04,  1.1630e-01,  2.8460e-01,  3.0708e-02,  2.4105e-01,
          1.1816e-01,  2.5375e-01,  2.1187e-01,  9.8776e-02,  2.0683e-03,
         -8.3679e-02,  2.9778e-01,  2.1975e-02, -2.9303e-01,  3.7013e-01,
          1.3331e-01, -4.7471e-01,  4.4478e-01]], dtype=torch.float64)
local_key_body_pos:
tensor([[-8.4021e-02,  5.4095e-02,  3.1127e-02,  3.4000e-01,  8.9740e-04,
         -2.0024e-01, -1.2514e-01, -6.2051e-02, -5.4940e-02,  3.3537e-01,
          2.6588e-01,  9.8533e-02,  1.0941e-02, -6.5822e-02,  4.6814e-03,
         -9.1874e-02,  5.2928e-01, -2.0716e-01,  5.3641e-02, -5.1060e-01,
         -1.8745e+00,  5.1267e-01,  1.0106e+00,  0.0000e+00,  0.0000e+00,
          0.0000e+00,  0.0000e+00,  0.0000e+00,  0.0000e+00,  0.0000e+00,
          0.0000e+00,  7.9400e-01, -4.6566e-10,  6.4452e-02, -1.0273e-01,
          2.8108e-02,  1.3246e-01, -4.3773e-01, -4.7814e-02,  1.4190e-01,
         -7.2783e-01, -1.3970e-09, -6.4452e-02, -1.0273e-01,  4.1876e-02,
         -1.3300e-01, -4.3627e-01, -2.0515e-02, -1.4111e-01, -7.2961e-01,
         -1.1971e-04,  1.1630e-01,  2.8460e-01,  3.0708e-02,  2.4105e-01,
          1.1816e-01,  2.5375e-01,  2.1187e-01,  9.8776e-02,  2.0683e-03,
         -8.3679e-02,  2.9778e-01,  2.1975e-02, -2.9303e-01,  3.7013e-01,
          1.3331e-01, -4.7471e-01,  4.4478e-01]], dtype=torch.float64)
----------------------------------------
dof_pos:
tensor([[-8.1716e-02,  5.9300e-02,  3.7543e-02,  3.3964e-01, -1.2877e-02,
         -2.0424e-01, -1.0959e-01, -5.3706e-02, -5.7992e-02,  3.1172e-01,
          2.6389e-01,  9.9194e-02,  2.8287e-02, -6.7018e-02,  6.3801e-03,
         -1.2617e-01,  5.3261e-01, -2.3215e-01,  9.9801e-02, -5.3350e-01,
         -1.8905e+00,  4.5651e-01,  9.9440e-01,  0.0000e+00,  0.0000e+00,
          0.0000e+00,  0.0000e+00,  0.0000e+00,  0.0000e+00,  0.0000e+00,
          0.0000e+00,  7.9400e-01, -4.6566e-10,  6.4452e-02, -1.0273e-01,
          2.8108e-02,  1.3246e-01, -4.3773e-01, -4.7814e-02,  1.4190e-01,
         -7.2783e-01, -1.3970e-09, -6.4452e-02, -1.0273e-01,  4.1876e-02,
         -1.3300e-01, -4.3627e-01, -2.0515e-02, -1.4111e-01, -7.2961e-01,
         -1.1971e-04,  1.1630e-01,  2.8460e-01,  3.0708e-02,  2.4105e-01,
          1.1816e-01,  2.5375e-01,  2.1187e-01,  9.8776e-02,  2.0683e-03,
         -8.3679e-02,  2.9778e-01,  2.1975e-02, -2.9303e-01,  3.7013e-01,
          1.3331e-01, -4.7471e-01,  4.4478e-01]], dtype=torch.float64)
local_key_body_pos:
tensor([[-8.1716e-02,  5.9300e-02,  3.7543e-02,  3.3964e-01, -1.2877e-02,
         -2.0424e-01, -1.0959e-01, -5.3706e-02, -5.7992e-02,  3.1172e-01,
          2.6389e-01,  9.9194e-02,  2.8287e-02, -6.7018e-02,  6.3801e-03,
         -1.2617e-01,  5.3261e-01, -2.3215e-01,  9.9801e-02, -5.3350e-01,
         -1.8905e+00,  4.5651e-01,  9.9440e-01,  0.0000e+00,  0.0000e+00,
          0.0000e+00,  0.0000e+00,  0.0000e+00,  0.0000e+00,  0.0000e+00,
          0.0000e+00,  7.9400e-01, -4.6566e-10,  6.4452e-02, -1.0273e-01,
          2.8108e-02,  1.3246e-01, -4.3773e-01, -4.7814e-02,  1.4190e-01,
         -7.2783e-01, -1.3970e-09, -6.4452e-02, -1.0273e-01,  4.1876e-02,
         -1.3300e-01, -4.3627e-01, -2.0515e-02, -1.4111e-01, -7.2961e-01,
         -1.1971e-04,  1.1630e-01,  2.8460e-01,  3.0708e-02,  2.4105e-01,
          1.1816e-01,  2.5375e-01,  2.1187e-01,  9.8776e-02,  2.0683e-03,
         -8.3679e-02,  2.9778e-01,  2.1975e-02, -2.9303e-01,  3.7013e-01,
          1.3331e-01, -4.7471e-01,  4.4478e-01]], dtype=torch.float64)
----------------------------------------
dof_pos:
tensor([[-8.1716e-02,  5.9300e-02,  3.7543e-02,  3.3964e-01, -1.2877e-02,
         -2.0424e-01, -1.0959e-01, -5.3706e-02, -5.7992e-02,  3.1172e-01,
          2.6389e-01,  9.9194e-02,  2.8287e-02, -6.7018e-02,  6.3801e-03,
         -1.2617e-01,  5.3261e-01, -2.3215e-01,  9.9801e-02, -5.3350e-01,
         -1.8905e+00,  4.5651e-01,  9.9440e-01,  0.0000e+00,  0.0000e+00,
          0.0000e+00,  0.0000e+00,  0.0000e+00,  0.0000e+00,  0.0000e+00,
          0.0000e+00,  7.9400e-01, -5.5879e-09,  6.4452e-02, -1.0273e-01,
          2.7325e-02,  1.3353e-01, -4.3774e-01, -4.9126e-02,  1.4338e-01,
         -7.2768e-01, -4.6566e-09, -6.4452e-02, -1.0273e-01,  3.6733e-02,
         -1.3025e-01, -4.3701e-01, -2.3247e-02, -1.3627e-01, -7.3090e-01,
         -1.7245e-03,  1.1658e-01,  2.8445e-01,  3.3044e-02,  2.4175e-01,
          1.1908e-01,  2.5592e-01,  2.1492e-01,  9.4964e-02,  3.9315e-03,
         -8.3316e-02,  2.9787e-01,  2.6067e-02, -2.9085e-01,  3.7401e-01,
          1.4133e-01, -4.6530e-01,  4.5918e-01]], dtype=torch.float64)
local_key_body_pos:
tensor([[-8.1716e-02,  5.9300e-02,  3.7543e-02,  3.3964e-01, -1.2877e-02,
         -2.0424e-01, -1.0959e-01, -5.3706e-02, -5.7992e-02,  3.1172e-01,
          2.6389e-01,  9.9194e-02,  2.8287e-02, -6.7018e-02,  6.3801e-03,
         -1.2617e-01,  5.3261e-01, -2.3215e-01,  9.9801e-02, -5.3350e-01,
         -1.8905e+00,  4.5651e-01,  9.9440e-01,  0.0000e+00,  0.0000e+00,
          0.0000e+00,  0.0000e+00,  0.0000e+00,  0.0000e+00,  0.0000e+00,
          0.0000e+00,  7.9400e-01, -5.5879e-09,  6.4452e-02, -1.0273e-01,
          2.7325e-02,  1.3353e-01, -4.3774e-01, -4.9126e-02,  1.4338e-01,
         -7.2768e-01, -4.6566e-09, -6.4452e-02, -1.0273e-01,  3.6733e-02,
         -1.3025e-01, -4.3701e-01, -2.3247e-02, -1.3627e-01, -7.3090e-01,
         -1.7245e-03,  1.1658e-01,  2.8445e-01,  3.3044e-02,  2.4175e-01,
          1.1908e-01,  2.5592e-01,  2.1492e-01,  9.4964e-02,  3.9315e-03,
         -8.3316e-02,  2.9787e-01,  2.6067e-02, -2.9085e-01,  3.7401e-01,
          1.4133e-01, -4.6530e-01,  4.5918e-01]], dtype=torch.float64)
----------------------------------------
dof_pos:
tensor([[-8.1716e-02,  5.9300e-02,  3.7543e-02,  3.3964e-01, -1.2877e-02,
         -2.0424e-01, -1.0959e-01, -5.3706e-02, -5.7992e-02,  3.1172e-01,
          2.6389e-01,  9.9194e-02,  2.8287e-02, -6.7018e-02,  6.3801e-03,
         -1.2617e-01,  5.3261e-01, -2.3215e-01,  9.9801e-02, -5.3350e-01,
         -1.8905e+00,  4.5651e-01,  9.9440e-01,  0.0000e+00,  0.0000e+00,
          0.0000e+00,  0.0000e+00,  0.0000e+00,  0.0000e+00,  0.0000e+00,
          0.0000e+00,  7.9400e-01, -5.5879e-09,  6.4452e-02, -1.0273e-01,
          2.7325e-02,  1.3353e-01, -4.3774e-01, -4.9126e-02,  1.4338e-01,
         -7.2768e-01, -4.6566e-09, -6.4452e-02, -1.0273e-01,  3.6733e-02,
         -1.3025e-01, -4.3701e-01, -2.3247e-02, -1.3627e-01, -7.3090e-01,
         -1.7245e-03,  1.1658e-01,  2.8445e-01,  3.3044e-02,  2.4175e-01,
          1.1908e-01,  2.5592e-01,  2.1492e-01,  9.4964e-02,  3.9315e-03,
         -8.3316e-02,  2.9787e-01,  2.6067e-02, -2.9085e-01,  3.7401e-01,
          1.4133e-01, -4.6530e-01,  4.5918e-01]], dtype=torch.float64)
local_key_body_pos:
tensor([[-8.1716e-02,  5.9300e-02,  3.7543e-02,  3.3964e-01, -1.2877e-02,
         -2.0424e-01, -1.0959e-01, -5.3706e-02, -5.7992e-02,  3.1172e-01,
          2.6389e-01,  9.9194e-02,  2.8287e-02, -6.7018e-02,  6.3801e-03,
         -1.2617e-01,  5.3261e-01, -2.3215e-01,  9.9801e-02, -5.3350e-01,
         -1.8905e+00,  4.5651e-01,  9.9440e-01,  0.0000e+00,  0.0000e+00,
          0.0000e+00,  0.0000e+00,  0.0000e+00,  0.0000e+00,  0.0000e+00,
          0.0000e+00,  7.9400e-01, -5.5879e-09,  6.4452e-02, -1.0273e-01,
          2.7325e-02,  1.3353e-01, -4.3774e-01, -4.9126e-02,  1.4338e-01,
         -7.2768e-01, -4.6566e-09, -6.4452e-02, -1.0273e-01,  3.6733e-02,
         -1.3025e-01, -4.3701e-01, -2.3247e-02, -1.3627e-01, -7.3090e-01,
         -1.7245e-03,  1.1658e-01,  2.8445e-01,  3.3044e-02,  2.4175e-01,
          1.1908e-01,  2.5592e-01,  2.1492e-01,  9.4964e-02,  3.9315e-03,
         -8.3316e-02,  2.9787e-01,  2.6067e-02, -2.9085e-01,  3.7401e-01,
          1.4133e-01, -4.6530e-01,  4.5918e-01]], dtype=torch.float64)
----------------------------------------
dof_pos:
tensor([[-8.1716e-02,  5.9300e-02,  3.7543e-02,  3.3964e-01, -1.2877e-02,
         -2.0424e-01, -1.0959e-01, -5.3706e-02, -5.7992e-02,  3.1172e-01,
          2.6389e-01,  9.9194e-02,  2.8287e-02, -6.7018e-02,  6.3801e-03,
         -1.2617e-01,  5.3261e-01, -2.3215e-01,  9.9801e-02, -5.3350e-01,
         -1.8905e+00,  4.5651e-01,  9.9440e-01,  0.0000e+00,  0.0000e+00,
          0.0000e+00,  0.0000e+00,  0.0000e+00,  0.0000e+00,  0.0000e+00,
          0.0000e+00,  7.9400e-01, -5.5879e-09,  6.4452e-02, -1.0273e-01,
          2.7325e-02,  1.3353e-01, -4.3774e-01, -4.9126e-02,  1.4338e-01,
         -7.2768e-01, -4.6566e-09, -6.4452e-02, -1.0273e-01,  3.6733e-02,
         -1.3025e-01, -4.3701e-01, -2.3247e-02, -1.3627e-01, -7.3090e-01,
         -1.7245e-03,  1.1658e-01,  2.8445e-01,  3.3044e-02,  2.4175e-01,
          1.1908e-01,  2.5592e-01,  2.1492e-01,  9.4964e-02,  3.9315e-03,
         -8.3316e-02,  2.9787e-01,  2.6067e-02, -2.9085e-01,  3.7401e-01,
          1.4133e-01, -4.6530e-01,  4.5918e-01]], dtype=torch.float64)
local_key_body_pos:
tensor([[-8.1716e-02,  5.9300e-02,  3.7543e-02,  3.3964e-01, -1.2877e-02,
         -2.0424e-01, -1.0959e-01, -5.3706e-02, -5.7992e-02,  3.1172e-01,
          2.6389e-01,  9.9194e-02,  2.8287e-02, -6.7018e-02,  6.3801e-03,
         -1.2617e-01,  5.3261e-01, -2.3215e-01,  9.9801e-02, -5.3350e-01,
         -1.8905e+00,  4.5651e-01,  9.9440e-01,  0.0000e+00,  0.0000e+00,
          0.0000e+00,  0.0000e+00,  0.0000e+00,  0.0000e+00,  0.0000e+00,
          0.0000e+00,  7.9400e-01, -5.5879e-09,  6.4452e-02, -1.0273e-01,
          2.7325e-02,  1.3353e-01, -4.3774e-01, -4.9126e-02,  1.4338e-01,
         -7.2768e-01, -4.6566e-09, -6.4452e-02, -1.0273e-01,  3.6733e-02,
         -1.3025e-01, -4.3701e-01, -2.3247e-02, -1.3627e-01, -7.3090e-01,
         -1.7245e-03,  1.1658e-01,  2.8445e-01,  3.3044e-02,  2.4175e-01,
          1.1908e-01,  2.5592e-01,  2.1492e-01,  9.4964e-02,  3.9315e-03,
         -8.3316e-02,  2.9787e-01,  2.6067e-02, -2.9085e-01,  3.7401e-01,
          1.4133e-01, -4.6530e-01,  4.5918e-01]], dtype=torch.float64)
----------------------------------------
dof_pos:
tensor([[-8.1716e-02,  5.9300e-02,  3.7543e-02,  3.3964e-01, -1.2877e-02,
         -2.0424e-01, -1.0959e-01, -5.3706e-02, -5.7992e-02,  3.1172e-01,
          2.6389e-01,  9.9194e-02,  2.8287e-02, -6.7018e-02,  6.3801e-03,
         -1.2617e-01,  5.3261e-01, -2.3215e-01,  9.9801e-02, -5.3350e-01,
         -1.8905e+00,  4.5651e-01,  9.9440e-01,  0.0000e+00,  0.0000e+00,
          0.0000e+00,  0.0000e+00,  0.0000e+00,  0.0000e+00,  0.0000e+00,
          0.0000e+00,  7.9400e-01, -5.5879e-09,  6.4452e-02, -1.0273e-01,
          2.7325e-02,  1.3353e-01, -4.3774e-01, -4.9126e-02,  1.4338e-01,
         -7.2768e-01, -4.6566e-09, -6.4452e-02, -1.0273e-01,  3.6733e-02,
         -1.3025e-01, -4.3701e-01, -2.3247e-02, -1.3627e-01, -7.3090e-01,
         -1.7245e-03,  1.1658e-01,  2.8445e-01,  3.3044e-02,  2.4175e-01,
          1.1908e-01,  2.5592e-01,  2.1492e-01,  9.4964e-02,  3.9315e-03,
         -8.3316e-02,  2.9787e-01,  2.6067e-02, -2.9085e-01,  3.7401e-01,
          1.4133e-01, -4.6530e-01,  4.5918e-01]], dtype=torch.float64)
local_key_body_pos:
tensor([[-8.1716e-02,  5.9300e-02,  3.7543e-02,  3.3964e-01, -1.2877e-02,
         -2.0424e-01, -1.0959e-01, -5.3706e-02, -5.7992e-02,  3.1172e-01,
          2.6389e-01,  9.9194e-02,  2.8287e-02, -6.7018e-02,  6.3801e-03,
         -1.2617e-01,  5.3261e-01, -2.3215e-01,  9.9801e-02, -5.3350e-01,
         -1.8905e+00,  4.5651e-01,  9.9440e-01,  0.0000e+00,  0.0000e+00,
          0.0000e+00,  0.0000e+00,  0.0000e+00,  0.0000e+00,  0.0000e+00,
          0.0000e+00,  7.9400e-01, -5.5879e-09,  6.4452e-02, -1.0273e-01,
          2.7325e-02,  1.3353e-01, -4.3774e-01, -4.9126e-02,  1.4338e-01,
         -7.2768e-01, -4.6566e-09, -6.4452e-02, -1.0273e-01,  3.6733e-02,
         -1.3025e-01, -4.3701e-01, -2.3247e-02, -1.3627e-01, -7.3090e-01,
         -1.7245e-03,  1.1658e-01,  2.8445e-01,  3.3044e-02,  2.4175e-01,
          1.1908e-01,  2.5592e-01,  2.1492e-01,  9.4964e-02,  3.9315e-03,
         -8.3316e-02,  2.9787e-01,  2.6067e-02, -2.9085e-01,  3.7401e-01,
          1.4133e-01, -4.6530e-01,  4.5918e-01]], dtype=torch.float64)
----------------------------------------
dof_pos:
tensor([[-8.1716e-02,  5.9300e-02,  3.7543e-02,  3.3964e-01, -1.2877e-02,
         -2.0424e-01, -1.0959e-01, -5.3706e-02, -5.7992e-02,  3.1172e-01,
          2.6389e-01,  9.9194e-02,  2.8287e-02, -6.7018e-02,  6.3801e-03,
         -1.2617e-01,  5.3261e-01, -2.3215e-01,  9.9801e-02, -5.3350e-01,
         -1.8905e+00,  4.5651e-01,  9.9440e-01,  0.0000e+00,  0.0000e+00,
          0.0000e+00,  0.0000e+00,  0.0000e+00,  0.0000e+00,  0.0000e+00,
          0.0000e+00,  7.9400e-01, -5.5879e-09,  6.4452e-02, -1.0273e-01,
          2.7325e-02,  1.3353e-01, -4.3774e-01, -4.9126e-02,  1.4338e-01,
         -7.2768e-01, -4.6566e-09, -6.4452e-02, -1.0273e-01,  3.6733e-02,
         -1.3025e-01, -4.3701e-01, -2.3247e-02, -1.3627e-01, -7.3090e-01,
         -1.7245e-03,  1.1658e-01,  2.8445e-01,  3.3044e-02,  2.4175e-01,
          1.1908e-01,  2.5592e-01,  2.1492e-01,  9.4964e-02,  3.9315e-03,
         -8.3316e-02,  2.9787e-01,  2.6067e-02, -2.9085e-01,  3.7401e-01,
          1.4133e-01, -4.6530e-01,  4.5918e-01]], dtype=torch.float64)
local_key_body_pos:
tensor([[-8.1716e-02,  5.9300e-02,  3.7543e-02,  3.3964e-01, -1.2877e-02,
         -2.0424e-01, -1.0959e-01, -5.3706e-02, -5.7992e-02,  3.1172e-01,
          2.6389e-01,  9.9194e-02,  2.8287e-02, -6.7018e-02,  6.3801e-03,
         -1.2617e-01,  5.3261e-01, -2.3215e-01,  9.9801e-02, -5.3350e-01,
         -1.8905e+00,  4.5651e-01,  9.9440e-01,  0.0000e+00,  0.0000e+00,
          0.0000e+00,  0.0000e+00,  0.0000e+00,  0.0000e+00,  0.0000e+00,
          0.0000e+00,  7.9400e-01, -5.5879e-09,  6.4452e-02, -1.0273e-01,
          2.7325e-02,  1.3353e-01, -4.3774e-01, -4.9126e-02,  1.4338e-01,
         -7.2768e-01, -4.6566e-09, -6.4452e-02, -1.0273e-01,  3.6733e-02,
         -1.3025e-01, -4.3701e-01, -2.3247e-02, -1.3627e-01, -7.3090e-01,
         -1.7245e-03,  1.1658e-01,  2.8445e-01,  3.3044e-02,  2.4175e-01,
          1.1908e-01,  2.5592e-01,  2.1492e-01,  9.4964e-02,  3.9315e-03,
         -8.3316e-02,  2.9787e-01,  2.6067e-02, -2.9085e-01,  3.7401e-01,
          1.4133e-01, -4.6530e-01,  4.5918e-01]], dtype=torch.float64)
----------------------------------------
dof_pos:
tensor([[-8.1716e-02,  5.9300e-02,  3.7543e-02,  3.3964e-01, -1.2877e-02,
         -2.0424e-01, -1.0959e-01, -5.3706e-02, -5.7992e-02,  3.1172e-01,
          2.6389e-01,  9.9194e-02,  2.8287e-02, -6.7018e-02,  6.3801e-03,
         -1.2617e-01,  5.3261e-01, -2.3215e-01,  9.9801e-02, -5.3350e-01,
         -1.8905e+00,  4.5651e-01,  9.9440e-01,  0.0000e+00,  0.0000e+00,
          0.0000e+00,  0.0000e+00,  0.0000e+00,  0.0000e+00,  0.0000e+00,
          0.0000e+00,  7.9400e-01, -5.5879e-09,  6.4452e-02, -1.0273e-01,
          2.7325e-02,  1.3353e-01, -4.3774e-01, -4.9126e-02,  1.4338e-01,
         -7.2768e-01, -4.6566e-09, -6.4452e-02, -1.0273e-01,  3.6733e-02,
         -1.3025e-01, -4.3701e-01, -2.3247e-02, -1.3627e-01, -7.3090e-01,
         -1.7245e-03,  1.1658e-01,  2.8445e-01,  3.3044e-02,  2.4175e-01,
          1.1908e-01,  2.5592e-01,  2.1492e-01,  9.4964e-02,  3.9315e-03,
         -8.3316e-02,  2.9787e-01,  2.6067e-02, -2.9085e-01,  3.7401e-01,
          1.4133e-01, -4.6530e-01,  4.5918e-01]], dtype=torch.float64)
local_key_body_pos:
tensor([[-8.1716e-02,  5.9300e-02,  3.7543e-02,  3.3964e-01, -1.2877e-02,
         -2.0424e-01, -1.0959e-01, -5.3706e-02, -5.7992e-02,  3.1172e-01,
          2.6389e-01,  9.9194e-02,  2.8287e-02, -6.7018e-02,  6.3801e-03,
         -1.2617e-01,  5.3261e-01, -2.3215e-01,  9.9801e-02, -5.3350e-01,
         -1.8905e+00,  4.5651e-01,  9.9440e-01,  0.0000e+00,  0.0000e+00,
          0.0000e+00,  0.0000e+00,  0.0000e+00,  0.0000e+00,  0.0000e+00,
          0.0000e+00,  7.9400e-01, -5.5879e-09,  6.4452e-02, -1.0273e-01,
          2.7325e-02,  1.3353e-01, -4.3774e-01, -4.9126e-02,  1.4338e-01,
         -7.2768e-01, -4.6566e-09, -6.4452e-02, -1.0273e-01,  3.6733e-02,
         -1.3025e-01, -4.3701e-01, -2.3247e-02, -1.3627e-01, -7.3090e-01,
         -1.7245e-03,  1.1658e-01,  2.8445e-01,  3.3044e-02,  2.4175e-01,
          1.1908e-01,  2.5592e-01,  2.1492e-01,  9.4964e-02,  3.9315e-03,
         -8.3316e-02,  2.9787e-01,  2.6067e-02, -2.9085e-01,  3.7401e-01,
          1.4133e-01, -4.6530e-01,  4.5918e-01]], dtype=torch.float64)
----------------------------------------
dof_pos:
tensor([[-8.1716e-02,  5.9300e-02,  3.7543e-02,  3.3964e-01, -1.2877e-02,
         -2.0424e-01, -1.0959e-01, -5.3706e-02, -5.7992e-02,  3.1172e-01,
          2.6389e-01,  9.9194e-02,  2.8287e-02, -6.7018e-02,  6.3801e-03,
         -1.2617e-01,  5.3261e-01, -2.3215e-01,  9.9801e-02, -5.3350e-01,
         -1.8905e+00,  4.5651e-01,  9.9440e-01,  0.0000e+00,  0.0000e+00,
          0.0000e+00,  0.0000e+00,  0.0000e+00,  0.0000e+00,  0.0000e+00,
          0.0000e+00,  7.9400e-01, -5.5879e-09,  6.4452e-02, -1.0273e-01,
          2.7325e-02,  1.3353e-01, -4.3774e-01, -4.9126e-02,  1.4338e-01,
         -7.2768e-01, -4.6566e-09, -6.4452e-02, -1.0273e-01,  3.6733e-02,
         -1.3025e-01, -4.3701e-01, -2.3247e-02, -1.3627e-01, -7.3090e-01,
         -1.7245e-03,  1.1658e-01,  2.8445e-01,  3.3044e-02,  2.4175e-01,
          1.1908e-01,  2.5592e-01,  2.1492e-01,  9.4964e-02,  3.9315e-03,
         -8.3316e-02,  2.9787e-01,  2.6067e-02, -2.9085e-01,  3.7401e-01,
          1.4133e-01, -4.6530e-01,  4.5918e-01]], dtype=torch.float64)
local_key_body_pos:
tensor([[-8.1716e-02,  5.9300e-02,  3.7543e-02,  3.3964e-01, -1.2877e-02,
         -2.0424e-01, -1.0959e-01, -5.3706e-02, -5.7992e-02,  3.1172e-01,
          2.6389e-01,  9.9194e-02,  2.8287e-02, -6.7018e-02,  6.3801e-03,
         -1.2617e-01,  5.3261e-01, -2.3215e-01,  9.9801e-02, -5.3350e-01,
         -1.8905e+00,  4.5651e-01,  9.9440e-01,  0.0000e+00,  0.0000e+00,
          0.0000e+00,  0.0000e+00,  0.0000e+00,  0.0000e+00,  0.0000e+00,
          0.0000e+00,  7.9400e-01, -5.5879e-09,  6.4452e-02, -1.0273e-01,
          2.7325e-02,  1.3353e-01, -4.3774e-01, -4.9126e-02,  1.4338e-01,
         -7.2768e-01, -4.6566e-09, -6.4452e-02, -1.0273e-01,  3.6733e-02,
         -1.3025e-01, -4.3701e-01, -2.3247e-02, -1.3627e-01, -7.3090e-01,
         -1.7245e-03,  1.1658e-01,  2.8445e-01,  3.3044e-02,  2.4175e-01,
          1.1908e-01,  2.5592e-01,  2.1492e-01,  9.4964e-02,  3.9315e-03,
         -8.3316e-02,  2.9787e-01,  2.6067e-02, -2.9085e-01,  3.7401e-01,
          1.4133e-01, -4.6530e-01,  4.5918e-01]], dtype=torch.float64)
----------------------------------------
dof_pos:
tensor([[-8.4087e-02,  6.5408e-02,  3.1825e-02,  3.3239e-01,  6.8290e-03,
         -2.1395e-01, -1.1426e-01, -5.1671e-02, -5.7593e-02,  3.1999e-01,
          2.8402e-01,  1.0519e-01,  8.6043e-03, -7.3256e-02,  3.4822e-03,
         -8.7910e-02,  5.4035e-01, -1.9964e-01,  6.6831e-02, -4.9722e-01,
         -1.8475e+00,  4.9329e-01,  9.5686e-01,  0.0000e+00,  0.0000e+00,
          0.0000e+00,  0.0000e+00,  0.0000e+00,  0.0000e+00,  0.0000e+00,
          0.0000e+00,  7.9400e-01, -5.5879e-09,  6.4452e-02, -1.0273e-01,
          2.7325e-02,  1.3353e-01, -4.3774e-01, -4.9126e-02,  1.4338e-01,
         -7.2768e-01, -4.6566e-09, -6.4452e-02, -1.0273e-01,  3.6733e-02,
         -1.3025e-01, -4.3701e-01, -2.3247e-02, -1.3627e-01, -7.3090e-01,
         -1.7245e-03,  1.1658e-01,  2.8445e-01,  3.3044e-02,  2.4175e-01,
          1.1908e-01,  2.5592e-01,  2.1492e-01,  9.4964e-02,  3.9315e-03,
         -8.3316e-02,  2.9787e-01,  2.6067e-02, -2.9085e-01,  3.7401e-01,
          1.4133e-01, -4.6530e-01,  4.5918e-01]], dtype=torch.float64)
local_key_body_pos:
tensor([[-8.4087e-02,  6.5408e-02,  3.1825e-02,  3.3239e-01,  6.8290e-03,
         -2.1395e-01, -1.1426e-01, -5.1671e-02, -5.7593e-02,  3.1999e-01,
          2.8402e-01,  1.0519e-01,  8.6043e-03, -7.3256e-02,  3.4822e-03,
         -8.7910e-02,  5.4035e-01, -1.9964e-01,  6.6831e-02, -4.9722e-01,
         -1.8475e+00,  4.9329e-01,  9.5686e-01,  0.0000e+00,  0.0000e+00,
          0.0000e+00,  0.0000e+00,  0.0000e+00,  0.0000e+00,  0.0000e+00,
          0.0000e+00,  7.9400e-01, -5.5879e-09,  6.4452e-02, -1.0273e-01,
          2.7325e-02,  1.3353e-01, -4.3774e-01, -4.9126e-02,  1.4338e-01,
         -7.2768e-01, -4.6566e-09, -6.4452e-02, -1.0273e-01,  3.6733e-02,
         -1.3025e-01, -4.3701e-01, -2.3247e-02, -1.3627e-01, -7.3090e-01,
         -1.7245e-03,  1.1658e-01,  2.8445e-01,  3.3044e-02,  2.4175e-01,
          1.1908e-01,  2.5592e-01,  2.1492e-01,  9.4964e-02,  3.9315e-03,
         -8.3316e-02,  2.9787e-01,  2.6067e-02, -2.9085e-01,  3.7401e-01,
          1.4133e-01, -4.6530e-01,  4.5918e-01]], dtype=torch.float64)
----------------------------------------
dof_pos:
tensor([[-8.4087e-02,  6.5408e-02,  3.1825e-02,  3.3239e-01,  6.8290e-03,
         -2.1395e-01, -1.1426e-01, -5.1671e-02, -5.7593e-02,  3.1999e-01,
          2.8402e-01,  1.0519e-01,  8.6043e-03, -7.3256e-02,  3.4822e-03,
         -8.7910e-02,  5.4035e-01, -1.9964e-01,  6.6831e-02, -4.9722e-01,
         -1.8475e+00,  4.9329e-01,  9.5686e-01,  0.0000e+00,  0.0000e+00,
          0.0000e+00,  0.0000e+00,  0.0000e+00,  0.0000e+00,  0.0000e+00,
          0.0000e+00,  7.9400e-01, -1.3970e-09,  6.4452e-02, -1.0273e-01,
          2.8081e-02,  1.3581e-01, -4.3754e-01, -4.5639e-02,  1.4823e-01,
         -7.2809e-01, -1.8626e-09, -6.4452e-02, -1.0273e-01,  3.8300e-02,
         -1.2966e-01, -4.3686e-01, -2.2733e-02, -1.3502e-01, -7.3055e-01,
         -1.6044e-04,  1.1809e-01,  2.8374e-01,  3.0370e-02,  2.4345e-01,
          1.1728e-01,  2.5353e-01,  2.1711e-01,  9.5370e-02,  1.5594e-03,
         -8.1797e-02,  2.9841e-01,  2.3231e-02, -2.9212e-01,  3.6830e-01,
          1.4693e-01, -4.6763e-01,  4.3810e-01]], dtype=torch.float64)
local_key_body_pos:
tensor([[-8.4087e-02,  6.5408e-02,  3.1825e-02,  3.3239e-01,  6.8290e-03,
         -2.1395e-01, -1.1426e-01, -5.1671e-02, -5.7593e-02,  3.1999e-01,
          2.8402e-01,  1.0519e-01,  8.6043e-03, -7.3256e-02,  3.4822e-03,
         -8.7910e-02,  5.4035e-01, -1.9964e-01,  6.6831e-02, -4.9722e-01,
         -1.8475e+00,  4.9329e-01,  9.5686e-01,  0.0000e+00,  0.0000e+00,
          0.0000e+00,  0.0000e+00,  0.0000e+00,  0.0000e+00,  0.0000e+00,
          0.0000e+00,  7.9400e-01, -1.3970e-09,  6.4452e-02, -1.0273e-01,
          2.8081e-02,  1.3581e-01, -4.3754e-01, -4.5639e-02,  1.4823e-01,
         -7.2809e-01, -1.8626e-09, -6.4452e-02, -1.0273e-01,  3.8300e-02,
         -1.2966e-01, -4.3686e-01, -2.2733e-02, -1.3502e-01, -7.3055e-01,
         -1.6044e-04,  1.1809e-01,  2.8374e-01,  3.0370e-02,  2.4345e-01,
          1.1728e-01,  2.5353e-01,  2.1711e-01,  9.5370e-02,  1.5594e-03,
         -8.1797e-02,  2.9841e-01,  2.3231e-02, -2.9212e-01,  3.6830e-01,
          1.4693e-01, -4.6763e-01,  4.3810e-01]], dtype=torch.float64)
----------------------------------------
dof_pos:
tensor([[-8.4087e-02,  6.5408e-02,  3.1825e-02,  3.3239e-01,  6.8290e-03,
         -2.1395e-01, -1.1426e-01, -5.1671e-02, -5.7593e-02,  3.1999e-01,
          2.8402e-01,  1.0519e-01,  8.6043e-03, -7.3256e-02,  3.4822e-03,
         -8.7910e-02,  5.4035e-01, -1.9964e-01,  6.6831e-02, -4.9722e-01,
         -1.8475e+00,  4.9329e-01,  9.5686e-01,  0.0000e+00,  0.0000e+00,
          0.0000e+00,  0.0000e+00,  0.0000e+00,  0.0000e+00,  0.0000e+00,
          0.0000e+00,  7.9400e-01, -1.3970e-09,  6.4452e-02, -1.0273e-01,
          2.8081e-02,  1.3581e-01, -4.3754e-01, -4.5639e-02,  1.4823e-01,
         -7.2809e-01, -1.8626e-09, -6.4452e-02, -1.0273e-01,  3.8300e-02,
         -1.2966e-01, -4.3686e-01, -2.2733e-02, -1.3502e-01, -7.3055e-01,
         -1.6044e-04,  1.1809e-01,  2.8374e-01,  3.0370e-02,  2.4345e-01,
          1.1728e-01,  2.5353e-01,  2.1711e-01,  9.5370e-02,  1.5594e-03,
         -8.1797e-02,  2.9841e-01,  2.3231e-02, -2.9212e-01,  3.6830e-01,
          1.4693e-01, -4.6763e-01,  4.3810e-01]], dtype=torch.float64)
local_key_body_pos:
tensor([[-8.4087e-02,  6.5408e-02,  3.1825e-02,  3.3239e-01,  6.8290e-03,
         -2.1395e-01, -1.1426e-01, -5.1671e-02, -5.7593e-02,  3.1999e-01,
          2.8402e-01,  1.0519e-01,  8.6043e-03, -7.3256e-02,  3.4822e-03,
         -8.7910e-02,  5.4035e-01, -1.9964e-01,  6.6831e-02, -4.9722e-01,
         -1.8475e+00,  4.9329e-01,  9.5686e-01,  0.0000e+00,  0.0000e+00,
          0.0000e+00,  0.0000e+00,  0.0000e+00,  0.0000e+00,  0.0000e+00,
          0.0000e+00,  7.9400e-01, -1.3970e-09,  6.4452e-02, -1.0273e-01,
          2.8081e-02,  1.3581e-01, -4.3754e-01, -4.5639e-02,  1.4823e-01,
         -7.2809e-01, -1.8626e-09, -6.4452e-02, -1.0273e-01,  3.8300e-02,
         -1.2966e-01, -4.3686e-01, -2.2733e-02, -1.3502e-01, -7.3055e-01,
         -1.6044e-04,  1.1809e-01,  2.8374e-01,  3.0370e-02,  2.4345e-01,
          1.1728e-01,  2.5353e-01,  2.1711e-01,  9.5370e-02,  1.5594e-03,
         -8.1797e-02,  2.9841e-01,  2.3231e-02, -2.9212e-01,  3.6830e-01,
          1.4693e-01, -4.6763e-01,  4.3810e-01]], dtype=torch.float64)
----------------------------------------
dof_pos:
tensor([[-8.4087e-02,  6.5408e-02,  3.1825e-02,  3.3239e-01,  6.8290e-03,
         -2.1395e-01, -1.1426e-01, -5.1671e-02, -5.7593e-02,  3.1999e-01,
          2.8402e-01,  1.0519e-01,  8.6043e-03, -7.3256e-02,  3.4822e-03,
         -8.7910e-02,  5.4035e-01, -1.9964e-01,  6.6831e-02, -4.9722e-01,
         -1.8475e+00,  4.9329e-01,  9.5686e-01,  0.0000e+00,  0.0000e+00,
          0.0000e+00,  0.0000e+00,  0.0000e+00,  0.0000e+00,  0.0000e+00,
          0.0000e+00,  7.9400e-01, -1.3970e-09,  6.4452e-02, -1.0273e-01,
          2.8081e-02,  1.3581e-01, -4.3754e-01, -4.5639e-02,  1.4823e-01,
         -7.2809e-01, -1.8626e-09, -6.4452e-02, -1.0273e-01,  3.8300e-02,
         -1.2966e-01, -4.3686e-01, -2.2733e-02, -1.3502e-01, -7.3055e-01,
         -1.6044e-04,  1.1809e-01,  2.8374e-01,  3.0370e-02,  2.4345e-01,
          1.1728e-01,  2.5353e-01,  2.1711e-01,  9.5370e-02,  1.5594e-03,
         -8.1797e-02,  2.9841e-01,  2.3231e-02, -2.9212e-01,  3.6830e-01,
          1.4693e-01, -4.6763e-01,  4.3810e-01]], dtype=torch.float64)
local_key_body_pos:
tensor([[-8.4087e-02,  6.5408e-02,  3.1825e-02,  3.3239e-01,  6.8290e-03,
         -2.1395e-01, -1.1426e-01, -5.1671e-02, -5.7593e-02,  3.1999e-01,
          2.8402e-01,  1.0519e-01,  8.6043e-03, -7.3256e-02,  3.4822e-03,
         -8.7910e-02,  5.4035e-01, -1.9964e-01,  6.6831e-02, -4.9722e-01,
         -1.8475e+00,  4.9329e-01,  9.5686e-01,  0.0000e+00,  0.0000e+00,
          0.0000e+00,  0.0000e+00,  0.0000e+00,  0.0000e+00,  0.0000e+00,
          0.0000e+00,  7.9400e-01, -1.3970e-09,  6.4452e-02, -1.0273e-01,
          2.8081e-02,  1.3581e-01, -4.3754e-01, -4.5639e-02,  1.4823e-01,
         -7.2809e-01, -1.8626e-09, -6.4452e-02, -1.0273e-01,  3.8300e-02,
         -1.2966e-01, -4.3686e-01, -2.2733e-02, -1.3502e-01, -7.3055e-01,
         -1.6044e-04,  1.1809e-01,  2.8374e-01,  3.0370e-02,  2.4345e-01,
          1.1728e-01,  2.5353e-01,  2.1711e-01,  9.5370e-02,  1.5594e-03,
         -8.1797e-02,  2.9841e-01,  2.3231e-02, -2.9212e-01,  3.6830e-01,
          1.4693e-01, -4.6763e-01,  4.3810e-01]], dtype=torch.float64)
----------------------------------------
dof_pos:
tensor([[-8.4087e-02,  6.5408e-02,  3.1825e-02,  3.3239e-01,  6.8290e-03,
         -2.1395e-01, -1.1426e-01, -5.1671e-02, -5.7593e-02,  3.1999e-01,
          2.8402e-01,  1.0519e-01,  8.6043e-03, -7.3256e-02,  3.4822e-03,
         -8.7910e-02,  5.4035e-01, -1.9964e-01,  6.6831e-02, -4.9722e-01,
         -1.8475e+00,  4.9329e-01,  9.5686e-01,  0.0000e+00,  0.0000e+00,
          0.0000e+00,  0.0000e+00,  0.0000e+00,  0.0000e+00,  0.0000e+00,
          0.0000e+00,  7.9400e-01, -1.3970e-09,  6.4452e-02, -1.0273e-01,
          2.8081e-02,  1.3581e-01, -4.3754e-01, -4.5639e-02,  1.4823e-01,
         -7.2809e-01, -1.8626e-09, -6.4452e-02, -1.0273e-01,  3.8300e-02,
         -1.2966e-01, -4.3686e-01, -2.2733e-02, -1.3502e-01, -7.3055e-01,
         -1.6044e-04,  1.1809e-01,  2.8374e-01,  3.0370e-02,  2.4345e-01,
          1.1728e-01,  2.5353e-01,  2.1711e-01,  9.5370e-02,  1.5594e-03,
         -8.1797e-02,  2.9841e-01,  2.3231e-02, -2.9212e-01,  3.6830e-01,
          1.4693e-01, -4.6763e-01,  4.3810e-01]], dtype=torch.float64)
local_key_body_pos:
tensor([[-8.4087e-02,  6.5408e-02,  3.1825e-02,  3.3239e-01,  6.8290e-03,
         -2.1395e-01, -1.1426e-01, -5.1671e-02, -5.7593e-02,  3.1999e-01,
          2.8402e-01,  1.0519e-01,  8.6043e-03, -7.3256e-02,  3.4822e-03,
         -8.7910e-02,  5.4035e-01, -1.9964e-01,  6.6831e-02, -4.9722e-01,
         -1.8475e+00,  4.9329e-01,  9.5686e-01,  0.0000e+00,  0.0000e+00,
          0.0000e+00,  0.0000e+00,  0.0000e+00,  0.0000e+00,  0.0000e+00,
          0.0000e+00,  7.9400e-01, -1.3970e-09,  6.4452e-02, -1.0273e-01,
          2.8081e-02,  1.3581e-01, -4.3754e-01, -4.5639e-02,  1.4823e-01,
         -7.2809e-01, -1.8626e-09, -6.4452e-02, -1.0273e-01,  3.8300e-02,
         -1.2966e-01, -4.3686e-01, -2.2733e-02, -1.3502e-01, -7.3055e-01,
         -1.6044e-04,  1.1809e-01,  2.8374e-01,  3.0370e-02,  2.4345e-01,
          1.1728e-01,  2.5353e-01,  2.1711e-01,  9.5370e-02,  1.5594e-03,
         -8.1797e-02,  2.9841e-01,  2.3231e-02, -2.9212e-01,  3.6830e-01,
          1.4693e-01, -4.6763e-01,  4.3810e-01]], dtype=torch.float64)
----------------------------------------
dof_pos:
tensor([[-8.4087e-02,  6.5408e-02,  3.1825e-02,  3.3239e-01,  6.8290e-03,
         -2.1395e-01, -1.1426e-01, -5.1671e-02, -5.7593e-02,  3.1999e-01,
          2.8402e-01,  1.0519e-01,  8.6043e-03, -7.3256e-02,  3.4822e-03,
         -8.7910e-02,  5.4035e-01, -1.9964e-01,  6.6831e-02, -4.9722e-01,
         -1.8475e+00,  4.9329e-01,  9.5686e-01,  0.0000e+00,  0.0000e+00,
          0.0000e+00,  0.0000e+00,  0.0000e+00,  0.0000e+00,  0.0000e+00,
          0.0000e+00,  7.9400e-01, -1.3970e-09,  6.4452e-02, -1.0273e-01,
          2.8081e-02,  1.3581e-01, -4.3754e-01, -4.5639e-02,  1.4823e-01,
         -7.2809e-01, -1.8626e-09, -6.4452e-02, -1.0273e-01,  3.8300e-02,
         -1.2966e-01, -4.3686e-01, -2.2733e-02, -1.3502e-01, -7.3055e-01,
         -1.6044e-04,  1.1809e-01,  2.8374e-01,  3.0370e-02,  2.4345e-01,
          1.1728e-01,  2.5353e-01,  2.1711e-01,  9.5370e-02,  1.5594e-03,
         -8.1797e-02,  2.9841e-01,  2.3231e-02, -2.9212e-01,  3.6830e-01,
          1.4693e-01, -4.6763e-01,  4.3810e-01]], dtype=torch.float64)
local_key_body_pos:
tensor([[-8.4087e-02,  6.5408e-02,  3.1825e-02,  3.3239e-01,  6.8290e-03,
         -2.1395e-01, -1.1426e-01, -5.1671e-02, -5.7593e-02,  3.1999e-01,
          2.8402e-01,  1.0519e-01,  8.6043e-03, -7.3256e-02,  3.4822e-03,
         -8.7910e-02,  5.4035e-01, -1.9964e-01,  6.6831e-02, -4.9722e-01,
         -1.8475e+00,  4.9329e-01,  9.5686e-01,  0.0000e+00,  0.0000e+00,
          0.0000e+00,  0.0000e+00,  0.0000e+00,  0.0000e+00,  0.0000e+00,
          0.0000e+00,  7.9400e-01, -1.3970e-09,  6.4452e-02, -1.0273e-01,
          2.8081e-02,  1.3581e-01, -4.3754e-01, -4.5639e-02,  1.4823e-01,
         -7.2809e-01, -1.8626e-09, -6.4452e-02, -1.0273e-01,  3.8300e-02,
         -1.2966e-01, -4.3686e-01, -2.2733e-02, -1.3502e-01, -7.3055e-01,
         -1.6044e-04,  1.1809e-01,  2.8374e-01,  3.0370e-02,  2.4345e-01,
          1.1728e-01,  2.5353e-01,  2.1711e-01,  9.5370e-02,  1.5594e-03,
         -8.1797e-02,  2.9841e-01,  2.3231e-02, -2.9212e-01,  3.6830e-01,
          1.4693e-01, -4.6763e-01,  4.3810e-01]], dtype=torch.float64)
----------------------------------------
dof_pos:
tensor([[-8.4087e-02,  6.5408e-02,  3.1825e-02,  3.3239e-01,  6.8290e-03,
         -2.1395e-01, -1.1426e-01, -5.1671e-02, -5.7593e-02,  3.1999e-01,
          2.8402e-01,  1.0519e-01,  8.6043e-03, -7.3256e-02,  3.4822e-03,
         -8.7910e-02,  5.4035e-01, -1.9964e-01,  6.6831e-02, -4.9722e-01,
         -1.8475e+00,  4.9329e-01,  9.5686e-01,  0.0000e+00,  0.0000e+00,
          0.0000e+00,  0.0000e+00,  0.0000e+00,  0.0000e+00,  0.0000e+00,
          0.0000e+00,  7.9400e-01, -1.3970e-09,  6.4452e-02, -1.0273e-01,
          2.8081e-02,  1.3581e-01, -4.3754e-01, -4.5639e-02,  1.4823e-01,
         -7.2809e-01, -1.8626e-09, -6.4452e-02, -1.0273e-01,  3.8300e-02,
         -1.2966e-01, -4.3686e-01, -2.2733e-02, -1.3502e-01, -7.3055e-01,
         -1.6044e-04,  1.1809e-01,  2.8374e-01,  3.0370e-02,  2.4345e-01,
          1.1728e-01,  2.5353e-01,  2.1711e-01,  9.5370e-02,  1.5594e-03,
         -8.1797e-02,  2.9841e-01,  2.3231e-02, -2.9212e-01,  3.6830e-01,
          1.4693e-01, -4.6763e-01,  4.3810e-01]], dtype=torch.float64)
local_key_body_pos:
tensor([[-8.4087e-02,  6.5408e-02,  3.1825e-02,  3.3239e-01,  6.8290e-03,
         -2.1395e-01, -1.1426e-01, -5.1671e-02, -5.7593e-02,  3.1999e-01,
          2.8402e-01,  1.0519e-01,  8.6043e-03, -7.3256e-02,  3.4822e-03,
         -8.7910e-02,  5.4035e-01, -1.9964e-01,  6.6831e-02, -4.9722e-01,
         -1.8475e+00,  4.9329e-01,  9.5686e-01,  0.0000e+00,  0.0000e+00,
          0.0000e+00,  0.0000e+00,  0.0000e+00,  0.0000e+00,  0.0000e+00,
          0.0000e+00,  7.9400e-01, -1.3970e-09,  6.4452e-02, -1.0273e-01,
          2.8081e-02,  1.3581e-01, -4.3754e-01, -4.5639e-02,  1.4823e-01,
         -7.2809e-01, -1.8626e-09, -6.4452e-02, -1.0273e-01,  3.8300e-02,
         -1.2966e-01, -4.3686e-01, -2.2733e-02, -1.3502e-01, -7.3055e-01,
         -1.6044e-04,  1.1809e-01,  2.8374e-01,  3.0370e-02,  2.4345e-01,
          1.1728e-01,  2.5353e-01,  2.1711e-01,  9.5370e-02,  1.5594e-03,
         -8.1797e-02,  2.9841e-01,  2.3231e-02, -2.9212e-01,  3.6830e-01,
          1.4693e-01, -4.6763e-01,  4.3810e-01]], dtype=torch.float64)
----------------------------------------
dof_pos:
tensor([[-8.4087e-02,  6.5408e-02,  3.1825e-02,  3.3239e-01,  6.8290e-03,
         -2.1395e-01, -1.1426e-01, -5.1671e-02, -5.7593e-02,  3.1999e-01,
          2.8402e-01,  1.0519e-01,  8.6043e-03, -7.3256e-02,  3.4822e-03,
         -8.7910e-02,  5.4035e-01, -1.9964e-01,  6.6831e-02, -4.9722e-01,
         -1.8475e+00,  4.9329e-01,  9.5686e-01,  0.0000e+00,  0.0000e+00,
          0.0000e+00,  0.0000e+00,  0.0000e+00,  0.0000e+00,  0.0000e+00,
          0.0000e+00,  7.9400e-01, -1.3970e-09,  6.4452e-02, -1.0273e-01,
          2.8081e-02,  1.3581e-01, -4.3754e-01, -4.5639e-02,  1.4823e-01,
         -7.2809e-01, -1.8626e-09, -6.4452e-02, -1.0273e-01,  3.8300e-02,
         -1.2966e-01, -4.3686e-01, -2.2733e-02, -1.3502e-01, -7.3055e-01,
         -1.6044e-04,  1.1809e-01,  2.8374e-01,  3.0370e-02,  2.4345e-01,
          1.1728e-01,  2.5353e-01,  2.1711e-01,  9.5370e-02,  1.5594e-03,
         -8.1797e-02,  2.9841e-01,  2.3231e-02, -2.9212e-01,  3.6830e-01,
          1.4693e-01, -4.6763e-01,  4.3810e-01]], dtype=torch.float64)
local_key_body_pos:
tensor([[-8.4087e-02,  6.5408e-02,  3.1825e-02,  3.3239e-01,  6.8290e-03,
         -2.1395e-01, -1.1426e-01, -5.1671e-02, -5.7593e-02,  3.1999e-01,
          2.8402e-01,  1.0519e-01,  8.6043e-03, -7.3256e-02,  3.4822e-03,
         -8.7910e-02,  5.4035e-01, -1.9964e-01,  6.6831e-02, -4.9722e-01,
         -1.8475e+00,  4.9329e-01,  9.5686e-01,  0.0000e+00,  0.0000e+00,
          0.0000e+00,  0.0000e+00,  0.0000e+00,  0.0000e+00,  0.0000e+00,
          0.0000e+00,  7.9400e-01, -1.3970e-09,  6.4452e-02, -1.0273e-01,
          2.8081e-02,  1.3581e-01, -4.3754e-01, -4.5639e-02,  1.4823e-01,
         -7.2809e-01, -1.8626e-09, -6.4452e-02, -1.0273e-01,  3.8300e-02,
         -1.2966e-01, -4.3686e-01, -2.2733e-02, -1.3502e-01, -7.3055e-01,
         -1.6044e-04,  1.1809e-01,  2.8374e-01,  3.0370e-02,  2.4345e-01,
          1.1728e-01,  2.5353e-01,  2.1711e-01,  9.5370e-02,  1.5594e-03,
         -8.1797e-02,  2.9841e-01,  2.3231e-02, -2.9212e-01,  3.6830e-01,
          1.4693e-01, -4.6763e-01,  4.3810e-01]], dtype=torch.float64)
----------------------------------------
dof_pos:
tensor([[-8.4087e-02,  6.5408e-02,  3.1825e-02,  3.3239e-01,  6.8290e-03,
         -2.1395e-01, -1.1426e-01, -5.1671e-02, -5.7593e-02,  3.1999e-01,
          2.8402e-01,  1.0519e-01,  8.6043e-03, -7.3256e-02,  3.4822e-03,
         -8.7910e-02,  5.4035e-01, -1.9964e-01,  6.6831e-02, -4.9722e-01,
         -1.8475e+00,  4.9329e-01,  9.5686e-01,  0.0000e+00,  0.0000e+00,
          0.0000e+00,  0.0000e+00,  0.0000e+00,  0.0000e+00,  0.0000e+00,
          0.0000e+00,  7.9400e-01, -1.3970e-09,  6.4452e-02, -1.0273e-01,
          2.8081e-02,  1.3581e-01, -4.3754e-01, -4.5639e-02,  1.4823e-01,
         -7.2809e-01, -1.8626e-09, -6.4452e-02, -1.0273e-01,  3.8300e-02,
         -1.2966e-01, -4.3686e-01, -2.2733e-02, -1.3502e-01, -7.3055e-01,
         -1.6044e-04,  1.1809e-01,  2.8374e-01,  3.0370e-02,  2.4345e-01,
          1.1728e-01,  2.5353e-01,  2.1711e-01,  9.5370e-02,  1.5594e-03,
         -8.1797e-02,  2.9841e-01,  2.3231e-02, -2.9212e-01,  3.6830e-01,
          1.4693e-01, -4.6763e-01,  4.3810e-01]], dtype=torch.float64)
local_key_body_pos:
tensor([[-8.4087e-02,  6.5408e-02,  3.1825e-02,  3.3239e-01,  6.8290e-03,
         -2.1395e-01, -1.1426e-01, -5.1671e-02, -5.7593e-02,  3.1999e-01,
          2.8402e-01,  1.0519e-01,  8.6043e-03, -7.3256e-02,  3.4822e-03,
         -8.7910e-02,  5.4035e-01, -1.9964e-01,  6.6831e-02, -4.9722e-01,
         -1.8475e+00,  4.9329e-01,  9.5686e-01,  0.0000e+00,  0.0000e+00,
          0.0000e+00,  0.0000e+00,  0.0000e+00,  0.0000e+00,  0.0000e+00,
          0.0000e+00,  7.9400e-01, -1.3970e-09,  6.4452e-02, -1.0273e-01,
          2.8081e-02,  1.3581e-01, -4.3754e-01, -4.5639e-02,  1.4823e-01,
         -7.2809e-01, -1.8626e-09, -6.4452e-02, -1.0273e-01,  3.8300e-02,
         -1.2966e-01, -4.3686e-01, -2.2733e-02, -1.3502e-01, -7.3055e-01,
         -1.6044e-04,  1.1809e-01,  2.8374e-01,  3.0370e-02,  2.4345e-01,
          1.1728e-01,  2.5353e-01,  2.1711e-01,  9.5370e-02,  1.5594e-03,
         -8.1797e-02,  2.9841e-01,  2.3231e-02, -2.9212e-01,  3.6830e-01,
          1.4693e-01, -4.6763e-01,  4.3810e-01]], dtype=torch.float64)
----------------------------------------
dof_pos:
tensor([[-8.2592e-02,  6.1913e-02,  3.3643e-02,  3.4339e-01, -2.3781e-02,
         -1.9327e-01, -1.2063e-01, -5.7658e-02, -5.9732e-02,  3.2374e-01,
          2.7679e-01,  1.2670e-01,  4.3362e-03, -7.1127e-02,  2.2518e-03,
         -9.1453e-02,  5.2962e-01, -2.3002e-01,  7.1900e-02, -4.4524e-01,
         -1.7947e+00,  4.7948e-01,  8.8593e-01,  0.0000e+00,  0.0000e+00,
          0.0000e+00,  0.0000e+00,  0.0000e+00,  0.0000e+00,  0.0000e+00,
          0.0000e+00,  7.9400e-01,  4.6566e-10,  6.4452e-02, -1.0273e-01,
          2.7600e-02,  1.3462e-01, -4.3766e-01, -4.9722e-02,  1.4566e-01,
         -7.2732e-01, -1.3970e-09, -6.4452e-02, -1.0273e-01,  4.0410e-02,
         -1.3130e-01, -4.3654e-01, -1.9839e-02, -1.3784e-01, -7.3036e-01,
          4.0850e-05,  1.1758e-01,  2.8399e-01,  3.1929e-02,  2.4098e-01,
          1.1682e-01,  2.5386e-01,  2.0771e-01,  9.2083e-02,  9.0775e-04,
         -8.2345e-02,  2.9824e-01,  2.5401e-02, -2.9585e-01,  3.5862e-01,
          1.6553e-01, -4.6493e-01,  4.1107e-01]], dtype=torch.float64)
local_key_body_pos:
tensor([[-8.2592e-02,  6.1913e-02,  3.3643e-02,  3.4339e-01, -2.3781e-02,
         -1.9327e-01, -1.2063e-01, -5.7658e-02, -5.9732e-02,  3.2374e-01,
          2.7679e-01,  1.2670e-01,  4.3362e-03, -7.1127e-02,  2.2518e-03,
         -9.1453e-02,  5.2962e-01, -2.3002e-01,  7.1900e-02, -4.4524e-01,
         -1.7947e+00,  4.7948e-01,  8.8593e-01,  0.0000e+00,  0.0000e+00,
          0.0000e+00,  0.0000e+00,  0.0000e+00,  0.0000e+00,  0.0000e+00,
          0.0000e+00,  7.9400e-01,  4.6566e-10,  6.4452e-02, -1.0273e-01,
          2.7600e-02,  1.3462e-01, -4.3766e-01, -4.9722e-02,  1.4566e-01,
         -7.2732e-01, -1.3970e-09, -6.4452e-02, -1.0273e-01,  4.0410e-02,
         -1.3130e-01, -4.3654e-01, -1.9839e-02, -1.3784e-01, -7.3036e-01,
          4.0850e-05,  1.1758e-01,  2.8399e-01,  3.1929e-02,  2.4098e-01,
          1.1682e-01,  2.5386e-01,  2.0771e-01,  9.2083e-02,  9.0775e-04,
         -8.2345e-02,  2.9824e-01,  2.5401e-02, -2.9585e-01,  3.5862e-01,
          1.6553e-01, -4.6493e-01,  4.1107e-01]], dtype=torch.float64)
----------------------------------------
dof_pos:
tensor([[-8.2592e-02,  6.1913e-02,  3.3643e-02,  3.4339e-01, -2.3781e-02,
         -1.9327e-01, -1.2063e-01, -5.7658e-02, -5.9732e-02,  3.2374e-01,
          2.7679e-01,  1.2670e-01,  4.3362e-03, -7.1127e-02,  2.2518e-03,
         -9.1453e-02,  5.2962e-01, -2.3002e-01,  7.1900e-02, -4.4524e-01,
         -1.7947e+00,  4.7948e-01,  8.8593e-01,  0.0000e+00,  0.0000e+00,
          0.0000e+00,  0.0000e+00,  0.0000e+00,  0.0000e+00,  0.0000e+00,
          0.0000e+00,  7.9400e-01,  4.6566e-10,  6.4452e-02, -1.0273e-01,
          2.7600e-02,  1.3462e-01, -4.3766e-01, -4.9722e-02,  1.4566e-01,
         -7.2732e-01, -1.3970e-09, -6.4452e-02, -1.0273e-01,  4.0410e-02,
         -1.3130e-01, -4.3654e-01, -1.9839e-02, -1.3784e-01, -7.3036e-01,
          4.0850e-05,  1.1758e-01,  2.8399e-01,  3.1929e-02,  2.4098e-01,
          1.1682e-01,  2.5386e-01,  2.0771e-01,  9.2083e-02,  9.0775e-04,
         -8.2345e-02,  2.9824e-01,  2.5401e-02, -2.9585e-01,  3.5862e-01,
          1.6553e-01, -4.6493e-01,  4.1107e-01]], dtype=torch.float64)
local_key_body_pos:
tensor([[-8.2592e-02,  6.1913e-02,  3.3643e-02,  3.4339e-01, -2.3781e-02,
         -1.9327e-01, -1.2063e-01, -5.7658e-02, -5.9732e-02,  3.2374e-01,
          2.7679e-01,  1.2670e-01,  4.3362e-03, -7.1127e-02,  2.2518e-03,
         -9.1453e-02,  5.2962e-01, -2.3002e-01,  7.1900e-02, -4.4524e-01,
         -1.7947e+00,  4.7948e-01,  8.8593e-01,  0.0000e+00,  0.0000e+00,
          0.0000e+00,  0.0000e+00,  0.0000e+00,  0.0000e+00,  0.0000e+00,
          0.0000e+00,  7.9400e-01,  4.6566e-10,  6.4452e-02, -1.0273e-01,
          2.7600e-02,  1.3462e-01, -4.3766e-01, -4.9722e-02,  1.4566e-01,
         -7.2732e-01, -1.3970e-09, -6.4452e-02, -1.0273e-01,  4.0410e-02,
         -1.3130e-01, -4.3654e-01, -1.9839e-02, -1.3784e-01, -7.3036e-01,
          4.0850e-05,  1.1758e-01,  2.8399e-01,  3.1929e-02,  2.4098e-01,
          1.1682e-01,  2.5386e-01,  2.0771e-01,  9.2083e-02,  9.0775e-04,
         -8.2345e-02,  2.9824e-01,  2.5401e-02, -2.9585e-01,  3.5862e-01,
          1.6553e-01, -4.6493e-01,  4.1107e-01]], dtype=torch.float64)
----------------------------------------
dof_pos:
tensor([[-8.2592e-02,  6.1913e-02,  3.3643e-02,  3.4339e-01, -2.3781e-02,
         -1.9327e-01, -1.2063e-01, -5.7658e-02, -5.9732e-02,  3.2374e-01,
          2.7679e-01,  1.2670e-01,  4.3362e-03, -7.1127e-02,  2.2518e-03,
         -9.1453e-02,  5.2962e-01, -2.3002e-01,  7.1900e-02, -4.4524e-01,
         -1.7947e+00,  4.7948e-01,  8.8593e-01,  0.0000e+00,  0.0000e+00,
          0.0000e+00,  0.0000e+00,  0.0000e+00,  0.0000e+00,  0.0000e+00,
          0.0000e+00,  7.9400e-01,  4.6566e-10,  6.4452e-02, -1.0273e-01,
          2.7600e-02,  1.3462e-01, -4.3766e-01, -4.9722e-02,  1.4566e-01,
         -7.2732e-01, -1.3970e-09, -6.4452e-02, -1.0273e-01,  4.0410e-02,
         -1.3130e-01, -4.3654e-01, -1.9839e-02, -1.3784e-01, -7.3036e-01,
          4.0850e-05,  1.1758e-01,  2.8399e-01,  3.1929e-02,  2.4098e-01,
          1.1682e-01,  2.5386e-01,  2.0771e-01,  9.2083e-02,  9.0775e-04,
         -8.2345e-02,  2.9824e-01,  2.5401e-02, -2.9585e-01,  3.5862e-01,
          1.6553e-01, -4.6493e-01,  4.1107e-01]], dtype=torch.float64)
local_key_body_pos:
tensor([[-8.2592e-02,  6.1913e-02,  3.3643e-02,  3.4339e-01, -2.3781e-02,
         -1.9327e-01, -1.2063e-01, -5.7658e-02, -5.9732e-02,  3.2374e-01,
          2.7679e-01,  1.2670e-01,  4.3362e-03, -7.1127e-02,  2.2518e-03,
         -9.1453e-02,  5.2962e-01, -2.3002e-01,  7.1900e-02, -4.4524e-01,
         -1.7947e+00,  4.7948e-01,  8.8593e-01,  0.0000e+00,  0.0000e+00,
          0.0000e+00,  0.0000e+00,  0.0000e+00,  0.0000e+00,  0.0000e+00,
          0.0000e+00,  7.9400e-01,  4.6566e-10,  6.4452e-02, -1.0273e-01,
          2.7600e-02,  1.3462e-01, -4.3766e-01, -4.9722e-02,  1.4566e-01,
         -7.2732e-01, -1.3970e-09, -6.4452e-02, -1.0273e-01,  4.0410e-02,
         -1.3130e-01, -4.3654e-01, -1.9839e-02, -1.3784e-01, -7.3036e-01,
          4.0850e-05,  1.1758e-01,  2.8399e-01,  3.1929e-02,  2.4098e-01,
          1.1682e-01,  2.5386e-01,  2.0771e-01,  9.2083e-02,  9.0775e-04,
         -8.2345e-02,  2.9824e-01,  2.5401e-02, -2.9585e-01,  3.5862e-01,
          1.6553e-01, -4.6493e-01,  4.1107e-01]], dtype=torch.float64)
----------------------------------------
dof_pos:
tensor([[-8.2592e-02,  6.1913e-02,  3.3643e-02,  3.4339e-01, -2.3781e-02,
         -1.9327e-01, -1.2063e-01, -5.7658e-02, -5.9732e-02,  3.2374e-01,
          2.7679e-01,  1.2670e-01,  4.3362e-03, -7.1127e-02,  2.2518e-03,
         -9.1453e-02,  5.2962e-01, -2.3002e-01,  7.1900e-02, -4.4524e-01,
         -1.7947e+00,  4.7948e-01,  8.8593e-01,  0.0000e+00,  0.0000e+00,
          0.0000e+00,  0.0000e+00,  0.0000e+00,  0.0000e+00,  0.0000e+00,
          0.0000e+00,  7.9400e-01,  4.6566e-10,  6.4452e-02, -1.0273e-01,
          2.7600e-02,  1.3462e-01, -4.3766e-01, -4.9722e-02,  1.4566e-01,
         -7.2732e-01, -1.3970e-09, -6.4452e-02, -1.0273e-01,  4.0410e-02,
         -1.3130e-01, -4.3654e-01, -1.9839e-02, -1.3784e-01, -7.3036e-01,
          4.0850e-05,  1.1758e-01,  2.8399e-01,  3.1929e-02,  2.4098e-01,
          1.1682e-01,  2.5386e-01,  2.0771e-01,  9.2083e-02,  9.0775e-04,
         -8.2345e-02,  2.9824e-01,  2.5401e-02, -2.9585e-01,  3.5862e-01,
          1.6553e-01, -4.6493e-01,  4.1107e-01]], dtype=torch.float64)
local_key_body_pos:
tensor([[-8.2592e-02,  6.1913e-02,  3.3643e-02,  3.4339e-01, -2.3781e-02,
         -1.9327e-01, -1.2063e-01, -5.7658e-02, -5.9732e-02,  3.2374e-01,
          2.7679e-01,  1.2670e-01,  4.3362e-03, -7.1127e-02,  2.2518e-03,
         -9.1453e-02,  5.2962e-01, -2.3002e-01,  7.1900e-02, -4.4524e-01,
         -1.7947e+00,  4.7948e-01,  8.8593e-01,  0.0000e+00,  0.0000e+00,
          0.0000e+00,  0.0000e+00,  0.0000e+00,  0.0000e+00,  0.0000e+00,
          0.0000e+00,  7.9400e-01,  4.6566e-10,  6.4452e-02, -1.0273e-01,
          2.7600e-02,  1.3462e-01, -4.3766e-01, -4.9722e-02,  1.4566e-01,
         -7.2732e-01, -1.3970e-09, -6.4452e-02, -1.0273e-01,  4.0410e-02,
         -1.3130e-01, -4.3654e-01, -1.9839e-02, -1.3784e-01, -7.3036e-01,
          4.0850e-05,  1.1758e-01,  2.8399e-01,  3.1929e-02,  2.4098e-01,
          1.1682e-01,  2.5386e-01,  2.0771e-01,  9.2083e-02,  9.0775e-04,
         -8.2345e-02,  2.9824e-01,  2.5401e-02, -2.9585e-01,  3.5862e-01,
          1.6553e-01, -4.6493e-01,  4.1107e-01]], dtype=torch.float64)
----------------------------------------
dof_pos:
tensor([[-8.2592e-02,  6.1913e-02,  3.3643e-02,  3.4339e-01, -2.3781e-02,
         -1.9327e-01, -1.2063e-01, -5.7658e-02, -5.9732e-02,  3.2374e-01,
          2.7679e-01,  1.2670e-01,  4.3362e-03, -7.1127e-02,  2.2518e-03,
         -9.1453e-02,  5.2962e-01, -2.3002e-01,  7.1900e-02, -4.4524e-01,
         -1.7947e+00,  4.7948e-01,  8.8593e-01,  0.0000e+00,  0.0000e+00,
          0.0000e+00,  0.0000e+00,  0.0000e+00,  0.0000e+00,  0.0000e+00,
          0.0000e+00,  7.9400e-01,  4.6566e-10,  6.4452e-02, -1.0273e-01,
          2.7600e-02,  1.3462e-01, -4.3766e-01, -4.9722e-02,  1.4566e-01,
         -7.2732e-01, -1.3970e-09, -6.4452e-02, -1.0273e-01,  4.0410e-02,
         -1.3130e-01, -4.3654e-01, -1.9839e-02, -1.3784e-01, -7.3036e-01,
          4.0850e-05,  1.1758e-01,  2.8399e-01,  3.1929e-02,  2.4098e-01,
          1.1682e-01,  2.5386e-01,  2.0771e-01,  9.2083e-02,  9.0775e-04,
         -8.2345e-02,  2.9824e-01,  2.5401e-02, -2.9585e-01,  3.5862e-01,
          1.6553e-01, -4.6493e-01,  4.1107e-01]], dtype=torch.float64)
local_key_body_pos:
tensor([[-8.2592e-02,  6.1913e-02,  3.3643e-02,  3.4339e-01, -2.3781e-02,
         -1.9327e-01, -1.2063e-01, -5.7658e-02, -5.9732e-02,  3.2374e-01,
          2.7679e-01,  1.2670e-01,  4.3362e-03, -7.1127e-02,  2.2518e-03,
         -9.1453e-02,  5.2962e-01, -2.3002e-01,  7.1900e-02, -4.4524e-01,
         -1.7947e+00,  4.7948e-01,  8.8593e-01,  0.0000e+00,  0.0000e+00,
          0.0000e+00,  0.0000e+00,  0.0000e+00,  0.0000e+00,  0.0000e+00,
          0.0000e+00,  7.9400e-01,  4.6566e-10,  6.4452e-02, -1.0273e-01,
          2.7600e-02,  1.3462e-01, -4.3766e-01, -4.9722e-02,  1.4566e-01,
         -7.2732e-01, -1.3970e-09, -6.4452e-02, -1.0273e-01,  4.0410e-02,
         -1.3130e-01, -4.3654e-01, -1.9839e-02, -1.3784e-01, -7.3036e-01,
          4.0850e-05,  1.1758e-01,  2.8399e-01,  3.1929e-02,  2.4098e-01,
          1.1682e-01,  2.5386e-01,  2.0771e-01,  9.2083e-02,  9.0775e-04,
         -8.2345e-02,  2.9824e-01,  2.5401e-02, -2.9585e-01,  3.5862e-01,
          1.6553e-01, -4.6493e-01,  4.1107e-01]], dtype=torch.float64)
----------------------------------------
dof_pos:
tensor([[-8.2592e-02,  6.1913e-02,  3.3643e-02,  3.4339e-01, -2.3781e-02,
         -1.9327e-01, -1.2063e-01, -5.7658e-02, -5.9732e-02,  3.2374e-01,
          2.7679e-01,  1.2670e-01,  4.3362e-03, -7.1127e-02,  2.2518e-03,
         -9.1453e-02,  5.2962e-01, -2.3002e-01,  7.1900e-02, -4.4524e-01,
         -1.7947e+00,  4.7948e-01,  8.8593e-01,  0.0000e+00,  0.0000e+00,
          0.0000e+00,  0.0000e+00,  0.0000e+00,  0.0000e+00,  0.0000e+00,
          0.0000e+00,  7.9400e-01,  4.6566e-10,  6.4452e-02, -1.0273e-01,
          2.7600e-02,  1.3462e-01, -4.3766e-01, -4.9722e-02,  1.4566e-01,
         -7.2732e-01, -1.3970e-09, -6.4452e-02, -1.0273e-01,  4.0410e-02,
         -1.3130e-01, -4.3654e-01, -1.9839e-02, -1.3784e-01, -7.3036e-01,
          4.0850e-05,  1.1758e-01,  2.8399e-01,  3.1929e-02,  2.4098e-01,
          1.1682e-01,  2.5386e-01,  2.0771e-01,  9.2083e-02,  9.0775e-04,
         -8.2345e-02,  2.9824e-01,  2.5401e-02, -2.9585e-01,  3.5862e-01,
          1.6553e-01, -4.6493e-01,  4.1107e-01]], dtype=torch.float64)
local_key_body_pos:
tensor([[-8.2592e-02,  6.1913e-02,  3.3643e-02,  3.4339e-01, -2.3781e-02,
         -1.9327e-01, -1.2063e-01, -5.7658e-02, -5.9732e-02,  3.2374e-01,
          2.7679e-01,  1.2670e-01,  4.3362e-03, -7.1127e-02,  2.2518e-03,
         -9.1453e-02,  5.2962e-01, -2.3002e-01,  7.1900e-02, -4.4524e-01,
         -1.7947e+00,  4.7948e-01,  8.8593e-01,  0.0000e+00,  0.0000e+00,
          0.0000e+00,  0.0000e+00,  0.0000e+00,  0.0000e+00,  0.0000e+00,
          0.0000e+00,  7.9400e-01,  4.6566e-10,  6.4452e-02, -1.0273e-01,
          2.7600e-02,  1.3462e-01, -4.3766e-01, -4.9722e-02,  1.4566e-01,
         -7.2732e-01, -1.3970e-09, -6.4452e-02, -1.0273e-01,  4.0410e-02,
         -1.3130e-01, -4.3654e-01, -1.9839e-02, -1.3784e-01, -7.3036e-01,
          4.0850e-05,  1.1758e-01,  2.8399e-01,  3.1929e-02,  2.4098e-01,
          1.1682e-01,  2.5386e-01,  2.0771e-01,  9.2083e-02,  9.0775e-04,
         -8.2345e-02,  2.9824e-01,  2.5401e-02, -2.9585e-01,  3.5862e-01,
          1.6553e-01, -4.6493e-01,  4.1107e-01]], dtype=torch.float64)
----------------------------------------
dof_pos:
tensor([[-8.2592e-02,  6.1913e-02,  3.3643e-02,  3.4339e-01, -2.3781e-02,
         -1.9327e-01, -1.2063e-01, -5.7658e-02, -5.9732e-02,  3.2374e-01,
          2.7679e-01,  1.2670e-01,  4.3362e-03, -7.1127e-02,  2.2518e-03,
         -9.1453e-02,  5.2962e-01, -2.3002e-01,  7.1900e-02, -4.4524e-01,
         -1.7947e+00,  4.7948e-01,  8.8593e-01,  0.0000e+00,  0.0000e+00,
          0.0000e+00,  0.0000e+00,  0.0000e+00,  0.0000e+00,  0.0000e+00,
          0.0000e+00,  7.9400e-01,  4.6566e-10,  6.4452e-02, -1.0273e-01,
          2.7600e-02,  1.3462e-01, -4.3766e-01, -4.9722e-02,  1.4566e-01,
         -7.2732e-01, -1.3970e-09, -6.4452e-02, -1.0273e-01,  4.0410e-02,
         -1.3130e-01, -4.3654e-01, -1.9839e-02, -1.3784e-01, -7.3036e-01,
          4.0850e-05,  1.1758e-01,  2.8399e-01,  3.1929e-02,  2.4098e-01,
          1.1682e-01,  2.5386e-01,  2.0771e-01,  9.2083e-02,  9.0775e-04,
         -8.2345e-02,  2.9824e-01,  2.5401e-02, -2.9585e-01,  3.5862e-01,
          1.6553e-01, -4.6493e-01,  4.1107e-01]], dtype=torch.float64)
local_key_body_pos:
tensor([[-8.2592e-02,  6.1913e-02,  3.3643e-02,  3.4339e-01, -2.3781e-02,
         -1.9327e-01, -1.2063e-01, -5.7658e-02, -5.9732e-02,  3.2374e-01,
          2.7679e-01,  1.2670e-01,  4.3362e-03, -7.1127e-02,  2.2518e-03,
         -9.1453e-02,  5.2962e-01, -2.3002e-01,  7.1900e-02, -4.4524e-01,
         -1.7947e+00,  4.7948e-01,  8.8593e-01,  0.0000e+00,  0.0000e+00,
          0.0000e+00,  0.0000e+00,  0.0000e+00,  0.0000e+00,  0.0000e+00,
          0.0000e+00,  7.9400e-01,  4.6566e-10,  6.4452e-02, -1.0273e-01,
          2.7600e-02,  1.3462e-01, -4.3766e-01, -4.9722e-02,  1.4566e-01,
         -7.2732e-01, -1.3970e-09, -6.4452e-02, -1.0273e-01,  4.0410e-02,
         -1.3130e-01, -4.3654e-01, -1.9839e-02, -1.3784e-01, -7.3036e-01,
          4.0850e-05,  1.1758e-01,  2.8399e-01,  3.1929e-02,  2.4098e-01,
          1.1682e-01,  2.5386e-01,  2.0771e-01,  9.2083e-02,  9.0775e-04,
         -8.2345e-02,  2.9824e-01,  2.5401e-02, -2.9585e-01,  3.5862e-01,
          1.6553e-01, -4.6493e-01,  4.1107e-01]], dtype=torch.float64)
----------------------------------------
dof_pos:
tensor([[-8.0499e-02,  5.9423e-02,  3.5381e-02,  3.3916e-01, -9.1640e-03,
         -1.9513e-01, -1.2756e-01, -5.6546e-02, -5.6212e-02,  3.2194e-01,
          2.6153e-01,  1.0232e-01,  1.1138e-02, -4.4065e-02,  5.4185e-03,
         -8.1014e-02,  5.2435e-01, -2.4773e-01,  7.3677e-02, -4.1279e-01,
         -1.6098e+00,  4.5936e-01,  6.9785e-01,  0.0000e+00,  0.0000e+00,
          0.0000e+00,  0.0000e+00,  0.0000e+00,  0.0000e+00,  0.0000e+00,
          0.0000e+00,  7.9400e-01,  4.6566e-10,  6.4452e-02, -1.0273e-01,
          2.7600e-02,  1.3462e-01, -4.3766e-01, -4.9722e-02,  1.4566e-01,
         -7.2732e-01, -1.3970e-09, -6.4452e-02, -1.0273e-01,  4.0410e-02,
         -1.3130e-01, -4.3654e-01, -1.9839e-02, -1.3784e-01, -7.3036e-01,
          4.0850e-05,  1.1758e-01,  2.8399e-01,  3.1929e-02,  2.4098e-01,
          1.1682e-01,  2.5386e-01,  2.0771e-01,  9.2083e-02,  9.0775e-04,
         -8.2345e-02,  2.9824e-01,  2.5401e-02, -2.9585e-01,  3.5862e-01,
          1.6553e-01, -4.6493e-01,  4.1107e-01]], dtype=torch.float64)
local_key_body_pos:
tensor([[-8.0499e-02,  5.9423e-02,  3.5381e-02,  3.3916e-01, -9.1640e-03,
         -1.9513e-01, -1.2756e-01, -5.6546e-02, -5.6212e-02,  3.2194e-01,
          2.6153e-01,  1.0232e-01,  1.1138e-02, -4.4065e-02,  5.4185e-03,
         -8.1014e-02,  5.2435e-01, -2.4773e-01,  7.3677e-02, -4.1279e-01,
         -1.6098e+00,  4.5936e-01,  6.9785e-01,  0.0000e+00,  0.0000e+00,
          0.0000e+00,  0.0000e+00,  0.0000e+00,  0.0000e+00,  0.0000e+00,
          0.0000e+00,  7.9400e-01,  4.6566e-10,  6.4452e-02, -1.0273e-01,
          2.7600e-02,  1.3462e-01, -4.3766e-01, -4.9722e-02,  1.4566e-01,
         -7.2732e-01, -1.3970e-09, -6.4452e-02, -1.0273e-01,  4.0410e-02,
         -1.3130e-01, -4.3654e-01, -1.9839e-02, -1.3784e-01, -7.3036e-01,
          4.0850e-05,  1.1758e-01,  2.8399e-01,  3.1929e-02,  2.4098e-01,
          1.1682e-01,  2.5386e-01,  2.0771e-01,  9.2083e-02,  9.0775e-04,
         -8.2345e-02,  2.9824e-01,  2.5401e-02, -2.9585e-01,  3.5862e-01,
          1.6553e-01, -4.6493e-01,  4.1107e-01]], dtype=torch.float64)
----------------------------------------
dof_pos:
tensor([[-8.0499e-02,  5.9423e-02,  3.5381e-02,  3.3916e-01, -9.1640e-03,
         -1.9513e-01, -1.2756e-01, -5.6546e-02, -5.6212e-02,  3.2194e-01,
          2.6153e-01,  1.0232e-01,  1.1138e-02, -4.4065e-02,  5.4185e-03,
         -8.1014e-02,  5.2435e-01, -2.4773e-01,  7.3677e-02, -4.1279e-01,
         -1.6098e+00,  4.5936e-01,  6.9785e-01,  0.0000e+00,  0.0000e+00,
          0.0000e+00,  0.0000e+00,  0.0000e+00,  0.0000e+00,  0.0000e+00,
          0.0000e+00,  7.9400e-01, -4.6566e-10,  6.4452e-02, -1.0273e-01,
          2.6913e-02,  1.3373e-01, -4.3776e-01, -4.9769e-02,  1.4395e-01,
         -7.2763e-01, -1.8626e-09, -6.4452e-02, -1.0273e-01,  4.2716e-02,
         -1.3124e-01, -4.3625e-01, -1.4999e-02, -1.3803e-01, -7.3058e-01,
          9.8568e-05,  1.1104e-01,  2.8707e-01,  2.8588e-02,  2.3809e-01,
          1.2229e-01,  2.4966e-01,  2.0405e-01,  9.1632e-02,  2.3287e-03,
         -8.9179e-02,  2.9590e-01,  4.1234e-02, -3.0897e-01,  3.1919e-01,
          2.2294e-01, -4.4271e-01,  3.2753e-01]], dtype=torch.float64)
local_key_body_pos:
tensor([[-8.0499e-02,  5.9423e-02,  3.5381e-02,  3.3916e-01, -9.1640e-03,
         -1.9513e-01, -1.2756e-01, -5.6546e-02, -5.6212e-02,  3.2194e-01,
          2.6153e-01,  1.0232e-01,  1.1138e-02, -4.4065e-02,  5.4185e-03,
         -8.1014e-02,  5.2435e-01, -2.4773e-01,  7.3677e-02, -4.1279e-01,
         -1.6098e+00,  4.5936e-01,  6.9785e-01,  0.0000e+00,  0.0000e+00,
          0.0000e+00,  0.0000e+00,  0.0000e+00,  0.0000e+00,  0.0000e+00,
          0.0000e+00,  7.9400e-01, -4.6566e-10,  6.4452e-02, -1.0273e-01,
          2.6913e-02,  1.3373e-01, -4.3776e-01, -4.9769e-02,  1.4395e-01,
         -7.2763e-01, -1.8626e-09, -6.4452e-02, -1.0273e-01,  4.2716e-02,
         -1.3124e-01, -4.3625e-01, -1.4999e-02, -1.3803e-01, -7.3058e-01,
          9.8568e-05,  1.1104e-01,  2.8707e-01,  2.8588e-02,  2.3809e-01,
          1.2229e-01,  2.4966e-01,  2.0405e-01,  9.1632e-02,  2.3287e-03,
         -8.9179e-02,  2.9590e-01,  4.1234e-02, -3.0897e-01,  3.1919e-01,
          2.2294e-01, -4.4271e-01,  3.2753e-01]], dtype=torch.float64)
----------------------------------------
dof_pos:
tensor([[-8.0499e-02,  5.9423e-02,  3.5381e-02,  3.3916e-01, -9.1640e-03,
         -1.9513e-01, -1.2756e-01, -5.6546e-02, -5.6212e-02,  3.2194e-01,
          2.6153e-01,  1.0232e-01,  1.1138e-02, -4.4065e-02,  5.4185e-03,
         -8.1014e-02,  5.2435e-01, -2.4773e-01,  7.3677e-02, -4.1279e-01,
         -1.6098e+00,  4.5936e-01,  6.9785e-01,  0.0000e+00,  0.0000e+00,
          0.0000e+00,  0.0000e+00,  0.0000e+00,  0.0000e+00,  0.0000e+00,
          0.0000e+00,  7.9400e-01, -4.6566e-10,  6.4452e-02, -1.0273e-01,
          2.6913e-02,  1.3373e-01, -4.3776e-01, -4.9769e-02,  1.4395e-01,
         -7.2763e-01, -1.8626e-09, -6.4452e-02, -1.0273e-01,  4.2716e-02,
         -1.3124e-01, -4.3625e-01, -1.4999e-02, -1.3803e-01, -7.3058e-01,
          9.8568e-05,  1.1104e-01,  2.8707e-01,  2.8588e-02,  2.3809e-01,
          1.2229e-01,  2.4966e-01,  2.0405e-01,  9.1632e-02,  2.3287e-03,
         -8.9179e-02,  2.9590e-01,  4.1234e-02, -3.0897e-01,  3.1919e-01,
          2.2294e-01, -4.4271e-01,  3.2753e-01]], dtype=torch.float64)
local_key_body_pos:
tensor([[-8.0499e-02,  5.9423e-02,  3.5381e-02,  3.3916e-01, -9.1640e-03,
         -1.9513e-01, -1.2756e-01, -5.6546e-02, -5.6212e-02,  3.2194e-01,
          2.6153e-01,  1.0232e-01,  1.1138e-02, -4.4065e-02,  5.4185e-03,
         -8.1014e-02,  5.2435e-01, -2.4773e-01,  7.3677e-02, -4.1279e-01,
         -1.6098e+00,  4.5936e-01,  6.9785e-01,  0.0000e+00,  0.0000e+00,
          0.0000e+00,  0.0000e+00,  0.0000e+00,  0.0000e+00,  0.0000e+00,
          0.0000e+00,  7.9400e-01, -4.6566e-10,  6.4452e-02, -1.0273e-01,
          2.6913e-02,  1.3373e-01, -4.3776e-01, -4.9769e-02,  1.4395e-01,
         -7.2763e-01, -1.8626e-09, -6.4452e-02, -1.0273e-01,  4.2716e-02,
         -1.3124e-01, -4.3625e-01, -1.4999e-02, -1.3803e-01, -7.3058e-01,
          9.8568e-05,  1.1104e-01,  2.8707e-01,  2.8588e-02,  2.3809e-01,
          1.2229e-01,  2.4966e-01,  2.0405e-01,  9.1632e-02,  2.3287e-03,
         -8.9179e-02,  2.9590e-01,  4.1234e-02, -3.0897e-01,  3.1919e-01,
          2.2294e-01, -4.4271e-01,  3.2753e-01]], dtype=torch.float64)
----------------------------------------
dof_pos:
tensor([[-8.0499e-02,  5.9423e-02,  3.5381e-02,  3.3916e-01, -9.1640e-03,
         -1.9513e-01, -1.2756e-01, -5.6546e-02, -5.6212e-02,  3.2194e-01,
          2.6153e-01,  1.0232e-01,  1.1138e-02, -4.4065e-02,  5.4185e-03,
         -8.1014e-02,  5.2435e-01, -2.4773e-01,  7.3677e-02, -4.1279e-01,
         -1.6098e+00,  4.5936e-01,  6.9785e-01,  0.0000e+00,  0.0000e+00,
          0.0000e+00,  0.0000e+00,  0.0000e+00,  0.0000e+00,  0.0000e+00,
          0.0000e+00,  7.9400e-01, -4.6566e-10,  6.4452e-02, -1.0273e-01,
          2.6913e-02,  1.3373e-01, -4.3776e-01, -4.9769e-02,  1.4395e-01,
         -7.2763e-01, -1.8626e-09, -6.4452e-02, -1.0273e-01,  4.2716e-02,
         -1.3124e-01, -4.3625e-01, -1.4999e-02, -1.3803e-01, -7.3058e-01,
          9.8568e-05,  1.1104e-01,  2.8707e-01,  2.8588e-02,  2.3809e-01,
          1.2229e-01,  2.4966e-01,  2.0405e-01,  9.1632e-02,  2.3287e-03,
         -8.9179e-02,  2.9590e-01,  4.1234e-02, -3.0897e-01,  3.1919e-01,
          2.2294e-01, -4.4271e-01,  3.2753e-01]], dtype=torch.float64)
local_key_body_pos:
tensor([[-8.0499e-02,  5.9423e-02,  3.5381e-02,  3.3916e-01, -9.1640e-03,
         -1.9513e-01, -1.2756e-01, -5.6546e-02, -5.6212e-02,  3.2194e-01,
          2.6153e-01,  1.0232e-01,  1.1138e-02, -4.4065e-02,  5.4185e-03,
         -8.1014e-02,  5.2435e-01, -2.4773e-01,  7.3677e-02, -4.1279e-01,
         -1.6098e+00,  4.5936e-01,  6.9785e-01,  0.0000e+00,  0.0000e+00,
          0.0000e+00,  0.0000e+00,  0.0000e+00,  0.0000e+00,  0.0000e+00,
          0.0000e+00,  7.9400e-01, -4.6566e-10,  6.4452e-02, -1.0273e-01,
          2.6913e-02,  1.3373e-01, -4.3776e-01, -4.9769e-02,  1.4395e-01,
         -7.2763e-01, -1.8626e-09, -6.4452e-02, -1.0273e-01,  4.2716e-02,
         -1.3124e-01, -4.3625e-01, -1.4999e-02, -1.3803e-01, -7.3058e-01,
          9.8568e-05,  1.1104e-01,  2.8707e-01,  2.8588e-02,  2.3809e-01,
          1.2229e-01,  2.4966e-01,  2.0405e-01,  9.1632e-02,  2.3287e-03,
         -8.9179e-02,  2.9590e-01,  4.1234e-02, -3.0897e-01,  3.1919e-01,
          2.2294e-01, -4.4271e-01,  3.2753e-01]], dtype=torch.float64)
----------------------------------------
dof_pos:
tensor([[-8.0499e-02,  5.9423e-02,  3.5381e-02,  3.3916e-01, -9.1640e-03,
         -1.9513e-01, -1.2756e-01, -5.6546e-02, -5.6212e-02,  3.2194e-01,
          2.6153e-01,  1.0232e-01,  1.1138e-02, -4.4065e-02,  5.4185e-03,
         -8.1014e-02,  5.2435e-01, -2.4773e-01,  7.3677e-02, -4.1279e-01,
         -1.6098e+00,  4.5936e-01,  6.9785e-01,  0.0000e+00,  0.0000e+00,
          0.0000e+00,  0.0000e+00,  0.0000e+00,  0.0000e+00,  0.0000e+00,
          0.0000e+00,  7.9400e-01, -4.6566e-10,  6.4452e-02, -1.0273e-01,
          2.6913e-02,  1.3373e-01, -4.3776e-01, -4.9769e-02,  1.4395e-01,
         -7.2763e-01, -1.8626e-09, -6.4452e-02, -1.0273e-01,  4.2716e-02,
         -1.3124e-01, -4.3625e-01, -1.4999e-02, -1.3803e-01, -7.3058e-01,
          9.8568e-05,  1.1104e-01,  2.8707e-01,  2.8588e-02,  2.3809e-01,
          1.2229e-01,  2.4966e-01,  2.0405e-01,  9.1632e-02,  2.3287e-03,
         -8.9179e-02,  2.9590e-01,  4.1234e-02, -3.0897e-01,  3.1919e-01,
          2.2294e-01, -4.4271e-01,  3.2753e-01]], dtype=torch.float64)
local_key_body_pos:
tensor([[-8.0499e-02,  5.9423e-02,  3.5381e-02,  3.3916e-01, -9.1640e-03,
         -1.9513e-01, -1.2756e-01, -5.6546e-02, -5.6212e-02,  3.2194e-01,
          2.6153e-01,  1.0232e-01,  1.1138e-02, -4.4065e-02,  5.4185e-03,
         -8.1014e-02,  5.2435e-01, -2.4773e-01,  7.3677e-02, -4.1279e-01,
         -1.6098e+00,  4.5936e-01,  6.9785e-01,  0.0000e+00,  0.0000e+00,
          0.0000e+00,  0.0000e+00,  0.0000e+00,  0.0000e+00,  0.0000e+00,
          0.0000e+00,  7.9400e-01, -4.6566e-10,  6.4452e-02, -1.0273e-01,
          2.6913e-02,  1.3373e-01, -4.3776e-01, -4.9769e-02,  1.4395e-01,
         -7.2763e-01, -1.8626e-09, -6.4452e-02, -1.0273e-01,  4.2716e-02,
         -1.3124e-01, -4.3625e-01, -1.4999e-02, -1.3803e-01, -7.3058e-01,
          9.8568e-05,  1.1104e-01,  2.8707e-01,  2.8588e-02,  2.3809e-01,
          1.2229e-01,  2.4966e-01,  2.0405e-01,  9.1632e-02,  2.3287e-03,
         -8.9179e-02,  2.9590e-01,  4.1234e-02, -3.0897e-01,  3.1919e-01,
          2.2294e-01, -4.4271e-01,  3.2753e-01]], dtype=torch.float64)
----------------------------------------
dof_pos:
tensor([[-8.0499e-02,  5.9423e-02,  3.5381e-02,  3.3916e-01, -9.1640e-03,
         -1.9513e-01, -1.2756e-01, -5.6546e-02, -5.6212e-02,  3.2194e-01,
          2.6153e-01,  1.0232e-01,  1.1138e-02, -4.4065e-02,  5.4185e-03,
         -8.1014e-02,  5.2435e-01, -2.4773e-01,  7.3677e-02, -4.1279e-01,
         -1.6098e+00,  4.5936e-01,  6.9785e-01,  0.0000e+00,  0.0000e+00,
          0.0000e+00,  0.0000e+00,  0.0000e+00,  0.0000e+00,  0.0000e+00,
          0.0000e+00,  7.9400e-01, -4.6566e-10,  6.4452e-02, -1.0273e-01,
          2.6913e-02,  1.3373e-01, -4.3776e-01, -4.9769e-02,  1.4395e-01,
         -7.2763e-01, -1.8626e-09, -6.4452e-02, -1.0273e-01,  4.2716e-02,
         -1.3124e-01, -4.3625e-01, -1.4999e-02, -1.3803e-01, -7.3058e-01,
          9.8568e-05,  1.1104e-01,  2.8707e-01,  2.8588e-02,  2.3809e-01,
          1.2229e-01,  2.4966e-01,  2.0405e-01,  9.1632e-02,  2.3287e-03,
         -8.9179e-02,  2.9590e-01,  4.1234e-02, -3.0897e-01,  3.1919e-01,
          2.2294e-01, -4.4271e-01,  3.2753e-01]], dtype=torch.float64)
local_key_body_pos:
tensor([[-8.0499e-02,  5.9423e-02,  3.5381e-02,  3.3916e-01, -9.1640e-03,
         -1.9513e-01, -1.2756e-01, -5.6546e-02, -5.6212e-02,  3.2194e-01,
          2.6153e-01,  1.0232e-01,  1.1138e-02, -4.4065e-02,  5.4185e-03,
         -8.1014e-02,  5.2435e-01, -2.4773e-01,  7.3677e-02, -4.1279e-01,
         -1.6098e+00,  4.5936e-01,  6.9785e-01,  0.0000e+00,  0.0000e+00,
          0.0000e+00,  0.0000e+00,  0.0000e+00,  0.0000e+00,  0.0000e+00,
          0.0000e+00,  7.9400e-01, -4.6566e-10,  6.4452e-02, -1.0273e-01,
          2.6913e-02,  1.3373e-01, -4.3776e-01, -4.9769e-02,  1.4395e-01,
         -7.2763e-01, -1.8626e-09, -6.4452e-02, -1.0273e-01,  4.2716e-02,
         -1.3124e-01, -4.3625e-01, -1.4999e-02, -1.3803e-01, -7.3058e-01,
          9.8568e-05,  1.1104e-01,  2.8707e-01,  2.8588e-02,  2.3809e-01,
          1.2229e-01,  2.4966e-01,  2.0405e-01,  9.1632e-02,  2.3287e-03,
         -8.9179e-02,  2.9590e-01,  4.1234e-02, -3.0897e-01,  3.1919e-01,
          2.2294e-01, -4.4271e-01,  3.2753e-01]], dtype=torch.float64)
----------------------------------------
dof_pos:
tensor([[-8.0499e-02,  5.9423e-02,  3.5381e-02,  3.3916e-01, -9.1640e-03,
         -1.9513e-01, -1.2756e-01, -5.6546e-02, -5.6212e-02,  3.2194e-01,
          2.6153e-01,  1.0232e-01,  1.1138e-02, -4.4065e-02,  5.4185e-03,
         -8.1014e-02,  5.2435e-01, -2.4773e-01,  7.3677e-02, -4.1279e-01,
         -1.6098e+00,  4.5936e-01,  6.9785e-01,  0.0000e+00,  0.0000e+00,
          0.0000e+00,  0.0000e+00,  0.0000e+00,  0.0000e+00,  0.0000e+00,
          0.0000e+00,  7.9400e-01, -4.6566e-10,  6.4452e-02, -1.0273e-01,
          2.6913e-02,  1.3373e-01, -4.3776e-01, -4.9769e-02,  1.4395e-01,
         -7.2763e-01, -1.8626e-09, -6.4452e-02, -1.0273e-01,  4.2716e-02,
         -1.3124e-01, -4.3625e-01, -1.4999e-02, -1.3803e-01, -7.3058e-01,
          9.8568e-05,  1.1104e-01,  2.8707e-01,  2.8588e-02,  2.3809e-01,
          1.2229e-01,  2.4966e-01,  2.0405e-01,  9.1632e-02,  2.3287e-03,
         -8.9179e-02,  2.9590e-01,  4.1234e-02, -3.0897e-01,  3.1919e-01,
          2.2294e-01, -4.4271e-01,  3.2753e-01]], dtype=torch.float64)
local_key_body_pos:
tensor([[-8.0499e-02,  5.9423e-02,  3.5381e-02,  3.3916e-01, -9.1640e-03,
         -1.9513e-01, -1.2756e-01, -5.6546e-02, -5.6212e-02,  3.2194e-01,
          2.6153e-01,  1.0232e-01,  1.1138e-02, -4.4065e-02,  5.4185e-03,
         -8.1014e-02,  5.2435e-01, -2.4773e-01,  7.3677e-02, -4.1279e-01,
         -1.6098e+00,  4.5936e-01,  6.9785e-01,  0.0000e+00,  0.0000e+00,
          0.0000e+00,  0.0000e+00,  0.0000e+00,  0.0000e+00,  0.0000e+00,
          0.0000e+00,  7.9400e-01, -4.6566e-10,  6.4452e-02, -1.0273e-01,
          2.6913e-02,  1.3373e-01, -4.3776e-01, -4.9769e-02,  1.4395e-01,
         -7.2763e-01, -1.8626e-09, -6.4452e-02, -1.0273e-01,  4.2716e-02,
         -1.3124e-01, -4.3625e-01, -1.4999e-02, -1.3803e-01, -7.3058e-01,
          9.8568e-05,  1.1104e-01,  2.8707e-01,  2.8588e-02,  2.3809e-01,
          1.2229e-01,  2.4966e-01,  2.0405e-01,  9.1632e-02,  2.3287e-03,
         -8.9179e-02,  2.9590e-01,  4.1234e-02, -3.0897e-01,  3.1919e-01,
          2.2294e-01, -4.4271e-01,  3.2753e-01]], dtype=torch.float64)
----------------------------------------
dof_pos:
tensor([[-8.0499e-02,  5.9423e-02,  3.5381e-02,  3.3916e-01, -9.1640e-03,
         -1.9513e-01, -1.2756e-01, -5.6546e-02, -5.6212e-02,  3.2194e-01,
          2.6153e-01,  1.0232e-01,  1.1138e-02, -4.4065e-02,  5.4185e-03,
         -8.1014e-02,  5.2435e-01, -2.4773e-01,  7.3677e-02, -4.1279e-01,
         -1.6098e+00,  4.5936e-01,  6.9785e-01,  0.0000e+00,  0.0000e+00,
          0.0000e+00,  0.0000e+00,  0.0000e+00,  0.0000e+00,  0.0000e+00,
          0.0000e+00,  7.9400e-01, -4.6566e-10,  6.4452e-02, -1.0273e-01,
          2.6913e-02,  1.3373e-01, -4.3776e-01, -4.9769e-02,  1.4395e-01,
         -7.2763e-01, -1.8626e-09, -6.4452e-02, -1.0273e-01,  4.2716e-02,
         -1.3124e-01, -4.3625e-01, -1.4999e-02, -1.3803e-01, -7.3058e-01,
          9.8568e-05,  1.1104e-01,  2.8707e-01,  2.8588e-02,  2.3809e-01,
          1.2229e-01,  2.4966e-01,  2.0405e-01,  9.1632e-02,  2.3287e-03,
         -8.9179e-02,  2.9590e-01,  4.1234e-02, -3.0897e-01,  3.1919e-01,
          2.2294e-01, -4.4271e-01,  3.2753e-01]], dtype=torch.float64)
local_key_body_pos:
tensor([[-8.0499e-02,  5.9423e-02,  3.5381e-02,  3.3916e-01, -9.1640e-03,
         -1.9513e-01, -1.2756e-01, -5.6546e-02, -5.6212e-02,  3.2194e-01,
          2.6153e-01,  1.0232e-01,  1.1138e-02, -4.4065e-02,  5.4185e-03,
         -8.1014e-02,  5.2435e-01, -2.4773e-01,  7.3677e-02, -4.1279e-01,
         -1.6098e+00,  4.5936e-01,  6.9785e-01,  0.0000e+00,  0.0000e+00,
          0.0000e+00,  0.0000e+00,  0.0000e+00,  0.0000e+00,  0.0000e+00,
          0.0000e+00,  7.9400e-01, -4.6566e-10,  6.4452e-02, -1.0273e-01,
          2.6913e-02,  1.3373e-01, -4.3776e-01, -4.9769e-02,  1.4395e-01,
         -7.2763e-01, -1.8626e-09, -6.4452e-02, -1.0273e-01,  4.2716e-02,
         -1.3124e-01, -4.3625e-01, -1.4999e-02, -1.3803e-01, -7.3058e-01,
          9.8568e-05,  1.1104e-01,  2.8707e-01,  2.8588e-02,  2.3809e-01,
          1.2229e-01,  2.4966e-01,  2.0405e-01,  9.1632e-02,  2.3287e-03,
         -8.9179e-02,  2.9590e-01,  4.1234e-02, -3.0897e-01,  3.1919e-01,
          2.2294e-01, -4.4271e-01,  3.2753e-01]], dtype=torch.float64)
----------------------------------------
dof_pos:
tensor([[-7.2956e-02,  5.6206e-02,  3.8656e-02,  3.3514e-01,  6.0192e-02,
         -2.0065e-01, -1.2604e-01, -4.8295e-02, -5.8278e-02,  3.2822e-01,
          2.7416e-01,  8.2921e-02,  2.1757e-02, -1.4555e-02,  2.1114e-03,
         -1.8864e-02,  4.9847e-01, -2.4276e-01,  8.2141e-02, -2.9401e-01,
         -1.1928e+00,  4.1808e-01,  3.8146e-01,  0.0000e+00,  0.0000e+00,
          0.0000e+00,  0.0000e+00,  0.0000e+00,  0.0000e+00,  0.0000e+00,
          0.0000e+00,  7.9400e-01, -4.6566e-10,  6.4452e-02, -1.0273e-01,
          2.6913e-02,  1.3373e-01, -4.3776e-01, -4.9769e-02,  1.4395e-01,
         -7.2763e-01, -1.8626e-09, -6.4452e-02, -1.0273e-01,  4.2716e-02,
         -1.3124e-01, -4.3625e-01, -1.4999e-02, -1.3803e-01, -7.3058e-01,
          9.8568e-05,  1.1104e-01,  2.8707e-01,  2.8588e-02,  2.3809e-01,
          1.2229e-01,  2.4966e-01,  2.0405e-01,  9.1632e-02,  2.3287e-03,
         -8.9179e-02,  2.9590e-01,  4.1234e-02, -3.0897e-01,  3.1919e-01,
          2.2294e-01, -4.4271e-01,  3.2753e-01]], dtype=torch.float64)
local_key_body_pos:
tensor([[-7.2956e-02,  5.6206e-02,  3.8656e-02,  3.3514e-01,  6.0192e-02,
         -2.0065e-01, -1.2604e-01, -4.8295e-02, -5.8278e-02,  3.2822e-01,
          2.7416e-01,  8.2921e-02,  2.1757e-02, -1.4555e-02,  2.1114e-03,
         -1.8864e-02,  4.9847e-01, -2.4276e-01,  8.2141e-02, -2.9401e-01,
         -1.1928e+00,  4.1808e-01,  3.8146e-01,  0.0000e+00,  0.0000e+00,
          0.0000e+00,  0.0000e+00,  0.0000e+00,  0.0000e+00,  0.0000e+00,
          0.0000e+00,  7.9400e-01, -4.6566e-10,  6.4452e-02, -1.0273e-01,
          2.6913e-02,  1.3373e-01, -4.3776e-01, -4.9769e-02,  1.4395e-01,
         -7.2763e-01, -1.8626e-09, -6.4452e-02, -1.0273e-01,  4.2716e-02,
         -1.3124e-01, -4.3625e-01, -1.4999e-02, -1.3803e-01, -7.3058e-01,
          9.8568e-05,  1.1104e-01,  2.8707e-01,  2.8588e-02,  2.3809e-01,
          1.2229e-01,  2.4966e-01,  2.0405e-01,  9.1632e-02,  2.3287e-03,
         -8.9179e-02,  2.9590e-01,  4.1234e-02, -3.0897e-01,  3.1919e-01,
          2.2294e-01, -4.4271e-01,  3.2753e-01]], dtype=torch.float64)
----------------------------------------
dof_pos:
tensor([[-7.2956e-02,  5.6206e-02,  3.8656e-02,  3.3514e-01,  6.0192e-02,
         -2.0065e-01, -1.2604e-01, -4.8295e-02, -5.8278e-02,  3.2822e-01,
          2.7416e-01,  8.2921e-02,  2.1757e-02, -1.4555e-02,  2.1114e-03,
         -1.8864e-02,  4.9847e-01, -2.4276e-01,  8.2141e-02, -2.9401e-01,
         -1.1928e+00,  4.1808e-01,  3.8146e-01,  0.0000e+00,  0.0000e+00,
          0.0000e+00,  0.0000e+00,  0.0000e+00,  0.0000e+00,  0.0000e+00,
          0.0000e+00,  7.9400e-01, -3.2596e-09,  6.4452e-02, -1.0273e-01,
          2.4404e-02,  1.3251e-01, -4.3802e-01, -5.3267e-02,  1.4147e-01,
         -7.2767e-01, -2.3283e-09, -6.4452e-02, -1.0273e-01,  4.2247e-02,
         -1.2859e-01, -4.3643e-01, -1.7726e-02, -1.3277e-01, -7.3035e-01,
         -1.7428e-03,  1.0380e-01,  2.9026e-01,  1.4095e-02,  2.3203e-01,
          1.2564e-01,  2.3384e-01,  2.0548e-01,  8.1116e-02,  2.6172e-03,
         -9.6559e-02,  2.9317e-01,  5.7444e-02, -3.0466e-01,  2.3455e-01,
          2.7453e-01, -3.4155e-01,  1.8467e-01]], dtype=torch.float64)
local_key_body_pos:
tensor([[-7.2956e-02,  5.6206e-02,  3.8656e-02,  3.3514e-01,  6.0192e-02,
         -2.0065e-01, -1.2604e-01, -4.8295e-02, -5.8278e-02,  3.2822e-01,
          2.7416e-01,  8.2921e-02,  2.1757e-02, -1.4555e-02,  2.1114e-03,
         -1.8864e-02,  4.9847e-01, -2.4276e-01,  8.2141e-02, -2.9401e-01,
         -1.1928e+00,  4.1808e-01,  3.8146e-01,  0.0000e+00,  0.0000e+00,
          0.0000e+00,  0.0000e+00,  0.0000e+00,  0.0000e+00,  0.0000e+00,
          0.0000e+00,  7.9400e-01, -3.2596e-09,  6.4452e-02, -1.0273e-01,
          2.4404e-02,  1.3251e-01, -4.3802e-01, -5.3267e-02,  1.4147e-01,
         -7.2767e-01, -2.3283e-09, -6.4452e-02, -1.0273e-01,  4.2247e-02,
         -1.2859e-01, -4.3643e-01, -1.7726e-02, -1.3277e-01, -7.3035e-01,
         -1.7428e-03,  1.0380e-01,  2.9026e-01,  1.4095e-02,  2.3203e-01,
          1.2564e-01,  2.3384e-01,  2.0548e-01,  8.1116e-02,  2.6172e-03,
         -9.6559e-02,  2.9317e-01,  5.7444e-02, -3.0466e-01,  2.3455e-01,
          2.7453e-01, -3.4155e-01,  1.8467e-01]], dtype=torch.float64)
----------------------------------------
dof_pos:
tensor([[-7.2956e-02,  5.6206e-02,  3.8656e-02,  3.3514e-01,  6.0192e-02,
         -2.0065e-01, -1.2604e-01, -4.8295e-02, -5.8278e-02,  3.2822e-01,
          2.7416e-01,  8.2921e-02,  2.1757e-02, -1.4555e-02,  2.1114e-03,
         -1.8864e-02,  4.9847e-01, -2.4276e-01,  8.2141e-02, -2.9401e-01,
         -1.1928e+00,  4.1808e-01,  3.8146e-01,  0.0000e+00,  0.0000e+00,
          0.0000e+00,  0.0000e+00,  0.0000e+00,  0.0000e+00,  0.0000e+00,
          0.0000e+00,  7.9400e-01, -3.2596e-09,  6.4452e-02, -1.0273e-01,
          2.4404e-02,  1.3251e-01, -4.3802e-01, -5.3267e-02,  1.4147e-01,
         -7.2767e-01, -2.3283e-09, -6.4452e-02, -1.0273e-01,  4.2247e-02,
         -1.2859e-01, -4.3643e-01, -1.7726e-02, -1.3277e-01, -7.3035e-01,
         -1.7428e-03,  1.0380e-01,  2.9026e-01,  1.4095e-02,  2.3203e-01,
          1.2564e-01,  2.3384e-01,  2.0548e-01,  8.1116e-02,  2.6172e-03,
         -9.6559e-02,  2.9317e-01,  5.7444e-02, -3.0466e-01,  2.3455e-01,
          2.7453e-01, -3.4155e-01,  1.8467e-01]], dtype=torch.float64)
local_key_body_pos:
tensor([[-7.2956e-02,  5.6206e-02,  3.8656e-02,  3.3514e-01,  6.0192e-02,
         -2.0065e-01, -1.2604e-01, -4.8295e-02, -5.8278e-02,  3.2822e-01,
          2.7416e-01,  8.2921e-02,  2.1757e-02, -1.4555e-02,  2.1114e-03,
         -1.8864e-02,  4.9847e-01, -2.4276e-01,  8.2141e-02, -2.9401e-01,
         -1.1928e+00,  4.1808e-01,  3.8146e-01,  0.0000e+00,  0.0000e+00,
          0.0000e+00,  0.0000e+00,  0.0000e+00,  0.0000e+00,  0.0000e+00,
          0.0000e+00,  7.9400e-01, -3.2596e-09,  6.4452e-02, -1.0273e-01,
          2.4404e-02,  1.3251e-01, -4.3802e-01, -5.3267e-02,  1.4147e-01,
         -7.2767e-01, -2.3283e-09, -6.4452e-02, -1.0273e-01,  4.2247e-02,
         -1.2859e-01, -4.3643e-01, -1.7726e-02, -1.3277e-01, -7.3035e-01,
         -1.7428e-03,  1.0380e-01,  2.9026e-01,  1.4095e-02,  2.3203e-01,
          1.2564e-01,  2.3384e-01,  2.0548e-01,  8.1116e-02,  2.6172e-03,
         -9.6559e-02,  2.9317e-01,  5.7444e-02, -3.0466e-01,  2.3455e-01,
          2.7453e-01, -3.4155e-01,  1.8467e-01]], dtype=torch.float64)
----------------------------------------
dof_pos:
tensor([[-7.2956e-02,  5.6206e-02,  3.8656e-02,  3.3514e-01,  6.0192e-02,
         -2.0065e-01, -1.2604e-01, -4.8295e-02, -5.8278e-02,  3.2822e-01,
          2.7416e-01,  8.2921e-02,  2.1757e-02, -1.4555e-02,  2.1114e-03,
         -1.8864e-02,  4.9847e-01, -2.4276e-01,  8.2141e-02, -2.9401e-01,
         -1.1928e+00,  4.1808e-01,  3.8146e-01,  0.0000e+00,  0.0000e+00,
          0.0000e+00,  0.0000e+00,  0.0000e+00,  0.0000e+00,  0.0000e+00,
          0.0000e+00,  7.9400e-01, -3.2596e-09,  6.4452e-02, -1.0273e-01,
          2.4404e-02,  1.3251e-01, -4.3802e-01, -5.3267e-02,  1.4147e-01,
         -7.2767e-01, -2.3283e-09, -6.4452e-02, -1.0273e-01,  4.2247e-02,
         -1.2859e-01, -4.3643e-01, -1.7726e-02, -1.3277e-01, -7.3035e-01,
         -1.7428e-03,  1.0380e-01,  2.9026e-01,  1.4095e-02,  2.3203e-01,
          1.2564e-01,  2.3384e-01,  2.0548e-01,  8.1116e-02,  2.6172e-03,
         -9.6559e-02,  2.9317e-01,  5.7444e-02, -3.0466e-01,  2.3455e-01,
          2.7453e-01, -3.4155e-01,  1.8467e-01]], dtype=torch.float64)
local_key_body_pos:
tensor([[-7.2956e-02,  5.6206e-02,  3.8656e-02,  3.3514e-01,  6.0192e-02,
         -2.0065e-01, -1.2604e-01, -4.8295e-02, -5.8278e-02,  3.2822e-01,
          2.7416e-01,  8.2921e-02,  2.1757e-02, -1.4555e-02,  2.1114e-03,
         -1.8864e-02,  4.9847e-01, -2.4276e-01,  8.2141e-02, -2.9401e-01,
         -1.1928e+00,  4.1808e-01,  3.8146e-01,  0.0000e+00,  0.0000e+00,
          0.0000e+00,  0.0000e+00,  0.0000e+00,  0.0000e+00,  0.0000e+00,
          0.0000e+00,  7.9400e-01, -3.2596e-09,  6.4452e-02, -1.0273e-01,
          2.4404e-02,  1.3251e-01, -4.3802e-01, -5.3267e-02,  1.4147e-01,
         -7.2767e-01, -2.3283e-09, -6.4452e-02, -1.0273e-01,  4.2247e-02,
         -1.2859e-01, -4.3643e-01, -1.7726e-02, -1.3277e-01, -7.3035e-01,
         -1.7428e-03,  1.0380e-01,  2.9026e-01,  1.4095e-02,  2.3203e-01,
          1.2564e-01,  2.3384e-01,  2.0548e-01,  8.1116e-02,  2.6172e-03,
         -9.6559e-02,  2.9317e-01,  5.7444e-02, -3.0466e-01,  2.3455e-01,
          2.7453e-01, -3.4155e-01,  1.8467e-01]], dtype=torch.float64)
----------------------------------------
dof_pos:
tensor([[-7.2956e-02,  5.6206e-02,  3.8656e-02,  3.3514e-01,  6.0192e-02,
         -2.0065e-01, -1.2604e-01, -4.8295e-02, -5.8278e-02,  3.2822e-01,
          2.7416e-01,  8.2921e-02,  2.1757e-02, -1.4555e-02,  2.1114e-03,
         -1.8864e-02,  4.9847e-01, -2.4276e-01,  8.2141e-02, -2.9401e-01,
         -1.1928e+00,  4.1808e-01,  3.8146e-01,  0.0000e+00,  0.0000e+00,
          0.0000e+00,  0.0000e+00,  0.0000e+00,  0.0000e+00,  0.0000e+00,
          0.0000e+00,  7.9400e-01, -3.2596e-09,  6.4452e-02, -1.0273e-01,
          2.4404e-02,  1.3251e-01, -4.3802e-01, -5.3267e-02,  1.4147e-01,
         -7.2767e-01, -2.3283e-09, -6.4452e-02, -1.0273e-01,  4.2247e-02,
         -1.2859e-01, -4.3643e-01, -1.7726e-02, -1.3277e-01, -7.3035e-01,
         -1.7428e-03,  1.0380e-01,  2.9026e-01,  1.4095e-02,  2.3203e-01,
          1.2564e-01,  2.3384e-01,  2.0548e-01,  8.1116e-02,  2.6172e-03,
         -9.6559e-02,  2.9317e-01,  5.7444e-02, -3.0466e-01,  2.3455e-01,
          2.7453e-01, -3.4155e-01,  1.8467e-01]], dtype=torch.float64)
local_key_body_pos:
tensor([[-7.2956e-02,  5.6206e-02,  3.8656e-02,  3.3514e-01,  6.0192e-02,
         -2.0065e-01, -1.2604e-01, -4.8295e-02, -5.8278e-02,  3.2822e-01,
          2.7416e-01,  8.2921e-02,  2.1757e-02, -1.4555e-02,  2.1114e-03,
         -1.8864e-02,  4.9847e-01, -2.4276e-01,  8.2141e-02, -2.9401e-01,
         -1.1928e+00,  4.1808e-01,  3.8146e-01,  0.0000e+00,  0.0000e+00,
          0.0000e+00,  0.0000e+00,  0.0000e+00,  0.0000e+00,  0.0000e+00,
          0.0000e+00,  7.9400e-01, -3.2596e-09,  6.4452e-02, -1.0273e-01,
          2.4404e-02,  1.3251e-01, -4.3802e-01, -5.3267e-02,  1.4147e-01,
         -7.2767e-01, -2.3283e-09, -6.4452e-02, -1.0273e-01,  4.2247e-02,
         -1.2859e-01, -4.3643e-01, -1.7726e-02, -1.3277e-01, -7.3035e-01,
         -1.7428e-03,  1.0380e-01,  2.9026e-01,  1.4095e-02,  2.3203e-01,
          1.2564e-01,  2.3384e-01,  2.0548e-01,  8.1116e-02,  2.6172e-03,
         -9.6559e-02,  2.9317e-01,  5.7444e-02, -3.0466e-01,  2.3455e-01,
          2.7453e-01, -3.4155e-01,  1.8467e-01]], dtype=torch.float64)
----------------------------------------
dof_pos:
tensor([[-7.2956e-02,  5.6206e-02,  3.8656e-02,  3.3514e-01,  6.0192e-02,
         -2.0065e-01, -1.2604e-01, -4.8295e-02, -5.8278e-02,  3.2822e-01,
          2.7416e-01,  8.2921e-02,  2.1757e-02, -1.4555e-02,  2.1114e-03,
         -1.8864e-02,  4.9847e-01, -2.4276e-01,  8.2141e-02, -2.9401e-01,
         -1.1928e+00,  4.1808e-01,  3.8146e-01,  0.0000e+00,  0.0000e+00,
          0.0000e+00,  0.0000e+00,  0.0000e+00,  0.0000e+00,  0.0000e+00,
          0.0000e+00,  7.9400e-01, -3.2596e-09,  6.4452e-02, -1.0273e-01,
          2.4404e-02,  1.3251e-01, -4.3802e-01, -5.3267e-02,  1.4147e-01,
         -7.2767e-01, -2.3283e-09, -6.4452e-02, -1.0273e-01,  4.2247e-02,
         -1.2859e-01, -4.3643e-01, -1.7726e-02, -1.3277e-01, -7.3035e-01,
         -1.7428e-03,  1.0380e-01,  2.9026e-01,  1.4095e-02,  2.3203e-01,
          1.2564e-01,  2.3384e-01,  2.0548e-01,  8.1116e-02,  2.6172e-03,
         -9.6559e-02,  2.9317e-01,  5.7444e-02, -3.0466e-01,  2.3455e-01,
          2.7453e-01, -3.4155e-01,  1.8467e-01]], dtype=torch.float64)
local_key_body_pos:
tensor([[-7.2956e-02,  5.6206e-02,  3.8656e-02,  3.3514e-01,  6.0192e-02,
         -2.0065e-01, -1.2604e-01, -4.8295e-02, -5.8278e-02,  3.2822e-01,
          2.7416e-01,  8.2921e-02,  2.1757e-02, -1.4555e-02,  2.1114e-03,
         -1.8864e-02,  4.9847e-01, -2.4276e-01,  8.2141e-02, -2.9401e-01,
         -1.1928e+00,  4.1808e-01,  3.8146e-01,  0.0000e+00,  0.0000e+00,
          0.0000e+00,  0.0000e+00,  0.0000e+00,  0.0000e+00,  0.0000e+00,
          0.0000e+00,  7.9400e-01, -3.2596e-09,  6.4452e-02, -1.0273e-01,
          2.4404e-02,  1.3251e-01, -4.3802e-01, -5.3267e-02,  1.4147e-01,
         -7.2767e-01, -2.3283e-09, -6.4452e-02, -1.0273e-01,  4.2247e-02,
         -1.2859e-01, -4.3643e-01, -1.7726e-02, -1.3277e-01, -7.3035e-01,
         -1.7428e-03,  1.0380e-01,  2.9026e-01,  1.4095e-02,  2.3203e-01,
          1.2564e-01,  2.3384e-01,  2.0548e-01,  8.1116e-02,  2.6172e-03,
         -9.6559e-02,  2.9317e-01,  5.7444e-02, -3.0466e-01,  2.3455e-01,
          2.7453e-01, -3.4155e-01,  1.8467e-01]], dtype=torch.float64)
----------------------------------------
dof_pos:
tensor([[-7.2956e-02,  5.6206e-02,  3.8656e-02,  3.3514e-01,  6.0192e-02,
         -2.0065e-01, -1.2604e-01, -4.8295e-02, -5.8278e-02,  3.2822e-01,
          2.7416e-01,  8.2921e-02,  2.1757e-02, -1.4555e-02,  2.1114e-03,
         -1.8864e-02,  4.9847e-01, -2.4276e-01,  8.2141e-02, -2.9401e-01,
         -1.1928e+00,  4.1808e-01,  3.8146e-01,  0.0000e+00,  0.0000e+00,
          0.0000e+00,  0.0000e+00,  0.0000e+00,  0.0000e+00,  0.0000e+00,
          0.0000e+00,  7.9400e-01, -3.2596e-09,  6.4452e-02, -1.0273e-01,
          2.4404e-02,  1.3251e-01, -4.3802e-01, -5.3267e-02,  1.4147e-01,
         -7.2767e-01, -2.3283e-09, -6.4452e-02, -1.0273e-01,  4.2247e-02,
         -1.2859e-01, -4.3643e-01, -1.7726e-02, -1.3277e-01, -7.3035e-01,
         -1.7428e-03,  1.0380e-01,  2.9026e-01,  1.4095e-02,  2.3203e-01,
          1.2564e-01,  2.3384e-01,  2.0548e-01,  8.1116e-02,  2.6172e-03,
         -9.6559e-02,  2.9317e-01,  5.7444e-02, -3.0466e-01,  2.3455e-01,
          2.7453e-01, -3.4155e-01,  1.8467e-01]], dtype=torch.float64)
local_key_body_pos:
tensor([[-7.2956e-02,  5.6206e-02,  3.8656e-02,  3.3514e-01,  6.0192e-02,
         -2.0065e-01, -1.2604e-01, -4.8295e-02, -5.8278e-02,  3.2822e-01,
          2.7416e-01,  8.2921e-02,  2.1757e-02, -1.4555e-02,  2.1114e-03,
         -1.8864e-02,  4.9847e-01, -2.4276e-01,  8.2141e-02, -2.9401e-01,
         -1.1928e+00,  4.1808e-01,  3.8146e-01,  0.0000e+00,  0.0000e+00,
          0.0000e+00,  0.0000e+00,  0.0000e+00,  0.0000e+00,  0.0000e+00,
          0.0000e+00,  7.9400e-01, -3.2596e-09,  6.4452e-02, -1.0273e-01,
          2.4404e-02,  1.3251e-01, -4.3802e-01, -5.3267e-02,  1.4147e-01,
         -7.2767e-01, -2.3283e-09, -6.4452e-02, -1.0273e-01,  4.2247e-02,
         -1.2859e-01, -4.3643e-01, -1.7726e-02, -1.3277e-01, -7.3035e-01,
         -1.7428e-03,  1.0380e-01,  2.9026e-01,  1.4095e-02,  2.3203e-01,
          1.2564e-01,  2.3384e-01,  2.0548e-01,  8.1116e-02,  2.6172e-03,
         -9.6559e-02,  2.9317e-01,  5.7444e-02, -3.0466e-01,  2.3455e-01,
          2.7453e-01, -3.4155e-01,  1.8467e-01]], dtype=torch.float64)
----------------------------------------
dof_pos:
tensor([[-7.2956e-02,  5.6206e-02,  3.8656e-02,  3.3514e-01,  6.0192e-02,
         -2.0065e-01, -1.2604e-01, -4.8295e-02, -5.8278e-02,  3.2822e-01,
          2.7416e-01,  8.2921e-02,  2.1757e-02, -1.4555e-02,  2.1114e-03,
         -1.8864e-02,  4.9847e-01, -2.4276e-01,  8.2141e-02, -2.9401e-01,
         -1.1928e+00,  4.1808e-01,  3.8146e-01,  0.0000e+00,  0.0000e+00,
          0.0000e+00,  0.0000e+00,  0.0000e+00,  0.0000e+00,  0.0000e+00,
          0.0000e+00,  7.9400e-01, -3.2596e-09,  6.4452e-02, -1.0273e-01,
          2.4404e-02,  1.3251e-01, -4.3802e-01, -5.3267e-02,  1.4147e-01,
         -7.2767e-01, -2.3283e-09, -6.4452e-02, -1.0273e-01,  4.2247e-02,
         -1.2859e-01, -4.3643e-01, -1.7726e-02, -1.3277e-01, -7.3035e-01,
         -1.7428e-03,  1.0380e-01,  2.9026e-01,  1.4095e-02,  2.3203e-01,
          1.2564e-01,  2.3384e-01,  2.0548e-01,  8.1116e-02,  2.6172e-03,
         -9.6559e-02,  2.9317e-01,  5.7444e-02, -3.0466e-01,  2.3455e-01,
          2.7453e-01, -3.4155e-01,  1.8467e-01]], dtype=torch.float64)
local_key_body_pos:
tensor([[-7.2956e-02,  5.6206e-02,  3.8656e-02,  3.3514e-01,  6.0192e-02,
         -2.0065e-01, -1.2604e-01, -4.8295e-02, -5.8278e-02,  3.2822e-01,
          2.7416e-01,  8.2921e-02,  2.1757e-02, -1.4555e-02,  2.1114e-03,
         -1.8864e-02,  4.9847e-01, -2.4276e-01,  8.2141e-02, -2.9401e-01,
         -1.1928e+00,  4.1808e-01,  3.8146e-01,  0.0000e+00,  0.0000e+00,
          0.0000e+00,  0.0000e+00,  0.0000e+00,  0.0000e+00,  0.0000e+00,
          0.0000e+00,  7.9400e-01, -3.2596e-09,  6.4452e-02, -1.0273e-01,
          2.4404e-02,  1.3251e-01, -4.3802e-01, -5.3267e-02,  1.4147e-01,
         -7.2767e-01, -2.3283e-09, -6.4452e-02, -1.0273e-01,  4.2247e-02,
         -1.2859e-01, -4.3643e-01, -1.7726e-02, -1.3277e-01, -7.3035e-01,
         -1.7428e-03,  1.0380e-01,  2.9026e-01,  1.4095e-02,  2.3203e-01,
          1.2564e-01,  2.3384e-01,  2.0548e-01,  8.1116e-02,  2.6172e-03,
         -9.6559e-02,  2.9317e-01,  5.7444e-02, -3.0466e-01,  2.3455e-01,
          2.7453e-01, -3.4155e-01,  1.8467e-01]], dtype=torch.float64)
----------------------------------------
dof_pos:
tensor([[-9.8660e-02,  8.6377e-02,  2.0467e-02,  3.7312e-01, -1.8370e-02,
         -1.6026e-01, -1.5496e-01, -3.6442e-02, -4.2391e-02,  3.7158e-01,
          2.4079e-01,  1.5545e-02,  3.5771e-02,  1.8189e-02,  5.2452e-03,
          1.4217e-01,  4.6554e-01, -1.8442e-01,  9.8082e-02,  1.6191e-02,
         -7.4266e-01,  3.1963e-01,  9.8409e-02,  0.0000e+00,  0.0000e+00,
          0.0000e+00,  0.0000e+00,  0.0000e+00,  0.0000e+00,  0.0000e+00,
          0.0000e+00,  7.9400e-01, -1.3970e-09,  6.4452e-02, -1.0273e-01,
          3.2809e-02,  1.4300e-01, -4.3657e-01, -4.8648e-02,  1.6181e-01,
         -7.2470e-01, -2.7940e-09, -6.4452e-02, -1.0273e-01,  5.1876e-02,
         -1.2627e-01, -4.3515e-01, -1.2447e-02, -1.2891e-01, -7.2817e-01,
         -2.1309e-03,  9.5682e-02,  2.9351e-01, -1.9679e-02,  2.2401e-01,
          1.3018e-01,  1.9298e-01,  2.2353e-01,  5.4363e-02,  5.0359e-03,
         -1.0459e-01,  2.8986e-01,  2.2269e-02, -2.6713e-01,  1.4931e-01,
          2.3346e-01, -2.3257e-01,  7.7359e-02]], dtype=torch.float64)
local_key_body_pos:
tensor([[-9.8660e-02,  8.6377e-02,  2.0467e-02,  3.7312e-01, -1.8370e-02,
         -1.6026e-01, -1.5496e-01, -3.6442e-02, -4.2391e-02,  3.7158e-01,
          2.4079e-01,  1.5545e-02,  3.5771e-02,  1.8189e-02,  5.2452e-03,
          1.4217e-01,  4.6554e-01, -1.8442e-01,  9.8082e-02,  1.6191e-02,
         -7.4266e-01,  3.1963e-01,  9.8409e-02,  0.0000e+00,  0.0000e+00,
          0.0000e+00,  0.0000e+00,  0.0000e+00,  0.0000e+00,  0.0000e+00,
          0.0000e+00,  7.9400e-01, -1.3970e-09,  6.4452e-02, -1.0273e-01,
          3.2809e-02,  1.4300e-01, -4.3657e-01, -4.8648e-02,  1.6181e-01,
         -7.2470e-01, -2.7940e-09, -6.4452e-02, -1.0273e-01,  5.1876e-02,
         -1.2627e-01, -4.3515e-01, -1.2447e-02, -1.2891e-01, -7.2817e-01,
         -2.1309e-03,  9.5682e-02,  2.9351e-01, -1.9679e-02,  2.2401e-01,
          1.3018e-01,  1.9298e-01,  2.2353e-01,  5.4363e-02,  5.0359e-03,
         -1.0459e-01,  2.8986e-01,  2.2269e-02, -2.6713e-01,  1.4931e-01,
          2.3346e-01, -2.3257e-01,  7.7359e-02]], dtype=torch.float64)
----------------------------------------
dof_pos:
tensor([[-9.8660e-02,  8.6377e-02,  2.0467e-02,  3.7312e-01, -1.8370e-02,
         -1.6026e-01, -1.5496e-01, -3.6442e-02, -4.2391e-02,  3.7158e-01,
          2.4079e-01,  1.5545e-02,  3.5771e-02,  1.8189e-02,  5.2452e-03,
          1.4217e-01,  4.6554e-01, -1.8442e-01,  9.8082e-02,  1.6191e-02,
         -7.4266e-01,  3.1963e-01,  9.8409e-02,  0.0000e+00,  0.0000e+00,
          0.0000e+00,  0.0000e+00,  0.0000e+00,  0.0000e+00,  0.0000e+00,
          0.0000e+00,  7.9400e-01, -1.3970e-09,  6.4452e-02, -1.0273e-01,
          3.2809e-02,  1.4300e-01, -4.3657e-01, -4.8648e-02,  1.6181e-01,
         -7.2470e-01, -2.7940e-09, -6.4452e-02, -1.0273e-01,  5.1876e-02,
         -1.2627e-01, -4.3515e-01, -1.2447e-02, -1.2891e-01, -7.2817e-01,
         -2.1309e-03,  9.5682e-02,  2.9351e-01, -1.9679e-02,  2.2401e-01,
          1.3018e-01,  1.9298e-01,  2.2353e-01,  5.4363e-02,  5.0359e-03,
         -1.0459e-01,  2.8986e-01,  2.2269e-02, -2.6713e-01,  1.4931e-01,
          2.3346e-01, -2.3257e-01,  7.7359e-02]], dtype=torch.float64)
local_key_body_pos:
tensor([[-9.8660e-02,  8.6377e-02,  2.0467e-02,  3.7312e-01, -1.8370e-02,
         -1.6026e-01, -1.5496e-01, -3.6442e-02, -4.2391e-02,  3.7158e-01,
          2.4079e-01,  1.5545e-02,  3.5771e-02,  1.8189e-02,  5.2452e-03,
          1.4217e-01,  4.6554e-01, -1.8442e-01,  9.8082e-02,  1.6191e-02,
         -7.4266e-01,  3.1963e-01,  9.8409e-02,  0.0000e+00,  0.0000e+00,
          0.0000e+00,  0.0000e+00,  0.0000e+00,  0.0000e+00,  0.0000e+00,
          0.0000e+00,  7.9400e-01, -1.3970e-09,  6.4452e-02, -1.0273e-01,
          3.2809e-02,  1.4300e-01, -4.3657e-01, -4.8648e-02,  1.6181e-01,
         -7.2470e-01, -2.7940e-09, -6.4452e-02, -1.0273e-01,  5.1876e-02,
         -1.2627e-01, -4.3515e-01, -1.2447e-02, -1.2891e-01, -7.2817e-01,
         -2.1309e-03,  9.5682e-02,  2.9351e-01, -1.9679e-02,  2.2401e-01,
          1.3018e-01,  1.9298e-01,  2.2353e-01,  5.4363e-02,  5.0359e-03,
         -1.0459e-01,  2.8986e-01,  2.2269e-02, -2.6713e-01,  1.4931e-01,
          2.3346e-01, -2.3257e-01,  7.7359e-02]], dtype=torch.float64)
----------------------------------------
dof_pos:
tensor([[-9.8660e-02,  8.6377e-02,  2.0467e-02,  3.7312e-01, -1.8370e-02,
         -1.6026e-01, -1.5496e-01, -3.6442e-02, -4.2391e-02,  3.7158e-01,
          2.4079e-01,  1.5545e-02,  3.5771e-02,  1.8189e-02,  5.2452e-03,
          1.4217e-01,  4.6554e-01, -1.8442e-01,  9.8082e-02,  1.6191e-02,
         -7.4266e-01,  3.1963e-01,  9.8409e-02,  0.0000e+00,  0.0000e+00,
          0.0000e+00,  0.0000e+00,  0.0000e+00,  0.0000e+00,  0.0000e+00,
          0.0000e+00,  7.9400e-01, -1.3970e-09,  6.4452e-02, -1.0273e-01,
          3.2809e-02,  1.4300e-01, -4.3657e-01, -4.8648e-02,  1.6181e-01,
         -7.2470e-01, -2.7940e-09, -6.4452e-02, -1.0273e-01,  5.1876e-02,
         -1.2627e-01, -4.3515e-01, -1.2447e-02, -1.2891e-01, -7.2817e-01,
         -2.1309e-03,  9.5682e-02,  2.9351e-01, -1.9679e-02,  2.2401e-01,
          1.3018e-01,  1.9298e-01,  2.2353e-01,  5.4363e-02,  5.0359e-03,
         -1.0459e-01,  2.8986e-01,  2.2269e-02, -2.6713e-01,  1.4931e-01,
          2.3346e-01, -2.3257e-01,  7.7359e-02]], dtype=torch.float64)
local_key_body_pos:
tensor([[-9.8660e-02,  8.6377e-02,  2.0467e-02,  3.7312e-01, -1.8370e-02,
         -1.6026e-01, -1.5496e-01, -3.6442e-02, -4.2391e-02,  3.7158e-01,
          2.4079e-01,  1.5545e-02,  3.5771e-02,  1.8189e-02,  5.2452e-03,
          1.4217e-01,  4.6554e-01, -1.8442e-01,  9.8082e-02,  1.6191e-02,
         -7.4266e-01,  3.1963e-01,  9.8409e-02,  0.0000e+00,  0.0000e+00,
          0.0000e+00,  0.0000e+00,  0.0000e+00,  0.0000e+00,  0.0000e+00,
          0.0000e+00,  7.9400e-01, -1.3970e-09,  6.4452e-02, -1.0273e-01,
          3.2809e-02,  1.4300e-01, -4.3657e-01, -4.8648e-02,  1.6181e-01,
         -7.2470e-01, -2.7940e-09, -6.4452e-02, -1.0273e-01,  5.1876e-02,
         -1.2627e-01, -4.3515e-01, -1.2447e-02, -1.2891e-01, -7.2817e-01,
         -2.1309e-03,  9.5682e-02,  2.9351e-01, -1.9679e-02,  2.2401e-01,
          1.3018e-01,  1.9298e-01,  2.2353e-01,  5.4363e-02,  5.0359e-03,
         -1.0459e-01,  2.8986e-01,  2.2269e-02, -2.6713e-01,  1.4931e-01,
          2.3346e-01, -2.3257e-01,  7.7359e-02]], dtype=torch.float64)
----------------------------------------
dof_pos:
tensor([[-9.8660e-02,  8.6377e-02,  2.0467e-02,  3.7312e-01, -1.8370e-02,
         -1.6026e-01, -1.5496e-01, -3.6442e-02, -4.2391e-02,  3.7158e-01,
          2.4079e-01,  1.5545e-02,  3.5771e-02,  1.8189e-02,  5.2452e-03,
          1.4217e-01,  4.6554e-01, -1.8442e-01,  9.8082e-02,  1.6191e-02,
         -7.4266e-01,  3.1963e-01,  9.8409e-02,  0.0000e+00,  0.0000e+00,
          0.0000e+00,  0.0000e+00,  0.0000e+00,  0.0000e+00,  0.0000e+00,
          0.0000e+00,  7.9400e-01, -1.3970e-09,  6.4452e-02, -1.0273e-01,
          3.2809e-02,  1.4300e-01, -4.3657e-01, -4.8648e-02,  1.6181e-01,
         -7.2470e-01, -2.7940e-09, -6.4452e-02, -1.0273e-01,  5.1876e-02,
         -1.2627e-01, -4.3515e-01, -1.2447e-02, -1.2891e-01, -7.2817e-01,
         -2.1309e-03,  9.5682e-02,  2.9351e-01, -1.9679e-02,  2.2401e-01,
          1.3018e-01,  1.9298e-01,  2.2353e-01,  5.4363e-02,  5.0359e-03,
         -1.0459e-01,  2.8986e-01,  2.2269e-02, -2.6713e-01,  1.4931e-01,
          2.3346e-01, -2.3257e-01,  7.7359e-02]], dtype=torch.float64)
local_key_body_pos:
tensor([[-9.8660e-02,  8.6377e-02,  2.0467e-02,  3.7312e-01, -1.8370e-02,
         -1.6026e-01, -1.5496e-01, -3.6442e-02, -4.2391e-02,  3.7158e-01,
          2.4079e-01,  1.5545e-02,  3.5771e-02,  1.8189e-02,  5.2452e-03,
          1.4217e-01,  4.6554e-01, -1.8442e-01,  9.8082e-02,  1.6191e-02,
         -7.4266e-01,  3.1963e-01,  9.8409e-02,  0.0000e+00,  0.0000e+00,
          0.0000e+00,  0.0000e+00,  0.0000e+00,  0.0000e+00,  0.0000e+00,
          0.0000e+00,  7.9400e-01, -1.3970e-09,  6.4452e-02, -1.0273e-01,
          3.2809e-02,  1.4300e-01, -4.3657e-01, -4.8648e-02,  1.6181e-01,
         -7.2470e-01, -2.7940e-09, -6.4452e-02, -1.0273e-01,  5.1876e-02,
         -1.2627e-01, -4.3515e-01, -1.2447e-02, -1.2891e-01, -7.2817e-01,
         -2.1309e-03,  9.5682e-02,  2.9351e-01, -1.9679e-02,  2.2401e-01,
          1.3018e-01,  1.9298e-01,  2.2353e-01,  5.4363e-02,  5.0359e-03,
         -1.0459e-01,  2.8986e-01,  2.2269e-02, -2.6713e-01,  1.4931e-01,
          2.3346e-01, -2.3257e-01,  7.7359e-02]], dtype=torch.float64)
----------------------------------------
dof_pos:
tensor([[-9.8660e-02,  8.6377e-02,  2.0467e-02,  3.7312e-01, -1.8370e-02,
         -1.6026e-01, -1.5496e-01, -3.6442e-02, -4.2391e-02,  3.7158e-01,
          2.4079e-01,  1.5545e-02,  3.5771e-02,  1.8189e-02,  5.2452e-03,
          1.4217e-01,  4.6554e-01, -1.8442e-01,  9.8082e-02,  1.6191e-02,
         -7.4266e-01,  3.1963e-01,  9.8409e-02,  0.0000e+00,  0.0000e+00,
          0.0000e+00,  0.0000e+00,  0.0000e+00,  0.0000e+00,  0.0000e+00,
          0.0000e+00,  7.9400e-01, -1.3970e-09,  6.4452e-02, -1.0273e-01,
          3.2809e-02,  1.4300e-01, -4.3657e-01, -4.8648e-02,  1.6181e-01,
         -7.2470e-01, -2.7940e-09, -6.4452e-02, -1.0273e-01,  5.1876e-02,
         -1.2627e-01, -4.3515e-01, -1.2447e-02, -1.2891e-01, -7.2817e-01,
         -2.1309e-03,  9.5682e-02,  2.9351e-01, -1.9679e-02,  2.2401e-01,
          1.3018e-01,  1.9298e-01,  2.2353e-01,  5.4363e-02,  5.0359e-03,
         -1.0459e-01,  2.8986e-01,  2.2269e-02, -2.6713e-01,  1.4931e-01,
          2.3346e-01, -2.3257e-01,  7.7359e-02]], dtype=torch.float64)
local_key_body_pos:
tensor([[-9.8660e-02,  8.6377e-02,  2.0467e-02,  3.7312e-01, -1.8370e-02,
         -1.6026e-01, -1.5496e-01, -3.6442e-02, -4.2391e-02,  3.7158e-01,
          2.4079e-01,  1.5545e-02,  3.5771e-02,  1.8189e-02,  5.2452e-03,
          1.4217e-01,  4.6554e-01, -1.8442e-01,  9.8082e-02,  1.6191e-02,
         -7.4266e-01,  3.1963e-01,  9.8409e-02,  0.0000e+00,  0.0000e+00,
          0.0000e+00,  0.0000e+00,  0.0000e+00,  0.0000e+00,  0.0000e+00,
          0.0000e+00,  7.9400e-01, -1.3970e-09,  6.4452e-02, -1.0273e-01,
          3.2809e-02,  1.4300e-01, -4.3657e-01, -4.8648e-02,  1.6181e-01,
         -7.2470e-01, -2.7940e-09, -6.4452e-02, -1.0273e-01,  5.1876e-02,
         -1.2627e-01, -4.3515e-01, -1.2447e-02, -1.2891e-01, -7.2817e-01,
         -2.1309e-03,  9.5682e-02,  2.9351e-01, -1.9679e-02,  2.2401e-01,
          1.3018e-01,  1.9298e-01,  2.2353e-01,  5.4363e-02,  5.0359e-03,
         -1.0459e-01,  2.8986e-01,  2.2269e-02, -2.6713e-01,  1.4931e-01,
          2.3346e-01, -2.3257e-01,  7.7359e-02]], dtype=torch.float64)
----------------------------------------
dof_pos:
tensor([[-9.8660e-02,  8.6377e-02,  2.0467e-02,  3.7312e-01, -1.8370e-02,
         -1.6026e-01, -1.5496e-01, -3.6442e-02, -4.2391e-02,  3.7158e-01,
          2.4079e-01,  1.5545e-02,  3.5771e-02,  1.8189e-02,  5.2452e-03,
          1.4217e-01,  4.6554e-01, -1.8442e-01,  9.8082e-02,  1.6191e-02,
         -7.4266e-01,  3.1963e-01,  9.8409e-02,  0.0000e+00,  0.0000e+00,
          0.0000e+00,  0.0000e+00,  0.0000e+00,  0.0000e+00,  0.0000e+00,
          0.0000e+00,  7.9400e-01, -1.3970e-09,  6.4452e-02, -1.0273e-01,
          3.2809e-02,  1.4300e-01, -4.3657e-01, -4.8648e-02,  1.6181e-01,
         -7.2470e-01, -2.7940e-09, -6.4452e-02, -1.0273e-01,  5.1876e-02,
         -1.2627e-01, -4.3515e-01, -1.2447e-02, -1.2891e-01, -7.2817e-01,
         -2.1309e-03,  9.5682e-02,  2.9351e-01, -1.9679e-02,  2.2401e-01,
          1.3018e-01,  1.9298e-01,  2.2353e-01,  5.4363e-02,  5.0359e-03,
         -1.0459e-01,  2.8986e-01,  2.2269e-02, -2.6713e-01,  1.4931e-01,
          2.3346e-01, -2.3257e-01,  7.7359e-02]], dtype=torch.float64)
local_key_body_pos:
tensor([[-9.8660e-02,  8.6377e-02,  2.0467e-02,  3.7312e-01, -1.8370e-02,
         -1.6026e-01, -1.5496e-01, -3.6442e-02, -4.2391e-02,  3.7158e-01,
          2.4079e-01,  1.5545e-02,  3.5771e-02,  1.8189e-02,  5.2452e-03,
          1.4217e-01,  4.6554e-01, -1.8442e-01,  9.8082e-02,  1.6191e-02,
         -7.4266e-01,  3.1963e-01,  9.8409e-02,  0.0000e+00,  0.0000e+00,
          0.0000e+00,  0.0000e+00,  0.0000e+00,  0.0000e+00,  0.0000e+00,
          0.0000e+00,  7.9400e-01, -1.3970e-09,  6.4452e-02, -1.0273e-01,
          3.2809e-02,  1.4300e-01, -4.3657e-01, -4.8648e-02,  1.6181e-01,
         -7.2470e-01, -2.7940e-09, -6.4452e-02, -1.0273e-01,  5.1876e-02,
         -1.2627e-01, -4.3515e-01, -1.2447e-02, -1.2891e-01, -7.2817e-01,
         -2.1309e-03,  9.5682e-02,  2.9351e-01, -1.9679e-02,  2.2401e-01,
          1.3018e-01,  1.9298e-01,  2.2353e-01,  5.4363e-02,  5.0359e-03,
         -1.0459e-01,  2.8986e-01,  2.2269e-02, -2.6713e-01,  1.4931e-01,
          2.3346e-01, -2.3257e-01,  7.7359e-02]], dtype=torch.float64)
----------------------------------------
dof_pos:
tensor([[-9.8660e-02,  8.6377e-02,  2.0467e-02,  3.7312e-01, -1.8370e-02,
         -1.6026e-01, -1.5496e-01, -3.6442e-02, -4.2391e-02,  3.7158e-01,
          2.4079e-01,  1.5545e-02,  3.5771e-02,  1.8189e-02,  5.2452e-03,
          1.4217e-01,  4.6554e-01, -1.8442e-01,  9.8082e-02,  1.6191e-02,
         -7.4266e-01,  3.1963e-01,  9.8409e-02,  0.0000e+00,  0.0000e+00,
          0.0000e+00,  0.0000e+00,  0.0000e+00,  0.0000e+00,  0.0000e+00,
          0.0000e+00,  7.9400e-01, -1.3970e-09,  6.4452e-02, -1.0273e-01,
          3.2809e-02,  1.4300e-01, -4.3657e-01, -4.8648e-02,  1.6181e-01,
         -7.2470e-01, -2.7940e-09, -6.4452e-02, -1.0273e-01,  5.1876e-02,
         -1.2627e-01, -4.3515e-01, -1.2447e-02, -1.2891e-01, -7.2817e-01,
         -2.1309e-03,  9.5682e-02,  2.9351e-01, -1.9679e-02,  2.2401e-01,
          1.3018e-01,  1.9298e-01,  2.2353e-01,  5.4363e-02,  5.0359e-03,
         -1.0459e-01,  2.8986e-01,  2.2269e-02, -2.6713e-01,  1.4931e-01,
          2.3346e-01, -2.3257e-01,  7.7359e-02]], dtype=torch.float64)
local_key_body_pos:
tensor([[-9.8660e-02,  8.6377e-02,  2.0467e-02,  3.7312e-01, -1.8370e-02,
         -1.6026e-01, -1.5496e-01, -3.6442e-02, -4.2391e-02,  3.7158e-01,
          2.4079e-01,  1.5545e-02,  3.5771e-02,  1.8189e-02,  5.2452e-03,
          1.4217e-01,  4.6554e-01, -1.8442e-01,  9.8082e-02,  1.6191e-02,
         -7.4266e-01,  3.1963e-01,  9.8409e-02,  0.0000e+00,  0.0000e+00,
          0.0000e+00,  0.0000e+00,  0.0000e+00,  0.0000e+00,  0.0000e+00,
          0.0000e+00,  7.9400e-01, -1.3970e-09,  6.4452e-02, -1.0273e-01,
          3.2809e-02,  1.4300e-01, -4.3657e-01, -4.8648e-02,  1.6181e-01,
         -7.2470e-01, -2.7940e-09, -6.4452e-02, -1.0273e-01,  5.1876e-02,
         -1.2627e-01, -4.3515e-01, -1.2447e-02, -1.2891e-01, -7.2817e-01,
         -2.1309e-03,  9.5682e-02,  2.9351e-01, -1.9679e-02,  2.2401e-01,
          1.3018e-01,  1.9298e-01,  2.2353e-01,  5.4363e-02,  5.0359e-03,
         -1.0459e-01,  2.8986e-01,  2.2269e-02, -2.6713e-01,  1.4931e-01,
          2.3346e-01, -2.3257e-01,  7.7359e-02]], dtype=torch.float64)
----------------------------------------
dof_pos:
tensor([[-9.8660e-02,  8.6377e-02,  2.0467e-02,  3.7312e-01, -1.8370e-02,
         -1.6026e-01, -1.5496e-01, -3.6442e-02, -4.2391e-02,  3.7158e-01,
          2.4079e-01,  1.5545e-02,  3.5771e-02,  1.8189e-02,  5.2452e-03,
          1.4217e-01,  4.6554e-01, -1.8442e-01,  9.8082e-02,  1.6191e-02,
         -7.4266e-01,  3.1963e-01,  9.8409e-02,  0.0000e+00,  0.0000e+00,
          0.0000e+00,  0.0000e+00,  0.0000e+00,  0.0000e+00,  0.0000e+00,
          0.0000e+00,  7.9400e-01, -1.3970e-09,  6.4452e-02, -1.0273e-01,
          3.2809e-02,  1.4300e-01, -4.3657e-01, -4.8648e-02,  1.6181e-01,
         -7.2470e-01, -2.7940e-09, -6.4452e-02, -1.0273e-01,  5.1876e-02,
         -1.2627e-01, -4.3515e-01, -1.2447e-02, -1.2891e-01, -7.2817e-01,
         -2.1309e-03,  9.5682e-02,  2.9351e-01, -1.9679e-02,  2.2401e-01,
          1.3018e-01,  1.9298e-01,  2.2353e-01,  5.4363e-02,  5.0359e-03,
         -1.0459e-01,  2.8986e-01,  2.2269e-02, -2.6713e-01,  1.4931e-01,
          2.3346e-01, -2.3257e-01,  7.7359e-02]], dtype=torch.float64)
local_key_body_pos:
tensor([[-9.8660e-02,  8.6377e-02,  2.0467e-02,  3.7312e-01, -1.8370e-02,
         -1.6026e-01, -1.5496e-01, -3.6442e-02, -4.2391e-02,  3.7158e-01,
          2.4079e-01,  1.5545e-02,  3.5771e-02,  1.8189e-02,  5.2452e-03,
          1.4217e-01,  4.6554e-01, -1.8442e-01,  9.8082e-02,  1.6191e-02,
         -7.4266e-01,  3.1963e-01,  9.8409e-02,  0.0000e+00,  0.0000e+00,
          0.0000e+00,  0.0000e+00,  0.0000e+00,  0.0000e+00,  0.0000e+00,
          0.0000e+00,  7.9400e-01, -1.3970e-09,  6.4452e-02, -1.0273e-01,
          3.2809e-02,  1.4300e-01, -4.3657e-01, -4.8648e-02,  1.6181e-01,
         -7.2470e-01, -2.7940e-09, -6.4452e-02, -1.0273e-01,  5.1876e-02,
         -1.2627e-01, -4.3515e-01, -1.2447e-02, -1.2891e-01, -7.2817e-01,
         -2.1309e-03,  9.5682e-02,  2.9351e-01, -1.9679e-02,  2.2401e-01,
          1.3018e-01,  1.9298e-01,  2.2353e-01,  5.4363e-02,  5.0359e-03,
         -1.0459e-01,  2.8986e-01,  2.2269e-02, -2.6713e-01,  1.4931e-01,
          2.3346e-01, -2.3257e-01,  7.7359e-02]], dtype=torch.float64)
----------------------------------------
dof_pos:
tensor([[-6.1463e-02,  1.4449e-01,  1.0246e-02,  3.3472e-01,  5.1486e-02,
         -1.3969e-01, -1.2898e-01,  4.0034e-02, -1.5534e-02,  3.6439e-01,
          1.7459e-01,  3.7365e-02,  3.7667e-02,  1.0033e-02, -6.8032e-03,
          1.8682e-01,  4.1114e-01, -2.5298e-01,  2.5399e-01,  1.9447e-01,
         -3.4165e-01,  2.5471e-01,  1.6928e-01,  0.0000e+00,  0.0000e+00,
          0.0000e+00,  0.0000e+00,  0.0000e+00,  0.0000e+00,  0.0000e+00,
          0.0000e+00,  7.9400e-01, -1.3970e-09,  6.4452e-02, -1.0273e-01,
          1.9874e-02,  1.6119e-01, -4.3545e-01, -6.1667e-02,  1.9732e-01,
         -7.2190e-01, -1.8626e-09, -6.4452e-02, -1.0273e-01,  4.3207e-02,
         -1.0532e-01, -4.3634e-01, -2.6839e-02, -9.2530e-02, -7.2778e-01,
         -5.3721e-03,  9.7596e-02,  2.9276e-01, -2.9937e-02,  2.1417e-01,
          1.2403e-01,  1.6401e-01,  2.1437e-01,  8.4528e-03,  2.1754e-03,
         -1.0268e-01,  2.9075e-01, -1.5861e-02, -2.0551e-01,  1.1515e-01,
          1.8467e-01, -1.7620e-01,  1.5635e-02]], dtype=torch.float64)
local_key_body_pos:
tensor([[-6.1463e-02,  1.4449e-01,  1.0246e-02,  3.3472e-01,  5.1486e-02,
         -1.3969e-01, -1.2898e-01,  4.0034e-02, -1.5534e-02,  3.6439e-01,
          1.7459e-01,  3.7365e-02,  3.7667e-02,  1.0033e-02, -6.8032e-03,
          1.8682e-01,  4.1114e-01, -2.5298e-01,  2.5399e-01,  1.9447e-01,
         -3.4165e-01,  2.5471e-01,  1.6928e-01,  0.0000e+00,  0.0000e+00,
          0.0000e+00,  0.0000e+00,  0.0000e+00,  0.0000e+00,  0.0000e+00,
          0.0000e+00,  7.9400e-01, -1.3970e-09,  6.4452e-02, -1.0273e-01,
          1.9874e-02,  1.6119e-01, -4.3545e-01, -6.1667e-02,  1.9732e-01,
         -7.2190e-01, -1.8626e-09, -6.4452e-02, -1.0273e-01,  4.3207e-02,
         -1.0532e-01, -4.3634e-01, -2.6839e-02, -9.2530e-02, -7.2778e-01,
         -5.3721e-03,  9.7596e-02,  2.9276e-01, -2.9937e-02,  2.1417e-01,
          1.2403e-01,  1.6401e-01,  2.1437e-01,  8.4528e-03,  2.1754e-03,
         -1.0268e-01,  2.9075e-01, -1.5861e-02, -2.0551e-01,  1.1515e-01,
          1.8467e-01, -1.7620e-01,  1.5635e-02]], dtype=torch.float64)
----------------------------------------
dof_pos:
tensor([[-6.1463e-02,  1.4449e-01,  1.0246e-02,  3.3472e-01,  5.1486e-02,
         -1.3969e-01, -1.2898e-01,  4.0034e-02, -1.5534e-02,  3.6439e-01,
          1.7459e-01,  3.7365e-02,  3.7667e-02,  1.0033e-02, -6.8032e-03,
          1.8682e-01,  4.1114e-01, -2.5298e-01,  2.5399e-01,  1.9447e-01,
         -3.4165e-01,  2.5471e-01,  1.6928e-01,  0.0000e+00,  0.0000e+00,
          0.0000e+00,  0.0000e+00,  0.0000e+00,  0.0000e+00,  0.0000e+00,
          0.0000e+00,  7.9400e-01, -1.3970e-09,  6.4452e-02, -1.0273e-01,
          1.9874e-02,  1.6119e-01, -4.3545e-01, -6.1667e-02,  1.9732e-01,
         -7.2190e-01, -1.8626e-09, -6.4452e-02, -1.0273e-01,  4.3207e-02,
         -1.0532e-01, -4.3634e-01, -2.6839e-02, -9.2530e-02, -7.2778e-01,
         -5.3721e-03,  9.7596e-02,  2.9276e-01, -2.9937e-02,  2.1417e-01,
          1.2403e-01,  1.6401e-01,  2.1437e-01,  8.4528e-03,  2.1754e-03,
         -1.0268e-01,  2.9075e-01, -1.5861e-02, -2.0551e-01,  1.1515e-01,
          1.8467e-01, -1.7620e-01,  1.5635e-02]], dtype=torch.float64)
local_key_body_pos:
tensor([[-6.1463e-02,  1.4449e-01,  1.0246e-02,  3.3472e-01,  5.1486e-02,
         -1.3969e-01, -1.2898e-01,  4.0034e-02, -1.5534e-02,  3.6439e-01,
          1.7459e-01,  3.7365e-02,  3.7667e-02,  1.0033e-02, -6.8032e-03,
          1.8682e-01,  4.1114e-01, -2.5298e-01,  2.5399e-01,  1.9447e-01,
         -3.4165e-01,  2.5471e-01,  1.6928e-01,  0.0000e+00,  0.0000e+00,
          0.0000e+00,  0.0000e+00,  0.0000e+00,  0.0000e+00,  0.0000e+00,
          0.0000e+00,  7.9400e-01, -1.3970e-09,  6.4452e-02, -1.0273e-01,
          1.9874e-02,  1.6119e-01, -4.3545e-01, -6.1667e-02,  1.9732e-01,
         -7.2190e-01, -1.8626e-09, -6.4452e-02, -1.0273e-01,  4.3207e-02,
         -1.0532e-01, -4.3634e-01, -2.6839e-02, -9.2530e-02, -7.2778e-01,
         -5.3721e-03,  9.7596e-02,  2.9276e-01, -2.9937e-02,  2.1417e-01,
          1.2403e-01,  1.6401e-01,  2.1437e-01,  8.4528e-03,  2.1754e-03,
         -1.0268e-01,  2.9075e-01, -1.5861e-02, -2.0551e-01,  1.1515e-01,
          1.8467e-01, -1.7620e-01,  1.5635e-02]], dtype=torch.float64)
----------------------------------------
dof_pos:
tensor([[-6.1463e-02,  1.4449e-01,  1.0246e-02,  3.3472e-01,  5.1486e-02,
         -1.3969e-01, -1.2898e-01,  4.0034e-02, -1.5534e-02,  3.6439e-01,
          1.7459e-01,  3.7365e-02,  3.7667e-02,  1.0033e-02, -6.8032e-03,
          1.8682e-01,  4.1114e-01, -2.5298e-01,  2.5399e-01,  1.9447e-01,
         -3.4165e-01,  2.5471e-01,  1.6928e-01,  0.0000e+00,  0.0000e+00,
          0.0000e+00,  0.0000e+00,  0.0000e+00,  0.0000e+00,  0.0000e+00,
          0.0000e+00,  7.9400e-01, -1.3970e-09,  6.4452e-02, -1.0273e-01,
          1.9874e-02,  1.6119e-01, -4.3545e-01, -6.1667e-02,  1.9732e-01,
         -7.2190e-01, -1.8626e-09, -6.4452e-02, -1.0273e-01,  4.3207e-02,
         -1.0532e-01, -4.3634e-01, -2.6839e-02, -9.2530e-02, -7.2778e-01,
         -5.3721e-03,  9.7596e-02,  2.9276e-01, -2.9937e-02,  2.1417e-01,
          1.2403e-01,  1.6401e-01,  2.1437e-01,  8.4528e-03,  2.1754e-03,
         -1.0268e-01,  2.9075e-01, -1.5861e-02, -2.0551e-01,  1.1515e-01,
          1.8467e-01, -1.7620e-01,  1.5635e-02]], dtype=torch.float64)
local_key_body_pos:
tensor([[-6.1463e-02,  1.4449e-01,  1.0246e-02,  3.3472e-01,  5.1486e-02,
         -1.3969e-01, -1.2898e-01,  4.0034e-02, -1.5534e-02,  3.6439e-01,
          1.7459e-01,  3.7365e-02,  3.7667e-02,  1.0033e-02, -6.8032e-03,
          1.8682e-01,  4.1114e-01, -2.5298e-01,  2.5399e-01,  1.9447e-01,
         -3.4165e-01,  2.5471e-01,  1.6928e-01,  0.0000e+00,  0.0000e+00,
          0.0000e+00,  0.0000e+00,  0.0000e+00,  0.0000e+00,  0.0000e+00,
          0.0000e+00,  7.9400e-01, -1.3970e-09,  6.4452e-02, -1.0273e-01,
          1.9874e-02,  1.6119e-01, -4.3545e-01, -6.1667e-02,  1.9732e-01,
         -7.2190e-01, -1.8626e-09, -6.4452e-02, -1.0273e-01,  4.3207e-02,
         -1.0532e-01, -4.3634e-01, -2.6839e-02, -9.2530e-02, -7.2778e-01,
         -5.3721e-03,  9.7596e-02,  2.9276e-01, -2.9937e-02,  2.1417e-01,
          1.2403e-01,  1.6401e-01,  2.1437e-01,  8.4528e-03,  2.1754e-03,
         -1.0268e-01,  2.9075e-01, -1.5861e-02, -2.0551e-01,  1.1515e-01,
          1.8467e-01, -1.7620e-01,  1.5635e-02]], dtype=torch.float64)
----------------------------------------
dof_pos:
tensor([[-6.1463e-02,  1.4449e-01,  1.0246e-02,  3.3472e-01,  5.1486e-02,
         -1.3969e-01, -1.2898e-01,  4.0034e-02, -1.5534e-02,  3.6439e-01,
          1.7459e-01,  3.7365e-02,  3.7667e-02,  1.0033e-02, -6.8032e-03,
          1.8682e-01,  4.1114e-01, -2.5298e-01,  2.5399e-01,  1.9447e-01,
         -3.4165e-01,  2.5471e-01,  1.6928e-01,  0.0000e+00,  0.0000e+00,
          0.0000e+00,  0.0000e+00,  0.0000e+00,  0.0000e+00,  0.0000e+00,
          0.0000e+00,  7.9400e-01, -1.3970e-09,  6.4452e-02, -1.0273e-01,
          1.9874e-02,  1.6119e-01, -4.3545e-01, -6.1667e-02,  1.9732e-01,
         -7.2190e-01, -1.8626e-09, -6.4452e-02, -1.0273e-01,  4.3207e-02,
         -1.0532e-01, -4.3634e-01, -2.6839e-02, -9.2530e-02, -7.2778e-01,
         -5.3721e-03,  9.7596e-02,  2.9276e-01, -2.9937e-02,  2.1417e-01,
          1.2403e-01,  1.6401e-01,  2.1437e-01,  8.4528e-03,  2.1754e-03,
         -1.0268e-01,  2.9075e-01, -1.5861e-02, -2.0551e-01,  1.1515e-01,
          1.8467e-01, -1.7620e-01,  1.5635e-02]], dtype=torch.float64)
local_key_body_pos:
tensor([[-6.1463e-02,  1.4449e-01,  1.0246e-02,  3.3472e-01,  5.1486e-02,
         -1.3969e-01, -1.2898e-01,  4.0034e-02, -1.5534e-02,  3.6439e-01,
          1.7459e-01,  3.7365e-02,  3.7667e-02,  1.0033e-02, -6.8032e-03,
          1.8682e-01,  4.1114e-01, -2.5298e-01,  2.5399e-01,  1.9447e-01,
         -3.4165e-01,  2.5471e-01,  1.6928e-01,  0.0000e+00,  0.0000e+00,
          0.0000e+00,  0.0000e+00,  0.0000e+00,  0.0000e+00,  0.0000e+00,
          0.0000e+00,  7.9400e-01, -1.3970e-09,  6.4452e-02, -1.0273e-01,
          1.9874e-02,  1.6119e-01, -4.3545e-01, -6.1667e-02,  1.9732e-01,
         -7.2190e-01, -1.8626e-09, -6.4452e-02, -1.0273e-01,  4.3207e-02,
         -1.0532e-01, -4.3634e-01, -2.6839e-02, -9.2530e-02, -7.2778e-01,
         -5.3721e-03,  9.7596e-02,  2.9276e-01, -2.9937e-02,  2.1417e-01,
          1.2403e-01,  1.6401e-01,  2.1437e-01,  8.4528e-03,  2.1754e-03,
         -1.0268e-01,  2.9075e-01, -1.5861e-02, -2.0551e-01,  1.1515e-01,
          1.8467e-01, -1.7620e-01,  1.5635e-02]], dtype=torch.float64)
----------------------------------------
dof_pos:
tensor([[-6.1463e-02,  1.4449e-01,  1.0246e-02,  3.3472e-01,  5.1486e-02,
         -1.3969e-01, -1.2898e-01,  4.0034e-02, -1.5534e-02,  3.6439e-01,
          1.7459e-01,  3.7365e-02,  3.7667e-02,  1.0033e-02, -6.8032e-03,
          1.8682e-01,  4.1114e-01, -2.5298e-01,  2.5399e-01,  1.9447e-01,
         -3.4165e-01,  2.5471e-01,  1.6928e-01,  0.0000e+00,  0.0000e+00,
          0.0000e+00,  0.0000e+00,  0.0000e+00,  0.0000e+00,  0.0000e+00,
          0.0000e+00,  7.9400e-01, -1.3970e-09,  6.4452e-02, -1.0273e-01,
          1.9874e-02,  1.6119e-01, -4.3545e-01, -6.1667e-02,  1.9732e-01,
         -7.2190e-01, -1.8626e-09, -6.4452e-02, -1.0273e-01,  4.3207e-02,
         -1.0532e-01, -4.3634e-01, -2.6839e-02, -9.2530e-02, -7.2778e-01,
         -5.3721e-03,  9.7596e-02,  2.9276e-01, -2.9937e-02,  2.1417e-01,
          1.2403e-01,  1.6401e-01,  2.1437e-01,  8.4528e-03,  2.1754e-03,
         -1.0268e-01,  2.9075e-01, -1.5861e-02, -2.0551e-01,  1.1515e-01,
          1.8467e-01, -1.7620e-01,  1.5635e-02]], dtype=torch.float64)
local_key_body_pos:
tensor([[-6.1463e-02,  1.4449e-01,  1.0246e-02,  3.3472e-01,  5.1486e-02,
         -1.3969e-01, -1.2898e-01,  4.0034e-02, -1.5534e-02,  3.6439e-01,
          1.7459e-01,  3.7365e-02,  3.7667e-02,  1.0033e-02, -6.8032e-03,
          1.8682e-01,  4.1114e-01, -2.5298e-01,  2.5399e-01,  1.9447e-01,
         -3.4165e-01,  2.5471e-01,  1.6928e-01,  0.0000e+00,  0.0000e+00,
          0.0000e+00,  0.0000e+00,  0.0000e+00,  0.0000e+00,  0.0000e+00,
          0.0000e+00,  7.9400e-01, -1.3970e-09,  6.4452e-02, -1.0273e-01,
          1.9874e-02,  1.6119e-01, -4.3545e-01, -6.1667e-02,  1.9732e-01,
         -7.2190e-01, -1.8626e-09, -6.4452e-02, -1.0273e-01,  4.3207e-02,
         -1.0532e-01, -4.3634e-01, -2.6839e-02, -9.2530e-02, -7.2778e-01,
         -5.3721e-03,  9.7596e-02,  2.9276e-01, -2.9937e-02,  2.1417e-01,
          1.2403e-01,  1.6401e-01,  2.1437e-01,  8.4528e-03,  2.1754e-03,
         -1.0268e-01,  2.9075e-01, -1.5861e-02, -2.0551e-01,  1.1515e-01,
          1.8467e-01, -1.7620e-01,  1.5635e-02]], dtype=torch.float64)
----------------------------------------
dof_pos:
tensor([[-6.1463e-02,  1.4449e-01,  1.0246e-02,  3.3472e-01,  5.1486e-02,
         -1.3969e-01, -1.2898e-01,  4.0034e-02, -1.5534e-02,  3.6439e-01,
          1.7459e-01,  3.7365e-02,  3.7667e-02,  1.0033e-02, -6.8032e-03,
          1.8682e-01,  4.1114e-01, -2.5298e-01,  2.5399e-01,  1.9447e-01,
         -3.4165e-01,  2.5471e-01,  1.6928e-01,  0.0000e+00,  0.0000e+00,
          0.0000e+00,  0.0000e+00,  0.0000e+00,  0.0000e+00,  0.0000e+00,
          0.0000e+00,  7.9400e-01, -1.3970e-09,  6.4452e-02, -1.0273e-01,
          1.9874e-02,  1.6119e-01, -4.3545e-01, -6.1667e-02,  1.9732e-01,
         -7.2190e-01, -1.8626e-09, -6.4452e-02, -1.0273e-01,  4.3207e-02,
         -1.0532e-01, -4.3634e-01, -2.6839e-02, -9.2530e-02, -7.2778e-01,
         -5.3721e-03,  9.7596e-02,  2.9276e-01, -2.9937e-02,  2.1417e-01,
          1.2403e-01,  1.6401e-01,  2.1437e-01,  8.4528e-03,  2.1754e-03,
         -1.0268e-01,  2.9075e-01, -1.5861e-02, -2.0551e-01,  1.1515e-01,
          1.8467e-01, -1.7620e-01,  1.5635e-02]], dtype=torch.float64)
local_key_body_pos:
tensor([[-6.1463e-02,  1.4449e-01,  1.0246e-02,  3.3472e-01,  5.1486e-02,
         -1.3969e-01, -1.2898e-01,  4.0034e-02, -1.5534e-02,  3.6439e-01,
          1.7459e-01,  3.7365e-02,  3.7667e-02,  1.0033e-02, -6.8032e-03,
          1.8682e-01,  4.1114e-01, -2.5298e-01,  2.5399e-01,  1.9447e-01,
         -3.4165e-01,  2.5471e-01,  1.6928e-01,  0.0000e+00,  0.0000e+00,
          0.0000e+00,  0.0000e+00,  0.0000e+00,  0.0000e+00,  0.0000e+00,
          0.0000e+00,  7.9400e-01, -1.3970e-09,  6.4452e-02, -1.0273e-01,
          1.9874e-02,  1.6119e-01, -4.3545e-01, -6.1667e-02,  1.9732e-01,
         -7.2190e-01, -1.8626e-09, -6.4452e-02, -1.0273e-01,  4.3207e-02,
         -1.0532e-01, -4.3634e-01, -2.6839e-02, -9.2530e-02, -7.2778e-01,
         -5.3721e-03,  9.7596e-02,  2.9276e-01, -2.9937e-02,  2.1417e-01,
          1.2403e-01,  1.6401e-01,  2.1437e-01,  8.4528e-03,  2.1754e-03,
         -1.0268e-01,  2.9075e-01, -1.5861e-02, -2.0551e-01,  1.1515e-01,
          1.8467e-01, -1.7620e-01,  1.5635e-02]], dtype=torch.float64)
----------------------------------------
dof_pos:
tensor([[-6.1463e-02,  1.4449e-01,  1.0246e-02,  3.3472e-01,  5.1486e-02,
         -1.3969e-01, -1.2898e-01,  4.0034e-02, -1.5534e-02,  3.6439e-01,
          1.7459e-01,  3.7365e-02,  3.7667e-02,  1.0033e-02, -6.8032e-03,
          1.8682e-01,  4.1114e-01, -2.5298e-01,  2.5399e-01,  1.9447e-01,
         -3.4165e-01,  2.5471e-01,  1.6928e-01,  0.0000e+00,  0.0000e+00,
          0.0000e+00,  0.0000e+00,  0.0000e+00,  0.0000e+00,  0.0000e+00,
          0.0000e+00,  7.9400e-01, -1.3970e-09,  6.4452e-02, -1.0273e-01,
          1.9874e-02,  1.6119e-01, -4.3545e-01, -6.1667e-02,  1.9732e-01,
         -7.2190e-01, -1.8626e-09, -6.4452e-02, -1.0273e-01,  4.3207e-02,
         -1.0532e-01, -4.3634e-01, -2.6839e-02, -9.2530e-02, -7.2778e-01,
         -5.3721e-03,  9.7596e-02,  2.9276e-01, -2.9937e-02,  2.1417e-01,
          1.2403e-01,  1.6401e-01,  2.1437e-01,  8.4528e-03,  2.1754e-03,
         -1.0268e-01,  2.9075e-01, -1.5861e-02, -2.0551e-01,  1.1515e-01,
          1.8467e-01, -1.7620e-01,  1.5635e-02]], dtype=torch.float64)
local_key_body_pos:
tensor([[-6.1463e-02,  1.4449e-01,  1.0246e-02,  3.3472e-01,  5.1486e-02,
         -1.3969e-01, -1.2898e-01,  4.0034e-02, -1.5534e-02,  3.6439e-01,
          1.7459e-01,  3.7365e-02,  3.7667e-02,  1.0033e-02, -6.8032e-03,
          1.8682e-01,  4.1114e-01, -2.5298e-01,  2.5399e-01,  1.9447e-01,
         -3.4165e-01,  2.5471e-01,  1.6928e-01,  0.0000e+00,  0.0000e+00,
          0.0000e+00,  0.0000e+00,  0.0000e+00,  0.0000e+00,  0.0000e+00,
          0.0000e+00,  7.9400e-01, -1.3970e-09,  6.4452e-02, -1.0273e-01,
          1.9874e-02,  1.6119e-01, -4.3545e-01, -6.1667e-02,  1.9732e-01,
         -7.2190e-01, -1.8626e-09, -6.4452e-02, -1.0273e-01,  4.3207e-02,
         -1.0532e-01, -4.3634e-01, -2.6839e-02, -9.2530e-02, -7.2778e-01,
         -5.3721e-03,  9.7596e-02,  2.9276e-01, -2.9937e-02,  2.1417e-01,
          1.2403e-01,  1.6401e-01,  2.1437e-01,  8.4528e-03,  2.1754e-03,
         -1.0268e-01,  2.9075e-01, -1.5861e-02, -2.0551e-01,  1.1515e-01,
          1.8467e-01, -1.7620e-01,  1.5635e-02]], dtype=torch.float64)
----------------------------------------
dof_pos:
tensor([[-1.1789e-01,  7.0581e-02,  1.1505e-03,  4.2173e-01,  1.1162e-01,
         -1.4327e-01, -8.6650e-02,  4.5217e-02, -1.7954e-02,  3.7874e-01,
          1.5971e-01,  8.1046e-02,  8.0505e-02,  3.6045e-03, -6.3118e-03,
          2.0944e-01,  3.4311e-01, -2.6709e-01,  2.9136e-01,  1.4038e-01,
         -3.4000e-01,  3.5093e-01,  3.0282e-01,  0.0000e+00,  0.0000e+00,
          0.0000e+00,  0.0000e+00,  0.0000e+00,  0.0000e+00,  0.0000e+00,
          0.0000e+00,  7.9400e-01, -1.3970e-09,  6.4452e-02, -1.0273e-01,
          1.9874e-02,  1.6119e-01, -4.3545e-01, -6.1667e-02,  1.9732e-01,
         -7.2190e-01, -1.8626e-09, -6.4452e-02, -1.0273e-01,  4.3207e-02,
         -1.0532e-01, -4.3634e-01, -2.6839e-02, -9.2530e-02, -7.2778e-01,
         -5.3721e-03,  9.7596e-02,  2.9276e-01, -2.9937e-02,  2.1417e-01,
          1.2403e-01,  1.6401e-01,  2.1437e-01,  8.4528e-03,  2.1754e-03,
         -1.0268e-01,  2.9075e-01, -1.5861e-02, -2.0551e-01,  1.1515e-01,
          1.8467e-01, -1.7620e-01,  1.5635e-02]], dtype=torch.float64)
local_key_body_pos:
tensor([[-1.1789e-01,  7.0581e-02,  1.1505e-03,  4.2173e-01,  1.1162e-01,
         -1.4327e-01, -8.6650e-02,  4.5217e-02, -1.7954e-02,  3.7874e-01,
          1.5971e-01,  8.1046e-02,  8.0505e-02,  3.6045e-03, -6.3118e-03,
          2.0944e-01,  3.4311e-01, -2.6709e-01,  2.9136e-01,  1.4038e-01,
         -3.4000e-01,  3.5093e-01,  3.0282e-01,  0.0000e+00,  0.0000e+00,
          0.0000e+00,  0.0000e+00,  0.0000e+00,  0.0000e+00,  0.0000e+00,
          0.0000e+00,  7.9400e-01, -1.3970e-09,  6.4452e-02, -1.0273e-01,
          1.9874e-02,  1.6119e-01, -4.3545e-01, -6.1667e-02,  1.9732e-01,
         -7.2190e-01, -1.8626e-09, -6.4452e-02, -1.0273e-01,  4.3207e-02,
         -1.0532e-01, -4.3634e-01, -2.6839e-02, -9.2530e-02, -7.2778e-01,
         -5.3721e-03,  9.7596e-02,  2.9276e-01, -2.9937e-02,  2.1417e-01,
          1.2403e-01,  1.6401e-01,  2.1437e-01,  8.4528e-03,  2.1754e-03,
         -1.0268e-01,  2.9075e-01, -1.5861e-02, -2.0551e-01,  1.1515e-01,
          1.8467e-01, -1.7620e-01,  1.5635e-02]], dtype=torch.float64)
----------------------------------------
dof_pos:
tensor([[-1.1789e-01,  7.0581e-02,  1.1505e-03,  4.2173e-01,  1.1162e-01,
         -1.4327e-01, -8.6650e-02,  4.5217e-02, -1.7954e-02,  3.7874e-01,
          1.5971e-01,  8.1046e-02,  8.0505e-02,  3.6045e-03, -6.3118e-03,
          2.0944e-01,  3.4311e-01, -2.6709e-01,  2.9136e-01,  1.4038e-01,
         -3.4000e-01,  3.5093e-01,  3.0282e-01,  0.0000e+00,  0.0000e+00,
          0.0000e+00,  0.0000e+00,  0.0000e+00,  0.0000e+00,  0.0000e+00,
          0.0000e+00,  7.9400e-01, -4.6566e-10,  6.4452e-02, -1.0273e-01,
          3.9328e-02,  1.3977e-01, -4.3613e-01, -5.0603e-02,  1.5698e-01,
         -7.2183e-01, -1.8626e-09, -6.4452e-02, -1.0273e-01,  2.9031e-02,
         -1.0357e-01, -4.3780e-01, -5.7434e-02, -8.9110e-02, -7.2472e-01,
         -9.5537e-03,  9.8878e-02,  2.9213e-01, -4.2838e-02,  2.0096e-01,
          1.1832e-01,  1.4451e-01,  2.0433e-01, -7.6334e-03,  6.5643e-03,
         -1.0090e-01,  2.9141e-01,  2.9970e-03, -2.0331e-01,  1.1509e-01,
          1.8830e-01, -1.5647e-01, -5.0918e-03]], dtype=torch.float64)
local_key_body_pos:
tensor([[-1.1789e-01,  7.0581e-02,  1.1505e-03,  4.2173e-01,  1.1162e-01,
         -1.4327e-01, -8.6650e-02,  4.5217e-02, -1.7954e-02,  3.7874e-01,
          1.5971e-01,  8.1046e-02,  8.0505e-02,  3.6045e-03, -6.3118e-03,
          2.0944e-01,  3.4311e-01, -2.6709e-01,  2.9136e-01,  1.4038e-01,
         -3.4000e-01,  3.5093e-01,  3.0282e-01,  0.0000e+00,  0.0000e+00,
          0.0000e+00,  0.0000e+00,  0.0000e+00,  0.0000e+00,  0.0000e+00,
          0.0000e+00,  7.9400e-01, -4.6566e-10,  6.4452e-02, -1.0273e-01,
          3.9328e-02,  1.3977e-01, -4.3613e-01, -5.0603e-02,  1.5698e-01,
         -7.2183e-01, -1.8626e-09, -6.4452e-02, -1.0273e-01,  2.9031e-02,
         -1.0357e-01, -4.3780e-01, -5.7434e-02, -8.9110e-02, -7.2472e-01,
         -9.5537e-03,  9.8878e-02,  2.9213e-01, -4.2838e-02,  2.0096e-01,
          1.1832e-01,  1.4451e-01,  2.0433e-01, -7.6334e-03,  6.5643e-03,
         -1.0090e-01,  2.9141e-01,  2.9970e-03, -2.0331e-01,  1.1509e-01,
          1.8830e-01, -1.5647e-01, -5.0918e-03]], dtype=torch.float64)
----------------------------------------
dof_pos:
tensor([[-1.1789e-01,  7.0581e-02,  1.1505e-03,  4.2173e-01,  1.1162e-01,
         -1.4327e-01, -8.6650e-02,  4.5217e-02, -1.7954e-02,  3.7874e-01,
          1.5971e-01,  8.1046e-02,  8.0505e-02,  3.6045e-03, -6.3118e-03,
          2.0944e-01,  3.4311e-01, -2.6709e-01,  2.9136e-01,  1.4038e-01,
         -3.4000e-01,  3.5093e-01,  3.0282e-01,  0.0000e+00,  0.0000e+00,
          0.0000e+00,  0.0000e+00,  0.0000e+00,  0.0000e+00,  0.0000e+00,
          0.0000e+00,  7.9400e-01, -4.6566e-10,  6.4452e-02, -1.0273e-01,
          3.9328e-02,  1.3977e-01, -4.3613e-01, -5.0603e-02,  1.5698e-01,
         -7.2183e-01, -1.8626e-09, -6.4452e-02, -1.0273e-01,  2.9031e-02,
         -1.0357e-01, -4.3780e-01, -5.7434e-02, -8.9110e-02, -7.2472e-01,
         -9.5537e-03,  9.8878e-02,  2.9213e-01, -4.2838e-02,  2.0096e-01,
          1.1832e-01,  1.4451e-01,  2.0433e-01, -7.6334e-03,  6.5643e-03,
         -1.0090e-01,  2.9141e-01,  2.9970e-03, -2.0331e-01,  1.1509e-01,
          1.8830e-01, -1.5647e-01, -5.0918e-03]], dtype=torch.float64)
local_key_body_pos:
tensor([[-1.1789e-01,  7.0581e-02,  1.1505e-03,  4.2173e-01,  1.1162e-01,
         -1.4327e-01, -8.6650e-02,  4.5217e-02, -1.7954e-02,  3.7874e-01,
          1.5971e-01,  8.1046e-02,  8.0505e-02,  3.6045e-03, -6.3118e-03,
          2.0944e-01,  3.4311e-01, -2.6709e-01,  2.9136e-01,  1.4038e-01,
         -3.4000e-01,  3.5093e-01,  3.0282e-01,  0.0000e+00,  0.0000e+00,
          0.0000e+00,  0.0000e+00,  0.0000e+00,  0.0000e+00,  0.0000e+00,
          0.0000e+00,  7.9400e-01, -4.6566e-10,  6.4452e-02, -1.0273e-01,
          3.9328e-02,  1.3977e-01, -4.3613e-01, -5.0603e-02,  1.5698e-01,
         -7.2183e-01, -1.8626e-09, -6.4452e-02, -1.0273e-01,  2.9031e-02,
         -1.0357e-01, -4.3780e-01, -5.7434e-02, -8.9110e-02, -7.2472e-01,
         -9.5537e-03,  9.8878e-02,  2.9213e-01, -4.2838e-02,  2.0096e-01,
          1.1832e-01,  1.4451e-01,  2.0433e-01, -7.6334e-03,  6.5643e-03,
         -1.0090e-01,  2.9141e-01,  2.9970e-03, -2.0331e-01,  1.1509e-01,
          1.8830e-01, -1.5647e-01, -5.0918e-03]], dtype=torch.float64)
----------------------------------------
dof_pos:
tensor([[-1.1789e-01,  7.0581e-02,  1.1505e-03,  4.2173e-01,  1.1162e-01,
         -1.4327e-01, -8.6650e-02,  4.5217e-02, -1.7954e-02,  3.7874e-01,
          1.5971e-01,  8.1046e-02,  8.0505e-02,  3.6045e-03, -6.3118e-03,
          2.0944e-01,  3.4311e-01, -2.6709e-01,  2.9136e-01,  1.4038e-01,
         -3.4000e-01,  3.5093e-01,  3.0282e-01,  0.0000e+00,  0.0000e+00,
          0.0000e+00,  0.0000e+00,  0.0000e+00,  0.0000e+00,  0.0000e+00,
          0.0000e+00,  7.9400e-01, -4.6566e-10,  6.4452e-02, -1.0273e-01,
          3.9328e-02,  1.3977e-01, -4.3613e-01, -5.0603e-02,  1.5698e-01,
         -7.2183e-01, -1.8626e-09, -6.4452e-02, -1.0273e-01,  2.9031e-02,
         -1.0357e-01, -4.3780e-01, -5.7434e-02, -8.9110e-02, -7.2472e-01,
         -9.5537e-03,  9.8878e-02,  2.9213e-01, -4.2838e-02,  2.0096e-01,
          1.1832e-01,  1.4451e-01,  2.0433e-01, -7.6334e-03,  6.5643e-03,
         -1.0090e-01,  2.9141e-01,  2.9970e-03, -2.0331e-01,  1.1509e-01,
          1.8830e-01, -1.5647e-01, -5.0918e-03]], dtype=torch.float64)
local_key_body_pos:
tensor([[-1.1789e-01,  7.0581e-02,  1.1505e-03,  4.2173e-01,  1.1162e-01,
         -1.4327e-01, -8.6650e-02,  4.5217e-02, -1.7954e-02,  3.7874e-01,
          1.5971e-01,  8.1046e-02,  8.0505e-02,  3.6045e-03, -6.3118e-03,
          2.0944e-01,  3.4311e-01, -2.6709e-01,  2.9136e-01,  1.4038e-01,
         -3.4000e-01,  3.5093e-01,  3.0282e-01,  0.0000e+00,  0.0000e+00,
          0.0000e+00,  0.0000e+00,  0.0000e+00,  0.0000e+00,  0.0000e+00,
          0.0000e+00,  7.9400e-01, -4.6566e-10,  6.4452e-02, -1.0273e-01,
          3.9328e-02,  1.3977e-01, -4.3613e-01, -5.0603e-02,  1.5698e-01,
         -7.2183e-01, -1.8626e-09, -6.4452e-02, -1.0273e-01,  2.9031e-02,
         -1.0357e-01, -4.3780e-01, -5.7434e-02, -8.9110e-02, -7.2472e-01,
         -9.5537e-03,  9.8878e-02,  2.9213e-01, -4.2838e-02,  2.0096e-01,
          1.1832e-01,  1.4451e-01,  2.0433e-01, -7.6334e-03,  6.5643e-03,
         -1.0090e-01,  2.9141e-01,  2.9970e-03, -2.0331e-01,  1.1509e-01,
          1.8830e-01, -1.5647e-01, -5.0918e-03]], dtype=torch.float64)
----------------------------------------
dof_pos:
tensor([[-1.1789e-01,  7.0581e-02,  1.1505e-03,  4.2173e-01,  1.1162e-01,
         -1.4327e-01, -8.6650e-02,  4.5217e-02, -1.7954e-02,  3.7874e-01,
          1.5971e-01,  8.1046e-02,  8.0505e-02,  3.6045e-03, -6.3118e-03,
          2.0944e-01,  3.4311e-01, -2.6709e-01,  2.9136e-01,  1.4038e-01,
         -3.4000e-01,  3.5093e-01,  3.0282e-01,  0.0000e+00,  0.0000e+00,
          0.0000e+00,  0.0000e+00,  0.0000e+00,  0.0000e+00,  0.0000e+00,
          0.0000e+00,  7.9400e-01, -4.6566e-10,  6.4452e-02, -1.0273e-01,
          3.9328e-02,  1.3977e-01, -4.3613e-01, -5.0603e-02,  1.5698e-01,
         -7.2183e-01, -1.8626e-09, -6.4452e-02, -1.0273e-01,  2.9031e-02,
         -1.0357e-01, -4.3780e-01, -5.7434e-02, -8.9110e-02, -7.2472e-01,
         -9.5537e-03,  9.8878e-02,  2.9213e-01, -4.2838e-02,  2.0096e-01,
          1.1832e-01,  1.4451e-01,  2.0433e-01, -7.6334e-03,  6.5643e-03,
         -1.0090e-01,  2.9141e-01,  2.9970e-03, -2.0331e-01,  1.1509e-01,
          1.8830e-01, -1.5647e-01, -5.0918e-03]], dtype=torch.float64)
local_key_body_pos:
tensor([[-1.1789e-01,  7.0581e-02,  1.1505e-03,  4.2173e-01,  1.1162e-01,
         -1.4327e-01, -8.6650e-02,  4.5217e-02, -1.7954e-02,  3.7874e-01,
          1.5971e-01,  8.1046e-02,  8.0505e-02,  3.6045e-03, -6.3118e-03,
          2.0944e-01,  3.4311e-01, -2.6709e-01,  2.9136e-01,  1.4038e-01,
         -3.4000e-01,  3.5093e-01,  3.0282e-01,  0.0000e+00,  0.0000e+00,
          0.0000e+00,  0.0000e+00,  0.0000e+00,  0.0000e+00,  0.0000e+00,
          0.0000e+00,  7.9400e-01, -4.6566e-10,  6.4452e-02, -1.0273e-01,
          3.9328e-02,  1.3977e-01, -4.3613e-01, -5.0603e-02,  1.5698e-01,
         -7.2183e-01, -1.8626e-09, -6.4452e-02, -1.0273e-01,  2.9031e-02,
         -1.0357e-01, -4.3780e-01, -5.7434e-02, -8.9110e-02, -7.2472e-01,
         -9.5537e-03,  9.8878e-02,  2.9213e-01, -4.2838e-02,  2.0096e-01,
          1.1832e-01,  1.4451e-01,  2.0433e-01, -7.6334e-03,  6.5643e-03,
         -1.0090e-01,  2.9141e-01,  2.9970e-03, -2.0331e-01,  1.1509e-01,
          1.8830e-01, -1.5647e-01, -5.0918e-03]], dtype=torch.float64)
----------------------------------------
dof_pos:
tensor([[-1.1789e-01,  7.0581e-02,  1.1505e-03,  4.2173e-01,  1.1162e-01,
         -1.4327e-01, -8.6650e-02,  4.5217e-02, -1.7954e-02,  3.7874e-01,
          1.5971e-01,  8.1046e-02,  8.0505e-02,  3.6045e-03, -6.3118e-03,
          2.0944e-01,  3.4311e-01, -2.6709e-01,  2.9136e-01,  1.4038e-01,
         -3.4000e-01,  3.5093e-01,  3.0282e-01,  0.0000e+00,  0.0000e+00,
          0.0000e+00,  0.0000e+00,  0.0000e+00,  0.0000e+00,  0.0000e+00,
          0.0000e+00,  7.9400e-01, -4.6566e-10,  6.4452e-02, -1.0273e-01,
          3.9328e-02,  1.3977e-01, -4.3613e-01, -5.0603e-02,  1.5698e-01,
         -7.2183e-01, -1.8626e-09, -6.4452e-02, -1.0273e-01,  2.9031e-02,
         -1.0357e-01, -4.3780e-01, -5.7434e-02, -8.9110e-02, -7.2472e-01,
         -9.5537e-03,  9.8878e-02,  2.9213e-01, -4.2838e-02,  2.0096e-01,
          1.1832e-01,  1.4451e-01,  2.0433e-01, -7.6334e-03,  6.5643e-03,
         -1.0090e-01,  2.9141e-01,  2.9970e-03, -2.0331e-01,  1.1509e-01,
          1.8830e-01, -1.5647e-01, -5.0918e-03]], dtype=torch.float64)
local_key_body_pos:
tensor([[-1.1789e-01,  7.0581e-02,  1.1505e-03,  4.2173e-01,  1.1162e-01,
         -1.4327e-01, -8.6650e-02,  4.5217e-02, -1.7954e-02,  3.7874e-01,
          1.5971e-01,  8.1046e-02,  8.0505e-02,  3.6045e-03, -6.3118e-03,
          2.0944e-01,  3.4311e-01, -2.6709e-01,  2.9136e-01,  1.4038e-01,
         -3.4000e-01,  3.5093e-01,  3.0282e-01,  0.0000e+00,  0.0000e+00,
          0.0000e+00,  0.0000e+00,  0.0000e+00,  0.0000e+00,  0.0000e+00,
          0.0000e+00,  7.9400e-01, -4.6566e-10,  6.4452e-02, -1.0273e-01,
          3.9328e-02,  1.3977e-01, -4.3613e-01, -5.0603e-02,  1.5698e-01,
         -7.2183e-01, -1.8626e-09, -6.4452e-02, -1.0273e-01,  2.9031e-02,
         -1.0357e-01, -4.3780e-01, -5.7434e-02, -8.9110e-02, -7.2472e-01,
         -9.5537e-03,  9.8878e-02,  2.9213e-01, -4.2838e-02,  2.0096e-01,
          1.1832e-01,  1.4451e-01,  2.0433e-01, -7.6334e-03,  6.5643e-03,
         -1.0090e-01,  2.9141e-01,  2.9970e-03, -2.0331e-01,  1.1509e-01,
          1.8830e-01, -1.5647e-01, -5.0918e-03]], dtype=torch.float64)
----------------------------------------
dof_pos:
tensor([[-1.1789e-01,  7.0581e-02,  1.1505e-03,  4.2173e-01,  1.1162e-01,
         -1.4327e-01, -8.6650e-02,  4.5217e-02, -1.7954e-02,  3.7874e-01,
          1.5971e-01,  8.1046e-02,  8.0505e-02,  3.6045e-03, -6.3118e-03,
          2.0944e-01,  3.4311e-01, -2.6709e-01,  2.9136e-01,  1.4038e-01,
         -3.4000e-01,  3.5093e-01,  3.0282e-01,  0.0000e+00,  0.0000e+00,
          0.0000e+00,  0.0000e+00,  0.0000e+00,  0.0000e+00,  0.0000e+00,
          0.0000e+00,  7.9400e-01, -4.6566e-10,  6.4452e-02, -1.0273e-01,
          3.9328e-02,  1.3977e-01, -4.3613e-01, -5.0603e-02,  1.5698e-01,
         -7.2183e-01, -1.8626e-09, -6.4452e-02, -1.0273e-01,  2.9031e-02,
         -1.0357e-01, -4.3780e-01, -5.7434e-02, -8.9110e-02, -7.2472e-01,
         -9.5537e-03,  9.8878e-02,  2.9213e-01, -4.2838e-02,  2.0096e-01,
          1.1832e-01,  1.4451e-01,  2.0433e-01, -7.6334e-03,  6.5643e-03,
         -1.0090e-01,  2.9141e-01,  2.9970e-03, -2.0331e-01,  1.1509e-01,
          1.8830e-01, -1.5647e-01, -5.0918e-03]], dtype=torch.float64)
local_key_body_pos:
tensor([[-1.1789e-01,  7.0581e-02,  1.1505e-03,  4.2173e-01,  1.1162e-01,
         -1.4327e-01, -8.6650e-02,  4.5217e-02, -1.7954e-02,  3.7874e-01,
          1.5971e-01,  8.1046e-02,  8.0505e-02,  3.6045e-03, -6.3118e-03,
          2.0944e-01,  3.4311e-01, -2.6709e-01,  2.9136e-01,  1.4038e-01,
         -3.4000e-01,  3.5093e-01,  3.0282e-01,  0.0000e+00,  0.0000e+00,
          0.0000e+00,  0.0000e+00,  0.0000e+00,  0.0000e+00,  0.0000e+00,
          0.0000e+00,  7.9400e-01, -4.6566e-10,  6.4452e-02, -1.0273e-01,
          3.9328e-02,  1.3977e-01, -4.3613e-01, -5.0603e-02,  1.5698e-01,
         -7.2183e-01, -1.8626e-09, -6.4452e-02, -1.0273e-01,  2.9031e-02,
         -1.0357e-01, -4.3780e-01, -5.7434e-02, -8.9110e-02, -7.2472e-01,
         -9.5537e-03,  9.8878e-02,  2.9213e-01, -4.2838e-02,  2.0096e-01,
          1.1832e-01,  1.4451e-01,  2.0433e-01, -7.6334e-03,  6.5643e-03,
         -1.0090e-01,  2.9141e-01,  2.9970e-03, -2.0331e-01,  1.1509e-01,
          1.8830e-01, -1.5647e-01, -5.0918e-03]], dtype=torch.float64)
----------------------------------------
dof_pos:
tensor([[-1.1789e-01,  7.0581e-02,  1.1505e-03,  4.2173e-01,  1.1162e-01,
         -1.4327e-01, -8.6650e-02,  4.5217e-02, -1.7954e-02,  3.7874e-01,
          1.5971e-01,  8.1046e-02,  8.0505e-02,  3.6045e-03, -6.3118e-03,
          2.0944e-01,  3.4311e-01, -2.6709e-01,  2.9136e-01,  1.4038e-01,
         -3.4000e-01,  3.5093e-01,  3.0282e-01,  0.0000e+00,  0.0000e+00,
          0.0000e+00,  0.0000e+00,  0.0000e+00,  0.0000e+00,  0.0000e+00,
          0.0000e+00,  7.9400e-01, -4.6566e-10,  6.4452e-02, -1.0273e-01,
          3.9328e-02,  1.3977e-01, -4.3613e-01, -5.0603e-02,  1.5698e-01,
         -7.2183e-01, -1.8626e-09, -6.4452e-02, -1.0273e-01,  2.9031e-02,
         -1.0357e-01, -4.3780e-01, -5.7434e-02, -8.9110e-02, -7.2472e-01,
         -9.5537e-03,  9.8878e-02,  2.9213e-01, -4.2838e-02,  2.0096e-01,
          1.1832e-01,  1.4451e-01,  2.0433e-01, -7.6334e-03,  6.5643e-03,
         -1.0090e-01,  2.9141e-01,  2.9970e-03, -2.0331e-01,  1.1509e-01,
          1.8830e-01, -1.5647e-01, -5.0918e-03]], dtype=torch.float64)
local_key_body_pos:
tensor([[-1.1789e-01,  7.0581e-02,  1.1505e-03,  4.2173e-01,  1.1162e-01,
         -1.4327e-01, -8.6650e-02,  4.5217e-02, -1.7954e-02,  3.7874e-01,
          1.5971e-01,  8.1046e-02,  8.0505e-02,  3.6045e-03, -6.3118e-03,
          2.0944e-01,  3.4311e-01, -2.6709e-01,  2.9136e-01,  1.4038e-01,
         -3.4000e-01,  3.5093e-01,  3.0282e-01,  0.0000e+00,  0.0000e+00,
          0.0000e+00,  0.0000e+00,  0.0000e+00,  0.0000e+00,  0.0000e+00,
          0.0000e+00,  7.9400e-01, -4.6566e-10,  6.4452e-02, -1.0273e-01,
          3.9328e-02,  1.3977e-01, -4.3613e-01, -5.0603e-02,  1.5698e-01,
         -7.2183e-01, -1.8626e-09, -6.4452e-02, -1.0273e-01,  2.9031e-02,
         -1.0357e-01, -4.3780e-01, -5.7434e-02, -8.9110e-02, -7.2472e-01,
         -9.5537e-03,  9.8878e-02,  2.9213e-01, -4.2838e-02,  2.0096e-01,
          1.1832e-01,  1.4451e-01,  2.0433e-01, -7.6334e-03,  6.5643e-03,
         -1.0090e-01,  2.9141e-01,  2.9970e-03, -2.0331e-01,  1.1509e-01,
          1.8830e-01, -1.5647e-01, -5.0918e-03]], dtype=torch.float64)
----------------------------------------
dof_pos:
tensor([[-2.2265e-01, -8.6232e-02, -6.4847e-03,  3.9280e-01, -6.1607e-01,
         -1.2227e-01,  1.7708e-02,  9.7619e-02, -3.0728e-02,  3.5761e-01,
         -1.3083e-01, -1.4353e-01,  7.6693e-02,  4.6110e-02,  8.2594e-03,
          2.7267e-01,  3.4254e-01, -2.5379e-01,  4.9996e-01, -3.0996e-02,
         -3.0924e-01,  4.7614e-01,  4.5118e-01,  0.0000e+00,  0.0000e+00,
          0.0000e+00,  0.0000e+00,  0.0000e+00,  0.0000e+00,  0.0000e+00,
          0.0000e+00,  7.9400e-01, -4.6566e-10,  6.4452e-02, -1.0273e-01,
          3.9328e-02,  1.3977e-01, -4.3613e-01, -5.0603e-02,  1.5698e-01,
         -7.2183e-01, -1.8626e-09, -6.4452e-02, -1.0273e-01,  2.9031e-02,
         -1.0357e-01, -4.3780e-01, -5.7434e-02, -8.9110e-02, -7.2472e-01,
         -9.5537e-03,  9.8878e-02,  2.9213e-01, -4.2838e-02,  2.0096e-01,
          1.1832e-01,  1.4451e-01,  2.0433e-01, -7.6334e-03,  6.5643e-03,
         -1.0090e-01,  2.9141e-01,  2.9970e-03, -2.0331e-01,  1.1509e-01,
          1.8830e-01, -1.5647e-01, -5.0918e-03]], dtype=torch.float64)
local_key_body_pos:
tensor([[-2.2265e-01, -8.6232e-02, -6.4847e-03,  3.9280e-01, -6.1607e-01,
         -1.2227e-01,  1.7708e-02,  9.7619e-02, -3.0728e-02,  3.5761e-01,
         -1.3083e-01, -1.4353e-01,  7.6693e-02,  4.6110e-02,  8.2594e-03,
          2.7267e-01,  3.4254e-01, -2.5379e-01,  4.9996e-01, -3.0996e-02,
         -3.0924e-01,  4.7614e-01,  4.5118e-01,  0.0000e+00,  0.0000e+00,
          0.0000e+00,  0.0000e+00,  0.0000e+00,  0.0000e+00,  0.0000e+00,
          0.0000e+00,  7.9400e-01, -4.6566e-10,  6.4452e-02, -1.0273e-01,
          3.9328e-02,  1.3977e-01, -4.3613e-01, -5.0603e-02,  1.5698e-01,
         -7.2183e-01, -1.8626e-09, -6.4452e-02, -1.0273e-01,  2.9031e-02,
         -1.0357e-01, -4.3780e-01, -5.7434e-02, -8.9110e-02, -7.2472e-01,
         -9.5537e-03,  9.8878e-02,  2.9213e-01, -4.2838e-02,  2.0096e-01,
          1.1832e-01,  1.4451e-01,  2.0433e-01, -7.6334e-03,  6.5643e-03,
         -1.0090e-01,  2.9141e-01,  2.9970e-03, -2.0331e-01,  1.1509e-01,
          1.8830e-01, -1.5647e-01, -5.0918e-03]], dtype=torch.float64)
----------------------------------------
dof_pos:
tensor([[-2.2265e-01, -8.6232e-02, -6.4847e-03,  3.9280e-01, -6.1607e-01,
         -1.2227e-01,  1.7708e-02,  9.7619e-02, -3.0728e-02,  3.5761e-01,
         -1.3083e-01, -1.4353e-01,  7.6693e-02,  4.6110e-02,  8.2594e-03,
          2.7267e-01,  3.4254e-01, -2.5379e-01,  4.9996e-01, -3.0996e-02,
         -3.0924e-01,  4.7614e-01,  4.5118e-01,  0.0000e+00,  0.0000e+00,
          0.0000e+00,  0.0000e+00,  0.0000e+00,  0.0000e+00,  0.0000e+00,
          0.0000e+00,  7.9400e-01, -1.3778e-05,  6.4348e-02, -1.0273e-01,
          7.4039e-02,  9.3110e-02, -4.3026e-01,  2.2838e-02,  7.2317e-02,
         -7.2513e-01,  5.2207e-05, -6.4555e-02, -1.0253e-01, -6.0310e-03,
         -8.6599e-02, -4.3753e-01, -1.1877e-01, -5.6267e-02, -7.1389e-01,
         -4.7796e-03,  8.8610e-02,  2.9620e-01, -5.2858e-02,  1.9632e-01,
          1.2938e-01,  9.2801e-02,  2.2624e-01, -4.0505e-02,  1.0585e-02,
         -1.1101e-01,  2.8688e-01,  3.5864e-02, -1.9620e-01,  1.0490e-01,
          2.1194e-01, -1.2537e-01, -1.7385e-02]], dtype=torch.float64)
local_key_body_pos:
tensor([[-2.2265e-01, -8.6232e-02, -6.4847e-03,  3.9280e-01, -6.1607e-01,
         -1.2227e-01,  1.7708e-02,  9.7619e-02, -3.0728e-02,  3.5761e-01,
         -1.3083e-01, -1.4353e-01,  7.6693e-02,  4.6110e-02,  8.2594e-03,
          2.7267e-01,  3.4254e-01, -2.5379e-01,  4.9996e-01, -3.0996e-02,
         -3.0924e-01,  4.7614e-01,  4.5118e-01,  0.0000e+00,  0.0000e+00,
          0.0000e+00,  0.0000e+00,  0.0000e+00,  0.0000e+00,  0.0000e+00,
          0.0000e+00,  7.9400e-01, -1.3778e-05,  6.4348e-02, -1.0273e-01,
          7.4039e-02,  9.3110e-02, -4.3026e-01,  2.2838e-02,  7.2317e-02,
         -7.2513e-01,  5.2207e-05, -6.4555e-02, -1.0253e-01, -6.0310e-03,
         -8.6599e-02, -4.3753e-01, -1.1877e-01, -5.6267e-02, -7.1389e-01,
         -4.7796e-03,  8.8610e-02,  2.9620e-01, -5.2858e-02,  1.9632e-01,
          1.2938e-01,  9.2801e-02,  2.2624e-01, -4.0505e-02,  1.0585e-02,
         -1.1101e-01,  2.8688e-01,  3.5864e-02, -1.9620e-01,  1.0490e-01,
          2.1194e-01, -1.2537e-01, -1.7385e-02]], dtype=torch.float64)
----------------------------------------
dof_pos:
tensor([[-2.2265e-01, -8.6232e-02, -6.4847e-03,  3.9280e-01, -6.1607e-01,
         -1.2227e-01,  1.7708e-02,  9.7619e-02, -3.0728e-02,  3.5761e-01,
         -1.3083e-01, -1.4353e-01,  7.6693e-02,  4.6110e-02,  8.2594e-03,
          2.7267e-01,  3.4254e-01, -2.5379e-01,  4.9996e-01, -3.0996e-02,
         -3.0924e-01,  4.7614e-01,  4.5118e-01,  0.0000e+00,  0.0000e+00,
          0.0000e+00,  0.0000e+00,  0.0000e+00,  0.0000e+00,  0.0000e+00,
          0.0000e+00,  7.9400e-01, -1.3778e-05,  6.4348e-02, -1.0273e-01,
          7.4039e-02,  9.3110e-02, -4.3026e-01,  2.2838e-02,  7.2317e-02,
         -7.2513e-01,  5.2207e-05, -6.4555e-02, -1.0253e-01, -6.0310e-03,
         -8.6599e-02, -4.3753e-01, -1.1877e-01, -5.6267e-02, -7.1389e-01,
         -4.7796e-03,  8.8610e-02,  2.9620e-01, -5.2858e-02,  1.9632e-01,
          1.2938e-01,  9.2801e-02,  2.2624e-01, -4.0505e-02,  1.0585e-02,
         -1.1101e-01,  2.8688e-01,  3.5864e-02, -1.9620e-01,  1.0490e-01,
          2.1194e-01, -1.2537e-01, -1.7385e-02]], dtype=torch.float64)
local_key_body_pos:
tensor([[-2.2265e-01, -8.6232e-02, -6.4847e-03,  3.9280e-01, -6.1607e-01,
         -1.2227e-01,  1.7708e-02,  9.7619e-02, -3.0728e-02,  3.5761e-01,
         -1.3083e-01, -1.4353e-01,  7.6693e-02,  4.6110e-02,  8.2594e-03,
          2.7267e-01,  3.4254e-01, -2.5379e-01,  4.9996e-01, -3.0996e-02,
         -3.0924e-01,  4.7614e-01,  4.5118e-01,  0.0000e+00,  0.0000e+00,
          0.0000e+00,  0.0000e+00,  0.0000e+00,  0.0000e+00,  0.0000e+00,
          0.0000e+00,  7.9400e-01, -1.3778e-05,  6.4348e-02, -1.0273e-01,
          7.4039e-02,  9.3110e-02, -4.3026e-01,  2.2838e-02,  7.2317e-02,
         -7.2513e-01,  5.2207e-05, -6.4555e-02, -1.0253e-01, -6.0310e-03,
         -8.6599e-02, -4.3753e-01, -1.1877e-01, -5.6267e-02, -7.1389e-01,
         -4.7796e-03,  8.8610e-02,  2.9620e-01, -5.2858e-02,  1.9632e-01,
          1.2938e-01,  9.2801e-02,  2.2624e-01, -4.0505e-02,  1.0585e-02,
         -1.1101e-01,  2.8688e-01,  3.5864e-02, -1.9620e-01,  1.0490e-01,
          2.1194e-01, -1.2537e-01, -1.7385e-02]], dtype=torch.float64)
----------------------------------------
dof_pos:
tensor([[-2.2265e-01, -8.6232e-02, -6.4847e-03,  3.9280e-01, -6.1607e-01,
         -1.2227e-01,  1.7708e-02,  9.7619e-02, -3.0728e-02,  3.5761e-01,
         -1.3083e-01, -1.4353e-01,  7.6693e-02,  4.6110e-02,  8.2594e-03,
          2.7267e-01,  3.4254e-01, -2.5379e-01,  4.9996e-01, -3.0996e-02,
         -3.0924e-01,  4.7614e-01,  4.5118e-01,  0.0000e+00,  0.0000e+00,
          0.0000e+00,  0.0000e+00,  0.0000e+00,  0.0000e+00,  0.0000e+00,
          0.0000e+00,  7.9400e-01, -1.3778e-05,  6.4348e-02, -1.0273e-01,
          7.4039e-02,  9.3110e-02, -4.3026e-01,  2.2838e-02,  7.2317e-02,
         -7.2513e-01,  5.2207e-05, -6.4555e-02, -1.0253e-01, -6.0310e-03,
         -8.6599e-02, -4.3753e-01, -1.1877e-01, -5.6267e-02, -7.1389e-01,
         -4.7796e-03,  8.8610e-02,  2.9620e-01, -5.2858e-02,  1.9632e-01,
          1.2938e-01,  9.2801e-02,  2.2624e-01, -4.0505e-02,  1.0585e-02,
         -1.1101e-01,  2.8688e-01,  3.5864e-02, -1.9620e-01,  1.0490e-01,
          2.1194e-01, -1.2537e-01, -1.7385e-02]], dtype=torch.float64)
local_key_body_pos:
tensor([[-2.2265e-01, -8.6232e-02, -6.4847e-03,  3.9280e-01, -6.1607e-01,
         -1.2227e-01,  1.7708e-02,  9.7619e-02, -3.0728e-02,  3.5761e-01,
         -1.3083e-01, -1.4353e-01,  7.6693e-02,  4.6110e-02,  8.2594e-03,
          2.7267e-01,  3.4254e-01, -2.5379e-01,  4.9996e-01, -3.0996e-02,
         -3.0924e-01,  4.7614e-01,  4.5118e-01,  0.0000e+00,  0.0000e+00,
          0.0000e+00,  0.0000e+00,  0.0000e+00,  0.0000e+00,  0.0000e+00,
          0.0000e+00,  7.9400e-01, -1.3778e-05,  6.4348e-02, -1.0273e-01,
          7.4039e-02,  9.3110e-02, -4.3026e-01,  2.2838e-02,  7.2317e-02,
         -7.2513e-01,  5.2207e-05, -6.4555e-02, -1.0253e-01, -6.0310e-03,
         -8.6599e-02, -4.3753e-01, -1.1877e-01, -5.6267e-02, -7.1389e-01,
         -4.7796e-03,  8.8610e-02,  2.9620e-01, -5.2858e-02,  1.9632e-01,
          1.2938e-01,  9.2801e-02,  2.2624e-01, -4.0505e-02,  1.0585e-02,
         -1.1101e-01,  2.8688e-01,  3.5864e-02, -1.9620e-01,  1.0490e-01,
          2.1194e-01, -1.2537e-01, -1.7385e-02]], dtype=torch.float64)
----------------------------------------
dof_pos:
tensor([[-2.2265e-01, -8.6232e-02, -6.4847e-03,  3.9280e-01, -6.1607e-01,
         -1.2227e-01,  1.7708e-02,  9.7619e-02, -3.0728e-02,  3.5761e-01,
         -1.3083e-01, -1.4353e-01,  7.6693e-02,  4.6110e-02,  8.2594e-03,
          2.7267e-01,  3.4254e-01, -2.5379e-01,  4.9996e-01, -3.0996e-02,
         -3.0924e-01,  4.7614e-01,  4.5118e-01,  0.0000e+00,  0.0000e+00,
          0.0000e+00,  0.0000e+00,  0.0000e+00,  0.0000e+00,  0.0000e+00,
          0.0000e+00,  7.9400e-01, -1.3778e-05,  6.4348e-02, -1.0273e-01,
          7.4039e-02,  9.3110e-02, -4.3026e-01,  2.2838e-02,  7.2317e-02,
         -7.2513e-01,  5.2207e-05, -6.4555e-02, -1.0253e-01, -6.0310e-03,
         -8.6599e-02, -4.3753e-01, -1.1877e-01, -5.6267e-02, -7.1389e-01,
         -4.7796e-03,  8.8610e-02,  2.9620e-01, -5.2858e-02,  1.9632e-01,
          1.2938e-01,  9.2801e-02,  2.2624e-01, -4.0505e-02,  1.0585e-02,
         -1.1101e-01,  2.8688e-01,  3.5864e-02, -1.9620e-01,  1.0490e-01,
          2.1194e-01, -1.2537e-01, -1.7385e-02]], dtype=torch.float64)
local_key_body_pos:
tensor([[-2.2265e-01, -8.6232e-02, -6.4847e-03,  3.9280e-01, -6.1607e-01,
         -1.2227e-01,  1.7708e-02,  9.7619e-02, -3.0728e-02,  3.5761e-01,
         -1.3083e-01, -1.4353e-01,  7.6693e-02,  4.6110e-02,  8.2594e-03,
          2.7267e-01,  3.4254e-01, -2.5379e-01,  4.9996e-01, -3.0996e-02,
         -3.0924e-01,  4.7614e-01,  4.5118e-01,  0.0000e+00,  0.0000e+00,
          0.0000e+00,  0.0000e+00,  0.0000e+00,  0.0000e+00,  0.0000e+00,
          0.0000e+00,  7.9400e-01, -1.3778e-05,  6.4348e-02, -1.0273e-01,
          7.4039e-02,  9.3110e-02, -4.3026e-01,  2.2838e-02,  7.2317e-02,
         -7.2513e-01,  5.2207e-05, -6.4555e-02, -1.0253e-01, -6.0310e-03,
         -8.6599e-02, -4.3753e-01, -1.1877e-01, -5.6267e-02, -7.1389e-01,
         -4.7796e-03,  8.8610e-02,  2.9620e-01, -5.2858e-02,  1.9632e-01,
          1.2938e-01,  9.2801e-02,  2.2624e-01, -4.0505e-02,  1.0585e-02,
         -1.1101e-01,  2.8688e-01,  3.5864e-02, -1.9620e-01,  1.0490e-01,
          2.1194e-01, -1.2537e-01, -1.7385e-02]], dtype=torch.float64)
----------------------------------------
dof_pos:
tensor([[-2.2265e-01, -8.6232e-02, -6.4847e-03,  3.9280e-01, -6.1607e-01,
         -1.2227e-01,  1.7708e-02,  9.7619e-02, -3.0728e-02,  3.5761e-01,
         -1.3083e-01, -1.4353e-01,  7.6693e-02,  4.6110e-02,  8.2594e-03,
          2.7267e-01,  3.4254e-01, -2.5379e-01,  4.9996e-01, -3.0996e-02,
         -3.0924e-01,  4.7614e-01,  4.5118e-01,  0.0000e+00,  0.0000e+00,
          0.0000e+00,  0.0000e+00,  0.0000e+00,  0.0000e+00,  0.0000e+00,
          0.0000e+00,  7.9400e-01, -1.3778e-05,  6.4348e-02, -1.0273e-01,
          7.4039e-02,  9.3110e-02, -4.3026e-01,  2.2838e-02,  7.2317e-02,
         -7.2513e-01,  5.2207e-05, -6.4555e-02, -1.0253e-01, -6.0310e-03,
         -8.6599e-02, -4.3753e-01, -1.1877e-01, -5.6267e-02, -7.1389e-01,
         -4.7796e-03,  8.8610e-02,  2.9620e-01, -5.2858e-02,  1.9632e-01,
          1.2938e-01,  9.2801e-02,  2.2624e-01, -4.0505e-02,  1.0585e-02,
         -1.1101e-01,  2.8688e-01,  3.5864e-02, -1.9620e-01,  1.0490e-01,
          2.1194e-01, -1.2537e-01, -1.7385e-02]], dtype=torch.float64)
local_key_body_pos:
tensor([[-2.2265e-01, -8.6232e-02, -6.4847e-03,  3.9280e-01, -6.1607e-01,
         -1.2227e-01,  1.7708e-02,  9.7619e-02, -3.0728e-02,  3.5761e-01,
         -1.3083e-01, -1.4353e-01,  7.6693e-02,  4.6110e-02,  8.2594e-03,
          2.7267e-01,  3.4254e-01, -2.5379e-01,  4.9996e-01, -3.0996e-02,
         -3.0924e-01,  4.7614e-01,  4.5118e-01,  0.0000e+00,  0.0000e+00,
          0.0000e+00,  0.0000e+00,  0.0000e+00,  0.0000e+00,  0.0000e+00,
          0.0000e+00,  7.9400e-01, -1.3778e-05,  6.4348e-02, -1.0273e-01,
          7.4039e-02,  9.3110e-02, -4.3026e-01,  2.2838e-02,  7.2317e-02,
         -7.2513e-01,  5.2207e-05, -6.4555e-02, -1.0253e-01, -6.0310e-03,
         -8.6599e-02, -4.3753e-01, -1.1877e-01, -5.6267e-02, -7.1389e-01,
         -4.7796e-03,  8.8610e-02,  2.9620e-01, -5.2858e-02,  1.9632e-01,
          1.2938e-01,  9.2801e-02,  2.2624e-01, -4.0505e-02,  1.0585e-02,
         -1.1101e-01,  2.8688e-01,  3.5864e-02, -1.9620e-01,  1.0490e-01,
          2.1194e-01, -1.2537e-01, -1.7385e-02]], dtype=torch.float64)
----------------------------------------
dof_pos:
tensor([[-2.2265e-01, -8.6232e-02, -6.4847e-03,  3.9280e-01, -6.1607e-01,
         -1.2227e-01,  1.7708e-02,  9.7619e-02, -3.0728e-02,  3.5761e-01,
         -1.3083e-01, -1.4353e-01,  7.6693e-02,  4.6110e-02,  8.2594e-03,
          2.7267e-01,  3.4254e-01, -2.5379e-01,  4.9996e-01, -3.0996e-02,
         -3.0924e-01,  4.7614e-01,  4.5118e-01,  0.0000e+00,  0.0000e+00,
          0.0000e+00,  0.0000e+00,  0.0000e+00,  0.0000e+00,  0.0000e+00,
          0.0000e+00,  7.9400e-01, -1.3778e-05,  6.4348e-02, -1.0273e-01,
          7.4039e-02,  9.3110e-02, -4.3026e-01,  2.2838e-02,  7.2317e-02,
         -7.2513e-01,  5.2207e-05, -6.4555e-02, -1.0253e-01, -6.0310e-03,
         -8.6599e-02, -4.3753e-01, -1.1877e-01, -5.6267e-02, -7.1389e-01,
         -4.7796e-03,  8.8610e-02,  2.9620e-01, -5.2858e-02,  1.9632e-01,
          1.2938e-01,  9.2801e-02,  2.2624e-01, -4.0505e-02,  1.0585e-02,
         -1.1101e-01,  2.8688e-01,  3.5864e-02, -1.9620e-01,  1.0490e-01,
          2.1194e-01, -1.2537e-01, -1.7385e-02]], dtype=torch.float64)
local_key_body_pos:
tensor([[-2.2265e-01, -8.6232e-02, -6.4847e-03,  3.9280e-01, -6.1607e-01,
         -1.2227e-01,  1.7708e-02,  9.7619e-02, -3.0728e-02,  3.5761e-01,
         -1.3083e-01, -1.4353e-01,  7.6693e-02,  4.6110e-02,  8.2594e-03,
          2.7267e-01,  3.4254e-01, -2.5379e-01,  4.9996e-01, -3.0996e-02,
         -3.0924e-01,  4.7614e-01,  4.5118e-01,  0.0000e+00,  0.0000e+00,
          0.0000e+00,  0.0000e+00,  0.0000e+00,  0.0000e+00,  0.0000e+00,
          0.0000e+00,  7.9400e-01, -1.3778e-05,  6.4348e-02, -1.0273e-01,
          7.4039e-02,  9.3110e-02, -4.3026e-01,  2.2838e-02,  7.2317e-02,
         -7.2513e-01,  5.2207e-05, -6.4555e-02, -1.0253e-01, -6.0310e-03,
         -8.6599e-02, -4.3753e-01, -1.1877e-01, -5.6267e-02, -7.1389e-01,
         -4.7796e-03,  8.8610e-02,  2.9620e-01, -5.2858e-02,  1.9632e-01,
          1.2938e-01,  9.2801e-02,  2.2624e-01, -4.0505e-02,  1.0585e-02,
         -1.1101e-01,  2.8688e-01,  3.5864e-02, -1.9620e-01,  1.0490e-01,
          2.1194e-01, -1.2537e-01, -1.7385e-02]], dtype=torch.float64)
----------------------------------------
dof_pos:
tensor([[-2.2265e-01, -8.6232e-02, -6.4847e-03,  3.9280e-01, -6.1607e-01,
         -1.2227e-01,  1.7708e-02,  9.7619e-02, -3.0728e-02,  3.5761e-01,
         -1.3083e-01, -1.4353e-01,  7.6693e-02,  4.6110e-02,  8.2594e-03,
          2.7267e-01,  3.4254e-01, -2.5379e-01,  4.9996e-01, -3.0996e-02,
         -3.0924e-01,  4.7614e-01,  4.5118e-01,  0.0000e+00,  0.0000e+00,
          0.0000e+00,  0.0000e+00,  0.0000e+00,  0.0000e+00,  0.0000e+00,
          0.0000e+00,  7.9400e-01, -1.3778e-05,  6.4348e-02, -1.0273e-01,
          7.4039e-02,  9.3110e-02, -4.3026e-01,  2.2838e-02,  7.2317e-02,
         -7.2513e-01,  5.2207e-05, -6.4555e-02, -1.0253e-01, -6.0310e-03,
         -8.6599e-02, -4.3753e-01, -1.1877e-01, -5.6267e-02, -7.1389e-01,
         -4.7796e-03,  8.8610e-02,  2.9620e-01, -5.2858e-02,  1.9632e-01,
          1.2938e-01,  9.2801e-02,  2.2624e-01, -4.0505e-02,  1.0585e-02,
         -1.1101e-01,  2.8688e-01,  3.5864e-02, -1.9620e-01,  1.0490e-01,
          2.1194e-01, -1.2537e-01, -1.7385e-02]], dtype=torch.float64)
local_key_body_pos:
tensor([[-2.2265e-01, -8.6232e-02, -6.4847e-03,  3.9280e-01, -6.1607e-01,
         -1.2227e-01,  1.7708e-02,  9.7619e-02, -3.0728e-02,  3.5761e-01,
         -1.3083e-01, -1.4353e-01,  7.6693e-02,  4.6110e-02,  8.2594e-03,
          2.7267e-01,  3.4254e-01, -2.5379e-01,  4.9996e-01, -3.0996e-02,
         -3.0924e-01,  4.7614e-01,  4.5118e-01,  0.0000e+00,  0.0000e+00,
          0.0000e+00,  0.0000e+00,  0.0000e+00,  0.0000e+00,  0.0000e+00,
          0.0000e+00,  7.9400e-01, -1.3778e-05,  6.4348e-02, -1.0273e-01,
          7.4039e-02,  9.3110e-02, -4.3026e-01,  2.2838e-02,  7.2317e-02,
         -7.2513e-01,  5.2207e-05, -6.4555e-02, -1.0253e-01, -6.0310e-03,
         -8.6599e-02, -4.3753e-01, -1.1877e-01, -5.6267e-02, -7.1389e-01,
         -4.7796e-03,  8.8610e-02,  2.9620e-01, -5.2858e-02,  1.9632e-01,
          1.2938e-01,  9.2801e-02,  2.2624e-01, -4.0505e-02,  1.0585e-02,
         -1.1101e-01,  2.8688e-01,  3.5864e-02, -1.9620e-01,  1.0490e-01,
          2.1194e-01, -1.2537e-01, -1.7385e-02]], dtype=torch.float64)
----------------------------------------
dof_pos:
tensor([[-1.2421e-01, -5.7753e-02,  3.0790e-02,  7.8289e-01, -1.7813e+00,
          3.4531e-01,  1.3527e-02,  1.7131e-02, -7.3377e-02,  1.0201e+00,
          1.4384e-01, -2.0579e-01,  1.4005e-01,  5.6211e-02,  1.2398e-02,
          2.3460e-01,  3.9280e-01, -2.3083e-01,  4.9800e-01, -5.4543e-02,
         -3.0245e-01,  4.6494e-01,  5.1768e-01,  0.0000e+00,  0.0000e+00,
          0.0000e+00,  0.0000e+00,  0.0000e+00,  0.0000e+00,  0.0000e+00,
          0.0000e+00,  7.9400e-01, -7.5178e-05,  6.5358e-02, -1.0106e-01,
          4.1289e-02,  1.0055e-01, -4.3378e-01, -1.4139e-01,  8.4271e-02,
         -6.7120e-01,  4.4493e-04, -6.3530e-02, -1.0305e-01, -3.6430e-03,
         -1.0630e-01, -4.4030e-01, -2.6111e-01, -8.3377e-02, -5.9259e-01,
         -9.1717e-03,  8.4242e-02,  2.9761e-01, -5.8516e-02,  2.0109e-01,
          1.3509e-01,  9.0008e-02,  2.5178e-01, -2.7218e-02,  1.9084e-02,
         -1.1386e-01,  2.8625e-01,  5.3532e-02, -1.9239e-01,  1.0326e-01,
          2.2181e-01, -1.1609e-01, -2.6495e-02]], dtype=torch.float64)
local_key_body_pos:
tensor([[-1.2421e-01, -5.7753e-02,  3.0790e-02,  7.8289e-01, -1.7813e+00,
          3.4531e-01,  1.3527e-02,  1.7131e-02, -7.3377e-02,  1.0201e+00,
          1.4384e-01, -2.0579e-01,  1.4005e-01,  5.6211e-02,  1.2398e-02,
          2.3460e-01,  3.9280e-01, -2.3083e-01,  4.9800e-01, -5.4543e-02,
         -3.0245e-01,  4.6494e-01,  5.1768e-01,  0.0000e+00,  0.0000e+00,
          0.0000e+00,  0.0000e+00,  0.0000e+00,  0.0000e+00,  0.0000e+00,
          0.0000e+00,  7.9400e-01, -7.5178e-05,  6.5358e-02, -1.0106e-01,
          4.1289e-02,  1.0055e-01, -4.3378e-01, -1.4139e-01,  8.4271e-02,
         -6.7120e-01,  4.4493e-04, -6.3530e-02, -1.0305e-01, -3.6430e-03,
         -1.0630e-01, -4.4030e-01, -2.6111e-01, -8.3377e-02, -5.9259e-01,
         -9.1717e-03,  8.4242e-02,  2.9761e-01, -5.8516e-02,  2.0109e-01,
          1.3509e-01,  9.0008e-02,  2.5178e-01, -2.7218e-02,  1.9084e-02,
         -1.1386e-01,  2.8625e-01,  5.3532e-02, -1.9239e-01,  1.0326e-01,
          2.2181e-01, -1.1609e-01, -2.6495e-02]], dtype=torch.float64)
----------------------------------------
dof_pos:
tensor([[-1.2421e-01, -5.7753e-02,  3.0790e-02,  7.8289e-01, -1.7813e+00,
          3.4531e-01,  1.3527e-02,  1.7131e-02, -7.3377e-02,  1.0201e+00,
          1.4384e-01, -2.0579e-01,  1.4005e-01,  5.6211e-02,  1.2398e-02,
          2.3460e-01,  3.9280e-01, -2.3083e-01,  4.9800e-01, -5.4543e-02,
         -3.0245e-01,  4.6494e-01,  5.1768e-01,  0.0000e+00,  0.0000e+00,
          0.0000e+00,  0.0000e+00,  0.0000e+00,  0.0000e+00,  0.0000e+00,
          0.0000e+00,  7.9400e-01, -2.0831e-04,  6.5675e-02, -1.0089e-01,
          4.1145e-02,  1.0066e-01, -4.3345e-01, -1.4157e-01,  8.5421e-02,
         -6.7091e-01,  6.3132e-04, -6.3206e-02, -1.0320e-01, -3.5038e-03,
         -1.0579e-01, -4.4058e-01, -2.6114e-01, -8.3108e-02, -5.9262e-01,
         -9.2249e-03,  8.4073e-02,  2.9765e-01, -5.8697e-02,  2.0104e-01,
          1.3523e-01,  8.9818e-02,  2.5197e-01, -2.7016e-02,  1.9188e-02,
         -1.1400e-01,  2.8620e-01,  5.3703e-02, -1.9234e-01,  1.0315e-01,
          2.2190e-01, -1.1581e-01, -2.6569e-02]], dtype=torch.float64)
local_key_body_pos:
tensor([[-1.2421e-01, -5.7753e-02,  3.0790e-02,  7.8289e-01, -1.7813e+00,
          3.4531e-01,  1.3527e-02,  1.7131e-02, -7.3377e-02,  1.0201e+00,
          1.4384e-01, -2.0579e-01,  1.4005e-01,  5.6211e-02,  1.2398e-02,
          2.3460e-01,  3.9280e-01, -2.3083e-01,  4.9800e-01, -5.4543e-02,
         -3.0245e-01,  4.6494e-01,  5.1768e-01,  0.0000e+00,  0.0000e+00,
          0.0000e+00,  0.0000e+00,  0.0000e+00,  0.0000e+00,  0.0000e+00,
          0.0000e+00,  7.9400e-01, -2.0831e-04,  6.5675e-02, -1.0089e-01,
          4.1145e-02,  1.0066e-01, -4.3345e-01, -1.4157e-01,  8.5421e-02,
         -6.7091e-01,  6.3132e-04, -6.3206e-02, -1.0320e-01, -3.5038e-03,
         -1.0579e-01, -4.4058e-01, -2.6114e-01, -8.3108e-02, -5.9262e-01,
         -9.2249e-03,  8.4073e-02,  2.9765e-01, -5.8697e-02,  2.0104e-01,
          1.3523e-01,  8.9818e-02,  2.5197e-01, -2.7016e-02,  1.9188e-02,
         -1.1400e-01,  2.8620e-01,  5.3703e-02, -1.9234e-01,  1.0315e-01,
          2.2190e-01, -1.1581e-01, -2.6569e-02]], dtype=torch.float64)
----------------------------------------
dof_pos:
tensor([[-1.2421e-01, -5.7753e-02,  3.0790e-02,  7.8289e-01, -1.7813e+00,
          3.4531e-01,  1.3527e-02,  1.7131e-02, -7.3377e-02,  1.0201e+00,
          1.4384e-01, -2.0579e-01,  1.4005e-01,  5.6211e-02,  1.2398e-02,
          2.3460e-01,  3.9280e-01, -2.3083e-01,  4.9800e-01, -5.4543e-02,
         -3.0245e-01,  4.6494e-01,  5.1768e-01,  0.0000e+00,  0.0000e+00,
          0.0000e+00,  0.0000e+00,  0.0000e+00,  0.0000e+00,  0.0000e+00,
          0.0000e+00,  7.9400e-01, -2.0831e-04,  6.5675e-02, -1.0089e-01,
          4.1145e-02,  1.0066e-01, -4.3345e-01, -1.4157e-01,  8.5421e-02,
         -6.7091e-01,  6.3132e-04, -6.3206e-02, -1.0320e-01, -3.5038e-03,
         -1.0579e-01, -4.4058e-01, -2.6114e-01, -8.3108e-02, -5.9262e-01,
         -9.2249e-03,  8.4073e-02,  2.9765e-01, -5.8697e-02,  2.0104e-01,
          1.3523e-01,  8.9818e-02,  2.5197e-01, -2.7016e-02,  1.9188e-02,
         -1.1400e-01,  2.8620e-01,  5.3703e-02, -1.9234e-01,  1.0315e-01,
          2.2190e-01, -1.1581e-01, -2.6569e-02]], dtype=torch.float64)
local_key_body_pos:
tensor([[-1.2421e-01, -5.7753e-02,  3.0790e-02,  7.8289e-01, -1.7813e+00,
          3.4531e-01,  1.3527e-02,  1.7131e-02, -7.3377e-02,  1.0201e+00,
          1.4384e-01, -2.0579e-01,  1.4005e-01,  5.6211e-02,  1.2398e-02,
          2.3460e-01,  3.9280e-01, -2.3083e-01,  4.9800e-01, -5.4543e-02,
         -3.0245e-01,  4.6494e-01,  5.1768e-01,  0.0000e+00,  0.0000e+00,
          0.0000e+00,  0.0000e+00,  0.0000e+00,  0.0000e+00,  0.0000e+00,
          0.0000e+00,  7.9400e-01, -2.0831e-04,  6.5675e-02, -1.0089e-01,
          4.1145e-02,  1.0066e-01, -4.3345e-01, -1.4157e-01,  8.5421e-02,
         -6.7091e-01,  6.3132e-04, -6.3206e-02, -1.0320e-01, -3.5038e-03,
         -1.0579e-01, -4.4058e-01, -2.6114e-01, -8.3108e-02, -5.9262e-01,
         -9.2249e-03,  8.4073e-02,  2.9765e-01, -5.8697e-02,  2.0104e-01,
          1.3523e-01,  8.9818e-02,  2.5197e-01, -2.7016e-02,  1.9188e-02,
         -1.1400e-01,  2.8620e-01,  5.3703e-02, -1.9234e-01,  1.0315e-01,
          2.2190e-01, -1.1581e-01, -2.6569e-02]], dtype=torch.float64)
----------------------------------------
dof_pos:
tensor([[-1.2421e-01, -5.7753e-02,  3.0790e-02,  7.8289e-01, -1.7813e+00,
          3.4531e-01,  1.3527e-02,  1.7131e-02, -7.3377e-02,  1.0201e+00,
          1.4384e-01, -2.0579e-01,  1.4005e-01,  5.6211e-02,  1.2398e-02,
          2.3460e-01,  3.9280e-01, -2.3083e-01,  4.9800e-01, -5.4543e-02,
         -3.0245e-01,  4.6494e-01,  5.1768e-01,  0.0000e+00,  0.0000e+00,
          0.0000e+00,  0.0000e+00,  0.0000e+00,  0.0000e+00,  0.0000e+00,
          0.0000e+00,  7.9400e-01, -2.0831e-04,  6.5675e-02, -1.0089e-01,
          4.1145e-02,  1.0066e-01, -4.3345e-01, -1.4157e-01,  8.5421e-02,
         -6.7091e-01,  6.3132e-04, -6.3206e-02, -1.0320e-01, -3.5038e-03,
         -1.0579e-01, -4.4058e-01, -2.6114e-01, -8.3108e-02, -5.9262e-01,
         -9.2249e-03,  8.4073e-02,  2.9765e-01, -5.8697e-02,  2.0104e-01,
          1.3523e-01,  8.9818e-02,  2.5197e-01, -2.7016e-02,  1.9188e-02,
         -1.1400e-01,  2.8620e-01,  5.3703e-02, -1.9234e-01,  1.0315e-01,
          2.2190e-01, -1.1581e-01, -2.6569e-02]], dtype=torch.float64)
local_key_body_pos:
tensor([[-1.2421e-01, -5.7753e-02,  3.0790e-02,  7.8289e-01, -1.7813e+00,
          3.4531e-01,  1.3527e-02,  1.7131e-02, -7.3377e-02,  1.0201e+00,
          1.4384e-01, -2.0579e-01,  1.4005e-01,  5.6211e-02,  1.2398e-02,
          2.3460e-01,  3.9280e-01, -2.3083e-01,  4.9800e-01, -5.4543e-02,
         -3.0245e-01,  4.6494e-01,  5.1768e-01,  0.0000e+00,  0.0000e+00,
          0.0000e+00,  0.0000e+00,  0.0000e+00,  0.0000e+00,  0.0000e+00,
          0.0000e+00,  7.9400e-01, -2.0831e-04,  6.5675e-02, -1.0089e-01,
          4.1145e-02,  1.0066e-01, -4.3345e-01, -1.4157e-01,  8.5421e-02,
         -6.7091e-01,  6.3132e-04, -6.3206e-02, -1.0320e-01, -3.5038e-03,
         -1.0579e-01, -4.4058e-01, -2.6114e-01, -8.3108e-02, -5.9262e-01,
         -9.2249e-03,  8.4073e-02,  2.9765e-01, -5.8697e-02,  2.0104e-01,
          1.3523e-01,  8.9818e-02,  2.5197e-01, -2.7016e-02,  1.9188e-02,
         -1.1400e-01,  2.8620e-01,  5.3703e-02, -1.9234e-01,  1.0315e-01,
          2.2190e-01, -1.1581e-01, -2.6569e-02]], dtype=torch.float64)
----------------------------------------
dof_pos:
tensor([[-1.2421e-01, -5.7753e-02,  3.0790e-02,  7.8289e-01, -1.7813e+00,
          3.4531e-01,  1.3527e-02,  1.7131e-02, -7.3377e-02,  1.0201e+00,
          1.4384e-01, -2.0579e-01,  1.4005e-01,  5.6211e-02,  1.2398e-02,
          2.3460e-01,  3.9280e-01, -2.3083e-01,  4.9800e-01, -5.4543e-02,
         -3.0245e-01,  4.6494e-01,  5.1768e-01,  0.0000e+00,  0.0000e+00,
          0.0000e+00,  0.0000e+00,  0.0000e+00,  0.0000e+00,  0.0000e+00,
          0.0000e+00,  7.9400e-01, -2.0831e-04,  6.5675e-02, -1.0089e-01,
          4.1145e-02,  1.0066e-01, -4.3345e-01, -1.4157e-01,  8.5421e-02,
         -6.7091e-01,  6.3132e-04, -6.3206e-02, -1.0320e-01, -3.5038e-03,
         -1.0579e-01, -4.4058e-01, -2.6114e-01, -8.3108e-02, -5.9262e-01,
         -9.2249e-03,  8.4073e-02,  2.9765e-01, -5.8697e-02,  2.0104e-01,
          1.3523e-01,  8.9818e-02,  2.5197e-01, -2.7016e-02,  1.9188e-02,
         -1.1400e-01,  2.8620e-01,  5.3703e-02, -1.9234e-01,  1.0315e-01,
          2.2190e-01, -1.1581e-01, -2.6569e-02]], dtype=torch.float64)
local_key_body_pos:
tensor([[-1.2421e-01, -5.7753e-02,  3.0790e-02,  7.8289e-01, -1.7813e+00,
          3.4531e-01,  1.3527e-02,  1.7131e-02, -7.3377e-02,  1.0201e+00,
          1.4384e-01, -2.0579e-01,  1.4005e-01,  5.6211e-02,  1.2398e-02,
          2.3460e-01,  3.9280e-01, -2.3083e-01,  4.9800e-01, -5.4543e-02,
         -3.0245e-01,  4.6494e-01,  5.1768e-01,  0.0000e+00,  0.0000e+00,
          0.0000e+00,  0.0000e+00,  0.0000e+00,  0.0000e+00,  0.0000e+00,
          0.0000e+00,  7.9400e-01, -2.0831e-04,  6.5675e-02, -1.0089e-01,
          4.1145e-02,  1.0066e-01, -4.3345e-01, -1.4157e-01,  8.5421e-02,
         -6.7091e-01,  6.3132e-04, -6.3206e-02, -1.0320e-01, -3.5038e-03,
         -1.0579e-01, -4.4058e-01, -2.6114e-01, -8.3108e-02, -5.9262e-01,
         -9.2249e-03,  8.4073e-02,  2.9765e-01, -5.8697e-02,  2.0104e-01,
          1.3523e-01,  8.9818e-02,  2.5197e-01, -2.7016e-02,  1.9188e-02,
         -1.1400e-01,  2.8620e-01,  5.3703e-02, -1.9234e-01,  1.0315e-01,
          2.2190e-01, -1.1581e-01, -2.6569e-02]], dtype=torch.float64)
----------------------------------------
dof_pos:
tensor([[-1.2421e-01, -5.7753e-02,  3.0790e-02,  7.8289e-01, -1.7813e+00,
          3.4531e-01,  1.3527e-02,  1.7131e-02, -7.3377e-02,  1.0201e+00,
          1.4384e-01, -2.0579e-01,  1.4005e-01,  5.6211e-02,  1.2398e-02,
          2.3460e-01,  3.9280e-01, -2.3083e-01,  4.9800e-01, -5.4543e-02,
         -3.0245e-01,  4.6494e-01,  5.1768e-01,  0.0000e+00,  0.0000e+00,
          0.0000e+00,  0.0000e+00,  0.0000e+00,  0.0000e+00,  0.0000e+00,
          0.0000e+00,  7.9400e-01, -2.0831e-04,  6.5675e-02, -1.0089e-01,
          4.1145e-02,  1.0066e-01, -4.3345e-01, -1.4157e-01,  8.5421e-02,
         -6.7091e-01,  6.3132e-04, -6.3206e-02, -1.0320e-01, -3.5038e-03,
         -1.0579e-01, -4.4058e-01, -2.6114e-01, -8.3108e-02, -5.9262e-01,
         -9.2249e-03,  8.4073e-02,  2.9765e-01, -5.8697e-02,  2.0104e-01,
          1.3523e-01,  8.9818e-02,  2.5197e-01, -2.7016e-02,  1.9188e-02,
         -1.1400e-01,  2.8620e-01,  5.3703e-02, -1.9234e-01,  1.0315e-01,
          2.2190e-01, -1.1581e-01, -2.6569e-02]], dtype=torch.float64)
local_key_body_pos:
tensor([[-1.2421e-01, -5.7753e-02,  3.0790e-02,  7.8289e-01, -1.7813e+00,
          3.4531e-01,  1.3527e-02,  1.7131e-02, -7.3377e-02,  1.0201e+00,
          1.4384e-01, -2.0579e-01,  1.4005e-01,  5.6211e-02,  1.2398e-02,
          2.3460e-01,  3.9280e-01, -2.3083e-01,  4.9800e-01, -5.4543e-02,
         -3.0245e-01,  4.6494e-01,  5.1768e-01,  0.0000e+00,  0.0000e+00,
          0.0000e+00,  0.0000e+00,  0.0000e+00,  0.0000e+00,  0.0000e+00,
          0.0000e+00,  7.9400e-01, -2.0831e-04,  6.5675e-02, -1.0089e-01,
          4.1145e-02,  1.0066e-01, -4.3345e-01, -1.4157e-01,  8.5421e-02,
         -6.7091e-01,  6.3132e-04, -6.3206e-02, -1.0320e-01, -3.5038e-03,
         -1.0579e-01, -4.4058e-01, -2.6114e-01, -8.3108e-02, -5.9262e-01,
         -9.2249e-03,  8.4073e-02,  2.9765e-01, -5.8697e-02,  2.0104e-01,
          1.3523e-01,  8.9818e-02,  2.5197e-01, -2.7016e-02,  1.9188e-02,
         -1.1400e-01,  2.8620e-01,  5.3703e-02, -1.9234e-01,  1.0315e-01,
          2.2190e-01, -1.1581e-01, -2.6569e-02]], dtype=torch.float64)
----------------------------------------
dof_pos:
tensor([[-1.2421e-01, -5.7753e-02,  3.0790e-02,  7.8289e-01, -1.7813e+00,
          3.4531e-01,  1.3527e-02,  1.7131e-02, -7.3377e-02,  1.0201e+00,
          1.4384e-01, -2.0579e-01,  1.4005e-01,  5.6211e-02,  1.2398e-02,
          2.3460e-01,  3.9280e-01, -2.3083e-01,  4.9800e-01, -5.4543e-02,
         -3.0245e-01,  4.6494e-01,  5.1768e-01,  0.0000e+00,  0.0000e+00,
          0.0000e+00,  0.0000e+00,  0.0000e+00,  0.0000e+00,  0.0000e+00,
          0.0000e+00,  7.9400e-01, -2.0831e-04,  6.5675e-02, -1.0089e-01,
          4.1145e-02,  1.0066e-01, -4.3345e-01, -1.4157e-01,  8.5421e-02,
         -6.7091e-01,  6.3132e-04, -6.3206e-02, -1.0320e-01, -3.5038e-03,
         -1.0579e-01, -4.4058e-01, -2.6114e-01, -8.3108e-02, -5.9262e-01,
         -9.2249e-03,  8.4073e-02,  2.9765e-01, -5.8697e-02,  2.0104e-01,
          1.3523e-01,  8.9818e-02,  2.5197e-01, -2.7016e-02,  1.9188e-02,
         -1.1400e-01,  2.8620e-01,  5.3703e-02, -1.9234e-01,  1.0315e-01,
          2.2190e-01, -1.1581e-01, -2.6569e-02]], dtype=torch.float64)
local_key_body_pos:
tensor([[-1.2421e-01, -5.7753e-02,  3.0790e-02,  7.8289e-01, -1.7813e+00,
          3.4531e-01,  1.3527e-02,  1.7131e-02, -7.3377e-02,  1.0201e+00,
          1.4384e-01, -2.0579e-01,  1.4005e-01,  5.6211e-02,  1.2398e-02,
          2.3460e-01,  3.9280e-01, -2.3083e-01,  4.9800e-01, -5.4543e-02,
         -3.0245e-01,  4.6494e-01,  5.1768e-01,  0.0000e+00,  0.0000e+00,
          0.0000e+00,  0.0000e+00,  0.0000e+00,  0.0000e+00,  0.0000e+00,
          0.0000e+00,  7.9400e-01, -2.0831e-04,  6.5675e-02, -1.0089e-01,
          4.1145e-02,  1.0066e-01, -4.3345e-01, -1.4157e-01,  8.5421e-02,
         -6.7091e-01,  6.3132e-04, -6.3206e-02, -1.0320e-01, -3.5038e-03,
         -1.0579e-01, -4.4058e-01, -2.6114e-01, -8.3108e-02, -5.9262e-01,
         -9.2249e-03,  8.4073e-02,  2.9765e-01, -5.8697e-02,  2.0104e-01,
          1.3523e-01,  8.9818e-02,  2.5197e-01, -2.7016e-02,  1.9188e-02,
         -1.1400e-01,  2.8620e-01,  5.3703e-02, -1.9234e-01,  1.0315e-01,
          2.2190e-01, -1.1581e-01, -2.6569e-02]], dtype=torch.float64)
----------------------------------------
dof_pos:
tensor([[-7.2513e-02,  1.3063e-01,  7.3279e-02,  1.7512e+00, -2.1004e-01,
          6.1439e-02, -3.4719e-01, -3.9874e-02, -5.5037e-02,  1.8293e+00,
          1.6656e-01,  3.0369e-01,  1.5650e-01,  1.5300e-02, -8.8562e-03,
         -9.3037e-02,  5.3045e-01, -6.4072e-01,  3.2813e-01,  4.9246e-02,
         -3.6925e-01,  3.7097e-01,  1.2804e-01,  0.0000e+00,  0.0000e+00,
          0.0000e+00,  0.0000e+00,  0.0000e+00,  0.0000e+00,  0.0000e+00,
          0.0000e+00,  7.9400e-01, -3.0803e-06,  6.4466e-02, -1.0273e-01,
          2.3920e-02,  1.5216e-01, -4.3639e-01, -2.7273e-01,  1.1806e-01,
         -4.0739e-01,  2.0452e-06, -6.4438e-02, -1.0273e-01,  1.1447e-01,
         -1.2645e-01, -4.1911e-01, -1.8360e-01, -1.0563e-01, -4.4608e-01,
         -1.7202e-02,  9.4898e-02,  2.9328e-01, -6.3022e-03,  2.3068e-01,
          1.3459e-01,  1.8374e-01,  1.9359e-01,  1.8474e-02,  1.4033e-02,
         -1.0306e-01,  2.9021e-01,  3.6815e-02, -2.0535e-01,  1.1421e-01,
          2.3283e-01, -1.1848e-01,  4.3478e-02]], dtype=torch.float64)
local_key_body_pos:
tensor([[-7.2513e-02,  1.3063e-01,  7.3279e-02,  1.7512e+00, -2.1004e-01,
          6.1439e-02, -3.4719e-01, -3.9874e-02, -5.5037e-02,  1.8293e+00,
          1.6656e-01,  3.0369e-01,  1.5650e-01,  1.5300e-02, -8.8562e-03,
         -9.3037e-02,  5.3045e-01, -6.4072e-01,  3.2813e-01,  4.9246e-02,
         -3.6925e-01,  3.7097e-01,  1.2804e-01,  0.0000e+00,  0.0000e+00,
          0.0000e+00,  0.0000e+00,  0.0000e+00,  0.0000e+00,  0.0000e+00,
          0.0000e+00,  7.9400e-01, -3.0803e-06,  6.4466e-02, -1.0273e-01,
          2.3920e-02,  1.5216e-01, -4.3639e-01, -2.7273e-01,  1.1806e-01,
         -4.0739e-01,  2.0452e-06, -6.4438e-02, -1.0273e-01,  1.1447e-01,
         -1.2645e-01, -4.1911e-01, -1.8360e-01, -1.0563e-01, -4.4608e-01,
         -1.7202e-02,  9.4898e-02,  2.9328e-01, -6.3022e-03,  2.3068e-01,
          1.3459e-01,  1.8374e-01,  1.9359e-01,  1.8474e-02,  1.4033e-02,
         -1.0306e-01,  2.9021e-01,  3.6815e-02, -2.0535e-01,  1.1421e-01,
          2.3283e-01, -1.1848e-01,  4.3478e-02]], dtype=torch.float64)
----------------------------------------
dof_pos:
tensor([[-7.2513e-02,  1.3063e-01,  7.3279e-02,  1.7512e+00, -2.1004e-01,
          6.1439e-02, -3.4719e-01, -3.9874e-02, -5.5037e-02,  1.8293e+00,
          1.6656e-01,  3.0369e-01,  1.5650e-01,  1.5300e-02, -8.8562e-03,
         -9.3037e-02,  5.3045e-01, -6.4072e-01,  3.2813e-01,  4.9246e-02,
         -3.6925e-01,  3.7097e-01,  1.2804e-01,  0.0000e+00,  0.0000e+00,
          0.0000e+00,  0.0000e+00,  0.0000e+00,  0.0000e+00,  0.0000e+00,
          0.0000e+00,  7.9400e-01, -3.0803e-06,  6.4466e-02, -1.0273e-01,
          2.3920e-02,  1.5216e-01, -4.3639e-01, -2.7273e-01,  1.1806e-01,
         -4.0739e-01,  2.0452e-06, -6.4438e-02, -1.0273e-01,  1.1447e-01,
         -1.2645e-01, -4.1911e-01, -1.8360e-01, -1.0563e-01, -4.4608e-01,
         -1.7202e-02,  9.4898e-02,  2.9328e-01, -6.3022e-03,  2.3068e-01,
          1.3459e-01,  1.8374e-01,  1.9359e-01,  1.8474e-02,  1.4033e-02,
         -1.0306e-01,  2.9021e-01,  3.6815e-02, -2.0535e-01,  1.1421e-01,
          2.3283e-01, -1.1848e-01,  4.3478e-02]], dtype=torch.float64)
local_key_body_pos:
tensor([[-7.2513e-02,  1.3063e-01,  7.3279e-02,  1.7512e+00, -2.1004e-01,
          6.1439e-02, -3.4719e-01, -3.9874e-02, -5.5037e-02,  1.8293e+00,
          1.6656e-01,  3.0369e-01,  1.5650e-01,  1.5300e-02, -8.8562e-03,
         -9.3037e-02,  5.3045e-01, -6.4072e-01,  3.2813e-01,  4.9246e-02,
         -3.6925e-01,  3.7097e-01,  1.2804e-01,  0.0000e+00,  0.0000e+00,
          0.0000e+00,  0.0000e+00,  0.0000e+00,  0.0000e+00,  0.0000e+00,
          0.0000e+00,  7.9400e-01, -3.0803e-06,  6.4466e-02, -1.0273e-01,
          2.3920e-02,  1.5216e-01, -4.3639e-01, -2.7273e-01,  1.1806e-01,
         -4.0739e-01,  2.0452e-06, -6.4438e-02, -1.0273e-01,  1.1447e-01,
         -1.2645e-01, -4.1911e-01, -1.8360e-01, -1.0563e-01, -4.4608e-01,
         -1.7202e-02,  9.4898e-02,  2.9328e-01, -6.3022e-03,  2.3068e-01,
          1.3459e-01,  1.8374e-01,  1.9359e-01,  1.8474e-02,  1.4033e-02,
         -1.0306e-01,  2.9021e-01,  3.6815e-02, -2.0535e-01,  1.1421e-01,
          2.3283e-01, -1.1848e-01,  4.3478e-02]], dtype=torch.float64)
----------------------------------------
dof_pos:
tensor([[-7.2513e-02,  1.3063e-01,  7.3279e-02,  1.7512e+00, -2.1004e-01,
          6.1439e-02, -3.4719e-01, -3.9874e-02, -5.5037e-02,  1.8293e+00,
          1.6656e-01,  3.0369e-01,  1.5650e-01,  1.5300e-02, -8.8562e-03,
         -9.3037e-02,  5.3045e-01, -6.4072e-01,  3.2813e-01,  4.9246e-02,
         -3.6925e-01,  3.7097e-01,  1.2804e-01,  0.0000e+00,  0.0000e+00,
          0.0000e+00,  0.0000e+00,  0.0000e+00,  0.0000e+00,  0.0000e+00,
          0.0000e+00,  7.9400e-01, -3.0803e-06,  6.4466e-02, -1.0273e-01,
          2.3920e-02,  1.5216e-01, -4.3639e-01, -2.7273e-01,  1.1806e-01,
         -4.0739e-01,  2.0452e-06, -6.4438e-02, -1.0273e-01,  1.1447e-01,
         -1.2645e-01, -4.1911e-01, -1.8360e-01, -1.0563e-01, -4.4608e-01,
         -1.7202e-02,  9.4898e-02,  2.9328e-01, -6.3022e-03,  2.3068e-01,
          1.3459e-01,  1.8374e-01,  1.9359e-01,  1.8474e-02,  1.4033e-02,
         -1.0306e-01,  2.9021e-01,  3.6815e-02, -2.0535e-01,  1.1421e-01,
          2.3283e-01, -1.1848e-01,  4.3478e-02]], dtype=torch.float64)
local_key_body_pos:
tensor([[-7.2513e-02,  1.3063e-01,  7.3279e-02,  1.7512e+00, -2.1004e-01,
          6.1439e-02, -3.4719e-01, -3.9874e-02, -5.5037e-02,  1.8293e+00,
          1.6656e-01,  3.0369e-01,  1.5650e-01,  1.5300e-02, -8.8562e-03,
         -9.3037e-02,  5.3045e-01, -6.4072e-01,  3.2813e-01,  4.9246e-02,
         -3.6925e-01,  3.7097e-01,  1.2804e-01,  0.0000e+00,  0.0000e+00,
          0.0000e+00,  0.0000e+00,  0.0000e+00,  0.0000e+00,  0.0000e+00,
          0.0000e+00,  7.9400e-01, -3.0803e-06,  6.4466e-02, -1.0273e-01,
          2.3920e-02,  1.5216e-01, -4.3639e-01, -2.7273e-01,  1.1806e-01,
         -4.0739e-01,  2.0452e-06, -6.4438e-02, -1.0273e-01,  1.1447e-01,
         -1.2645e-01, -4.1911e-01, -1.8360e-01, -1.0563e-01, -4.4608e-01,
         -1.7202e-02,  9.4898e-02,  2.9328e-01, -6.3022e-03,  2.3068e-01,
          1.3459e-01,  1.8374e-01,  1.9359e-01,  1.8474e-02,  1.4033e-02,
         -1.0306e-01,  2.9021e-01,  3.6815e-02, -2.0535e-01,  1.1421e-01,
          2.3283e-01, -1.1848e-01,  4.3478e-02]], dtype=torch.float64)
----------------------------------------
dof_pos:
tensor([[-7.2513e-02,  1.3063e-01,  7.3279e-02,  1.7512e+00, -2.1004e-01,
          6.1439e-02, -3.4719e-01, -3.9874e-02, -5.5037e-02,  1.8293e+00,
          1.6656e-01,  3.0369e-01,  1.5650e-01,  1.5300e-02, -8.8562e-03,
         -9.3037e-02,  5.3045e-01, -6.4072e-01,  3.2813e-01,  4.9246e-02,
         -3.6925e-01,  3.7097e-01,  1.2804e-01,  0.0000e+00,  0.0000e+00,
          0.0000e+00,  0.0000e+00,  0.0000e+00,  0.0000e+00,  0.0000e+00,
          0.0000e+00,  7.9400e-01, -3.0803e-06,  6.4466e-02, -1.0273e-01,
          2.3920e-02,  1.5216e-01, -4.3639e-01, -2.7273e-01,  1.1806e-01,
         -4.0739e-01,  2.0452e-06, -6.4438e-02, -1.0273e-01,  1.1447e-01,
         -1.2645e-01, -4.1911e-01, -1.8360e-01, -1.0563e-01, -4.4608e-01,
         -1.7202e-02,  9.4898e-02,  2.9328e-01, -6.3022e-03,  2.3068e-01,
          1.3459e-01,  1.8374e-01,  1.9359e-01,  1.8474e-02,  1.4033e-02,
         -1.0306e-01,  2.9021e-01,  3.6815e-02, -2.0535e-01,  1.1421e-01,
          2.3283e-01, -1.1848e-01,  4.3478e-02]], dtype=torch.float64)
local_key_body_pos:
tensor([[-7.2513e-02,  1.3063e-01,  7.3279e-02,  1.7512e+00, -2.1004e-01,
          6.1439e-02, -3.4719e-01, -3.9874e-02, -5.5037e-02,  1.8293e+00,
          1.6656e-01,  3.0369e-01,  1.5650e-01,  1.5300e-02, -8.8562e-03,
         -9.3037e-02,  5.3045e-01, -6.4072e-01,  3.2813e-01,  4.9246e-02,
         -3.6925e-01,  3.7097e-01,  1.2804e-01,  0.0000e+00,  0.0000e+00,
          0.0000e+00,  0.0000e+00,  0.0000e+00,  0.0000e+00,  0.0000e+00,
          0.0000e+00,  7.9400e-01, -3.0803e-06,  6.4466e-02, -1.0273e-01,
          2.3920e-02,  1.5216e-01, -4.3639e-01, -2.7273e-01,  1.1806e-01,
         -4.0739e-01,  2.0452e-06, -6.4438e-02, -1.0273e-01,  1.1447e-01,
         -1.2645e-01, -4.1911e-01, -1.8360e-01, -1.0563e-01, -4.4608e-01,
         -1.7202e-02,  9.4898e-02,  2.9328e-01, -6.3022e-03,  2.3068e-01,
          1.3459e-01,  1.8374e-01,  1.9359e-01,  1.8474e-02,  1.4033e-02,
         -1.0306e-01,  2.9021e-01,  3.6815e-02, -2.0535e-01,  1.1421e-01,
          2.3283e-01, -1.1848e-01,  4.3478e-02]], dtype=torch.float64)
----------------------------------------
dof_pos:
tensor([[-7.2513e-02,  1.3063e-01,  7.3279e-02,  1.7512e+00, -2.1004e-01,
          6.1439e-02, -3.4719e-01, -3.9874e-02, -5.5037e-02,  1.8293e+00,
          1.6656e-01,  3.0369e-01,  1.5650e-01,  1.5300e-02, -8.8562e-03,
         -9.3037e-02,  5.3045e-01, -6.4072e-01,  3.2813e-01,  4.9246e-02,
         -3.6925e-01,  3.7097e-01,  1.2804e-01,  0.0000e+00,  0.0000e+00,
          0.0000e+00,  0.0000e+00,  0.0000e+00,  0.0000e+00,  0.0000e+00,
          0.0000e+00,  7.9400e-01, -3.0803e-06,  6.4466e-02, -1.0273e-01,
          2.3920e-02,  1.5216e-01, -4.3639e-01, -2.7273e-01,  1.1806e-01,
         -4.0739e-01,  2.0452e-06, -6.4438e-02, -1.0273e-01,  1.1447e-01,
         -1.2645e-01, -4.1911e-01, -1.8360e-01, -1.0563e-01, -4.4608e-01,
         -1.7202e-02,  9.4898e-02,  2.9328e-01, -6.3022e-03,  2.3068e-01,
          1.3459e-01,  1.8374e-01,  1.9359e-01,  1.8474e-02,  1.4033e-02,
         -1.0306e-01,  2.9021e-01,  3.6815e-02, -2.0535e-01,  1.1421e-01,
          2.3283e-01, -1.1848e-01,  4.3478e-02]], dtype=torch.float64)
local_key_body_pos:
tensor([[-7.2513e-02,  1.3063e-01,  7.3279e-02,  1.7512e+00, -2.1004e-01,
          6.1439e-02, -3.4719e-01, -3.9874e-02, -5.5037e-02,  1.8293e+00,
          1.6656e-01,  3.0369e-01,  1.5650e-01,  1.5300e-02, -8.8562e-03,
         -9.3037e-02,  5.3045e-01, -6.4072e-01,  3.2813e-01,  4.9246e-02,
         -3.6925e-01,  3.7097e-01,  1.2804e-01,  0.0000e+00,  0.0000e+00,
          0.0000e+00,  0.0000e+00,  0.0000e+00,  0.0000e+00,  0.0000e+00,
          0.0000e+00,  7.9400e-01, -3.0803e-06,  6.4466e-02, -1.0273e-01,
          2.3920e-02,  1.5216e-01, -4.3639e-01, -2.7273e-01,  1.1806e-01,
         -4.0739e-01,  2.0452e-06, -6.4438e-02, -1.0273e-01,  1.1447e-01,
         -1.2645e-01, -4.1911e-01, -1.8360e-01, -1.0563e-01, -4.4608e-01,
         -1.7202e-02,  9.4898e-02,  2.9328e-01, -6.3022e-03,  2.3068e-01,
          1.3459e-01,  1.8374e-01,  1.9359e-01,  1.8474e-02,  1.4033e-02,
         -1.0306e-01,  2.9021e-01,  3.6815e-02, -2.0535e-01,  1.1421e-01,
          2.3283e-01, -1.1848e-01,  4.3478e-02]], dtype=torch.float64)
----------------------------------------
dof_pos:
tensor([[-7.2513e-02,  1.3063e-01,  7.3279e-02,  1.7512e+00, -2.1004e-01,
          6.1439e-02, -3.4719e-01, -3.9874e-02, -5.5037e-02,  1.8293e+00,
          1.6656e-01,  3.0369e-01,  1.5650e-01,  1.5300e-02, -8.8562e-03,
         -9.3037e-02,  5.3045e-01, -6.4072e-01,  3.2813e-01,  4.9246e-02,
         -3.6925e-01,  3.7097e-01,  1.2804e-01,  0.0000e+00,  0.0000e+00,
          0.0000e+00,  0.0000e+00,  0.0000e+00,  0.0000e+00,  0.0000e+00,
          0.0000e+00,  7.9400e-01, -3.0803e-06,  6.4466e-02, -1.0273e-01,
          2.3920e-02,  1.5216e-01, -4.3639e-01, -2.7273e-01,  1.1806e-01,
         -4.0739e-01,  2.0452e-06, -6.4438e-02, -1.0273e-01,  1.1447e-01,
         -1.2645e-01, -4.1911e-01, -1.8360e-01, -1.0563e-01, -4.4608e-01,
         -1.7202e-02,  9.4898e-02,  2.9328e-01, -6.3022e-03,  2.3068e-01,
          1.3459e-01,  1.8374e-01,  1.9359e-01,  1.8474e-02,  1.4033e-02,
         -1.0306e-01,  2.9021e-01,  3.6815e-02, -2.0535e-01,  1.1421e-01,
          2.3283e-01, -1.1848e-01,  4.3478e-02]], dtype=torch.float64)
local_key_body_pos:
tensor([[-7.2513e-02,  1.3063e-01,  7.3279e-02,  1.7512e+00, -2.1004e-01,
          6.1439e-02, -3.4719e-01, -3.9874e-02, -5.5037e-02,  1.8293e+00,
          1.6656e-01,  3.0369e-01,  1.5650e-01,  1.5300e-02, -8.8562e-03,
         -9.3037e-02,  5.3045e-01, -6.4072e-01,  3.2813e-01,  4.9246e-02,
         -3.6925e-01,  3.7097e-01,  1.2804e-01,  0.0000e+00,  0.0000e+00,
          0.0000e+00,  0.0000e+00,  0.0000e+00,  0.0000e+00,  0.0000e+00,
          0.0000e+00,  7.9400e-01, -3.0803e-06,  6.4466e-02, -1.0273e-01,
          2.3920e-02,  1.5216e-01, -4.3639e-01, -2.7273e-01,  1.1806e-01,
         -4.0739e-01,  2.0452e-06, -6.4438e-02, -1.0273e-01,  1.1447e-01,
         -1.2645e-01, -4.1911e-01, -1.8360e-01, -1.0563e-01, -4.4608e-01,
         -1.7202e-02,  9.4898e-02,  2.9328e-01, -6.3022e-03,  2.3068e-01,
          1.3459e-01,  1.8374e-01,  1.9359e-01,  1.8474e-02,  1.4033e-02,
         -1.0306e-01,  2.9021e-01,  3.6815e-02, -2.0535e-01,  1.1421e-01,
          2.3283e-01, -1.1848e-01,  4.3478e-02]], dtype=torch.float64)
----------------------------------------
dof_pos:
tensor([[-4.4014e-01,  1.4258e-01,  8.2744e-03,  1.8813e+00, -1.3204e+00,
          5.1717e-01, -8.4005e-01,  1.1470e-01,  1.1320e-01,  2.1007e+00,
         -4.5530e-02,  1.3224e-01, -7.2856e-02,  1.1494e-01, -1.2264e-02,
          4.9301e-02,  9.3885e-01, -6.6515e-01, -8.1702e-02,  7.3043e-01,
          8.0312e-01, -4.9083e-01,  1.7824e-01,  0.0000e+00,  0.0000e+00,
          0.0000e+00,  0.0000e+00,  0.0000e+00,  0.0000e+00,  0.0000e+00,
          0.0000e+00,  7.9400e-01, -3.0803e-06,  6.4466e-02, -1.0273e-01,
          2.3920e-02,  1.5216e-01, -4.3639e-01, -2.7273e-01,  1.1806e-01,
         -4.0739e-01,  2.0452e-06, -6.4438e-02, -1.0273e-01,  1.1447e-01,
         -1.2645e-01, -4.1911e-01, -1.8360e-01, -1.0563e-01, -4.4608e-01,
         -1.7202e-02,  9.4898e-02,  2.9328e-01, -6.3022e-03,  2.3068e-01,
          1.3459e-01,  1.8374e-01,  1.9359e-01,  1.8474e-02,  1.4033e-02,
         -1.0306e-01,  2.9021e-01,  3.6815e-02, -2.0535e-01,  1.1421e-01,
          2.3283e-01, -1.1848e-01,  4.3478e-02]], dtype=torch.float64)
local_key_body_pos:
tensor([[-4.4014e-01,  1.4258e-01,  8.2744e-03,  1.8813e+00, -1.3204e+00,
          5.1717e-01, -8.4005e-01,  1.1470e-01,  1.1320e-01,  2.1007e+00,
         -4.5530e-02,  1.3224e-01, -7.2856e-02,  1.1494e-01, -1.2264e-02,
          4.9301e-02,  9.3885e-01, -6.6515e-01, -8.1702e-02,  7.3043e-01,
          8.0312e-01, -4.9083e-01,  1.7824e-01,  0.0000e+00,  0.0000e+00,
          0.0000e+00,  0.0000e+00,  0.0000e+00,  0.0000e+00,  0.0000e+00,
          0.0000e+00,  7.9400e-01, -3.0803e-06,  6.4466e-02, -1.0273e-01,
          2.3920e-02,  1.5216e-01, -4.3639e-01, -2.7273e-01,  1.1806e-01,
         -4.0739e-01,  2.0452e-06, -6.4438e-02, -1.0273e-01,  1.1447e-01,
         -1.2645e-01, -4.1911e-01, -1.8360e-01, -1.0563e-01, -4.4608e-01,
         -1.7202e-02,  9.4898e-02,  2.9328e-01, -6.3022e-03,  2.3068e-01,
          1.3459e-01,  1.8374e-01,  1.9359e-01,  1.8474e-02,  1.4033e-02,
         -1.0306e-01,  2.9021e-01,  3.6815e-02, -2.0535e-01,  1.1421e-01,
          2.3283e-01, -1.1848e-01,  4.3478e-02]], dtype=torch.float64)
----------------------------------------
dof_pos:
tensor([[-4.4014e-01,  1.4258e-01,  8.2744e-03,  1.8813e+00, -1.3204e+00,
          5.1717e-01, -8.4005e-01,  1.1470e-01,  1.1320e-01,  2.1007e+00,
         -4.5530e-02,  1.3224e-01, -7.2856e-02,  1.1494e-01, -1.2264e-02,
          4.9301e-02,  9.3885e-01, -6.6515e-01, -8.1702e-02,  7.3043e-01,
          8.0312e-01, -4.9083e-01,  1.7824e-01,  0.0000e+00,  0.0000e+00,
          0.0000e+00,  0.0000e+00,  0.0000e+00,  0.0000e+00,  0.0000e+00,
          0.0000e+00,  7.9400e-01,  4.5315e-04,  6.0606e-02, -9.4448e-02,
          1.4997e-01,  1.7408e-01, -3.8274e-01, -1.4348e-01,  1.5719e-01,
         -4.4284e-01, -2.8539e-03, -6.6933e-02, -1.1286e-01,  2.6065e-01,
         -8.6603e-02, -3.2577e-01, -1.8905e-02, -1.1702e-01, -4.3030e-01,
         -3.2629e-03,  5.8668e-02,  2.9467e-01,  1.8440e-02,  2.5945e-01,
          2.0616e-01,  1.9376e-01,  1.6895e-01,  9.6403e-02, -1.9432e-02,
         -1.4063e-01,  2.8091e-01, -9.5986e-02, -4.2289e-02,  1.7303e-01,
         -1.4897e-02, -8.0400e-02, -3.4208e-02]], dtype=torch.float64)
local_key_body_pos:
tensor([[-4.4014e-01,  1.4258e-01,  8.2744e-03,  1.8813e+00, -1.3204e+00,
          5.1717e-01, -8.4005e-01,  1.1470e-01,  1.1320e-01,  2.1007e+00,
         -4.5530e-02,  1.3224e-01, -7.2856e-02,  1.1494e-01, -1.2264e-02,
          4.9301e-02,  9.3885e-01, -6.6515e-01, -8.1702e-02,  7.3043e-01,
          8.0312e-01, -4.9083e-01,  1.7824e-01,  0.0000e+00,  0.0000e+00,
          0.0000e+00,  0.0000e+00,  0.0000e+00,  0.0000e+00,  0.0000e+00,
          0.0000e+00,  7.9400e-01,  4.5315e-04,  6.0606e-02, -9.4448e-02,
          1.4997e-01,  1.7408e-01, -3.8274e-01, -1.4348e-01,  1.5719e-01,
         -4.4284e-01, -2.8539e-03, -6.6933e-02, -1.1286e-01,  2.6065e-01,
         -8.6603e-02, -3.2577e-01, -1.8905e-02, -1.1702e-01, -4.3030e-01,
         -3.2629e-03,  5.8668e-02,  2.9467e-01,  1.8440e-02,  2.5945e-01,
          2.0616e-01,  1.9376e-01,  1.6895e-01,  9.6403e-02, -1.9432e-02,
         -1.4063e-01,  2.8091e-01, -9.5986e-02, -4.2289e-02,  1.7303e-01,
         -1.4897e-02, -8.0400e-02, -3.4208e-02]], dtype=torch.float64)
----------------------------------------
dof_pos:
tensor([[-4.4014e-01,  1.4258e-01,  8.2744e-03,  1.8813e+00, -1.3204e+00,
          5.1717e-01, -8.4005e-01,  1.1470e-01,  1.1320e-01,  2.1007e+00,
         -4.5530e-02,  1.3224e-01, -7.2856e-02,  1.1494e-01, -1.2264e-02,
          4.9301e-02,  9.3885e-01, -6.6515e-01, -8.1702e-02,  7.3043e-01,
          8.0312e-01, -4.9083e-01,  1.7824e-01,  0.0000e+00,  0.0000e+00,
          0.0000e+00,  0.0000e+00,  0.0000e+00,  0.0000e+00,  0.0000e+00,
          0.0000e+00,  7.9400e-01,  4.5315e-04,  6.0606e-02, -9.4448e-02,
          1.4997e-01,  1.7408e-01, -3.8274e-01, -1.4348e-01,  1.5719e-01,
         -4.4284e-01, -2.8539e-03, -6.6933e-02, -1.1286e-01,  2.6065e-01,
         -8.6603e-02, -3.2577e-01, -1.8905e-02, -1.1702e-01, -4.3030e-01,
         -3.2629e-03,  5.8668e-02,  2.9467e-01,  1.8440e-02,  2.5945e-01,
          2.0616e-01,  1.9376e-01,  1.6895e-01,  9.6403e-02, -1.9432e-02,
         -1.4063e-01,  2.8091e-01, -9.5986e-02, -4.2289e-02,  1.7303e-01,
         -1.4897e-02, -8.0400e-02, -3.4208e-02]], dtype=torch.float64)
local_key_body_pos:
tensor([[-4.4014e-01,  1.4258e-01,  8.2744e-03,  1.8813e+00, -1.3204e+00,
          5.1717e-01, -8.4005e-01,  1.1470e-01,  1.1320e-01,  2.1007e+00,
         -4.5530e-02,  1.3224e-01, -7.2856e-02,  1.1494e-01, -1.2264e-02,
          4.9301e-02,  9.3885e-01, -6.6515e-01, -8.1702e-02,  7.3043e-01,
          8.0312e-01, -4.9083e-01,  1.7824e-01,  0.0000e+00,  0.0000e+00,
          0.0000e+00,  0.0000e+00,  0.0000e+00,  0.0000e+00,  0.0000e+00,
          0.0000e+00,  7.9400e-01,  4.5315e-04,  6.0606e-02, -9.4448e-02,
          1.4997e-01,  1.7408e-01, -3.8274e-01, -1.4348e-01,  1.5719e-01,
         -4.4284e-01, -2.8539e-03, -6.6933e-02, -1.1286e-01,  2.6065e-01,
         -8.6603e-02, -3.2577e-01, -1.8905e-02, -1.1702e-01, -4.3030e-01,
         -3.2629e-03,  5.8668e-02,  2.9467e-01,  1.8440e-02,  2.5945e-01,
          2.0616e-01,  1.9376e-01,  1.6895e-01,  9.6403e-02, -1.9432e-02,
         -1.4063e-01,  2.8091e-01, -9.5986e-02, -4.2289e-02,  1.7303e-01,
         -1.4897e-02, -8.0400e-02, -3.4208e-02]], dtype=torch.float64)
----------------------------------------
dof_pos:
tensor([[-4.4014e-01,  1.4258e-01,  8.2744e-03,  1.8813e+00, -1.3204e+00,
          5.1717e-01, -8.4005e-01,  1.1470e-01,  1.1320e-01,  2.1007e+00,
         -4.5530e-02,  1.3224e-01, -7.2856e-02,  1.1494e-01, -1.2264e-02,
          4.9301e-02,  9.3885e-01, -6.6515e-01, -8.1702e-02,  7.3043e-01,
          8.0312e-01, -4.9083e-01,  1.7824e-01,  0.0000e+00,  0.0000e+00,
          0.0000e+00,  0.0000e+00,  0.0000e+00,  0.0000e+00,  0.0000e+00,
          0.0000e+00,  7.9400e-01,  4.5315e-04,  6.0606e-02, -9.4448e-02,
          1.4997e-01,  1.7408e-01, -3.8274e-01, -1.4348e-01,  1.5719e-01,
         -4.4284e-01, -2.8539e-03, -6.6933e-02, -1.1286e-01,  2.6065e-01,
         -8.6603e-02, -3.2577e-01, -1.8905e-02, -1.1702e-01, -4.3030e-01,
         -3.2629e-03,  5.8668e-02,  2.9467e-01,  1.8440e-02,  2.5945e-01,
          2.0616e-01,  1.9376e-01,  1.6895e-01,  9.6403e-02, -1.9432e-02,
         -1.4063e-01,  2.8091e-01, -9.5986e-02, -4.2289e-02,  1.7303e-01,
         -1.4897e-02, -8.0400e-02, -3.4208e-02]], dtype=torch.float64)
local_key_body_pos:
tensor([[-4.4014e-01,  1.4258e-01,  8.2744e-03,  1.8813e+00, -1.3204e+00,
          5.1717e-01, -8.4005e-01,  1.1470e-01,  1.1320e-01,  2.1007e+00,
         -4.5530e-02,  1.3224e-01, -7.2856e-02,  1.1494e-01, -1.2264e-02,
          4.9301e-02,  9.3885e-01, -6.6515e-01, -8.1702e-02,  7.3043e-01,
          8.0312e-01, -4.9083e-01,  1.7824e-01,  0.0000e+00,  0.0000e+00,
          0.0000e+00,  0.0000e+00,  0.0000e+00,  0.0000e+00,  0.0000e+00,
          0.0000e+00,  7.9400e-01,  4.5315e-04,  6.0606e-02, -9.4448e-02,
          1.4997e-01,  1.7408e-01, -3.8274e-01, -1.4348e-01,  1.5719e-01,
         -4.4284e-01, -2.8539e-03, -6.6933e-02, -1.1286e-01,  2.6065e-01,
         -8.6603e-02, -3.2577e-01, -1.8905e-02, -1.1702e-01, -4.3030e-01,
         -3.2629e-03,  5.8668e-02,  2.9467e-01,  1.8440e-02,  2.5945e-01,
          2.0616e-01,  1.9376e-01,  1.6895e-01,  9.6403e-02, -1.9432e-02,
         -1.4063e-01,  2.8091e-01, -9.5986e-02, -4.2289e-02,  1.7303e-01,
         -1.4897e-02, -8.0400e-02, -3.4208e-02]], dtype=torch.float64)
----------------------------------------
dof_pos:
tensor([[-4.4014e-01,  1.4258e-01,  8.2744e-03,  1.8813e+00, -1.3204e+00,
          5.1717e-01, -8.4005e-01,  1.1470e-01,  1.1320e-01,  2.1007e+00,
         -4.5530e-02,  1.3224e-01, -7.2856e-02,  1.1494e-01, -1.2264e-02,
          4.9301e-02,  9.3885e-01, -6.6515e-01, -8.1702e-02,  7.3043e-01,
          8.0312e-01, -4.9083e-01,  1.7824e-01,  0.0000e+00,  0.0000e+00,
          0.0000e+00,  0.0000e+00,  0.0000e+00,  0.0000e+00,  0.0000e+00,
          0.0000e+00,  7.9400e-01,  4.5315e-04,  6.0606e-02, -9.4448e-02,
          1.4997e-01,  1.7408e-01, -3.8274e-01, -1.4348e-01,  1.5719e-01,
         -4.4284e-01, -2.8539e-03, -6.6933e-02, -1.1286e-01,  2.6065e-01,
         -8.6603e-02, -3.2577e-01, -1.8905e-02, -1.1702e-01, -4.3030e-01,
         -3.2629e-03,  5.8668e-02,  2.9467e-01,  1.8440e-02,  2.5945e-01,
          2.0616e-01,  1.9376e-01,  1.6895e-01,  9.6403e-02, -1.9432e-02,
         -1.4063e-01,  2.8091e-01, -9.5986e-02, -4.2289e-02,  1.7303e-01,
         -1.4897e-02, -8.0400e-02, -3.4208e-02]], dtype=torch.float64)
local_key_body_pos:
tensor([[-4.4014e-01,  1.4258e-01,  8.2744e-03,  1.8813e+00, -1.3204e+00,
          5.1717e-01, -8.4005e-01,  1.1470e-01,  1.1320e-01,  2.1007e+00,
         -4.5530e-02,  1.3224e-01, -7.2856e-02,  1.1494e-01, -1.2264e-02,
          4.9301e-02,  9.3885e-01, -6.6515e-01, -8.1702e-02,  7.3043e-01,
          8.0312e-01, -4.9083e-01,  1.7824e-01,  0.0000e+00,  0.0000e+00,
          0.0000e+00,  0.0000e+00,  0.0000e+00,  0.0000e+00,  0.0000e+00,
          0.0000e+00,  7.9400e-01,  4.5315e-04,  6.0606e-02, -9.4448e-02,
          1.4997e-01,  1.7408e-01, -3.8274e-01, -1.4348e-01,  1.5719e-01,
         -4.4284e-01, -2.8539e-03, -6.6933e-02, -1.1286e-01,  2.6065e-01,
         -8.6603e-02, -3.2577e-01, -1.8905e-02, -1.1702e-01, -4.3030e-01,
         -3.2629e-03,  5.8668e-02,  2.9467e-01,  1.8440e-02,  2.5945e-01,
          2.0616e-01,  1.9376e-01,  1.6895e-01,  9.6403e-02, -1.9432e-02,
         -1.4063e-01,  2.8091e-01, -9.5986e-02, -4.2289e-02,  1.7303e-01,
         -1.4897e-02, -8.0400e-02, -3.4208e-02]], dtype=torch.float64)
----------------------------------------
dof_pos:
tensor([[-4.4014e-01,  1.4258e-01,  8.2744e-03,  1.8813e+00, -1.3204e+00,
          5.1717e-01, -8.4005e-01,  1.1470e-01,  1.1320e-01,  2.1007e+00,
         -4.5530e-02,  1.3224e-01, -7.2856e-02,  1.1494e-01, -1.2264e-02,
          4.9301e-02,  9.3885e-01, -6.6515e-01, -8.1702e-02,  7.3043e-01,
          8.0312e-01, -4.9083e-01,  1.7824e-01,  0.0000e+00,  0.0000e+00,
          0.0000e+00,  0.0000e+00,  0.0000e+00,  0.0000e+00,  0.0000e+00,
          0.0000e+00,  7.9400e-01,  4.5315e-04,  6.0606e-02, -9.4448e-02,
          1.4997e-01,  1.7408e-01, -3.8274e-01, -1.4348e-01,  1.5719e-01,
         -4.4284e-01, -2.8539e-03, -6.6933e-02, -1.1286e-01,  2.6065e-01,
         -8.6603e-02, -3.2577e-01, -1.8905e-02, -1.1702e-01, -4.3030e-01,
         -3.2629e-03,  5.8668e-02,  2.9467e-01,  1.8440e-02,  2.5945e-01,
          2.0616e-01,  1.9376e-01,  1.6895e-01,  9.6403e-02, -1.9432e-02,
         -1.4063e-01,  2.8091e-01, -9.5986e-02, -4.2289e-02,  1.7303e-01,
         -1.4897e-02, -8.0400e-02, -3.4208e-02]], dtype=torch.float64)
local_key_body_pos:
tensor([[-4.4014e-01,  1.4258e-01,  8.2744e-03,  1.8813e+00, -1.3204e+00,
          5.1717e-01, -8.4005e-01,  1.1470e-01,  1.1320e-01,  2.1007e+00,
         -4.5530e-02,  1.3224e-01, -7.2856e-02,  1.1494e-01, -1.2264e-02,
          4.9301e-02,  9.3885e-01, -6.6515e-01, -8.1702e-02,  7.3043e-01,
          8.0312e-01, -4.9083e-01,  1.7824e-01,  0.0000e+00,  0.0000e+00,
          0.0000e+00,  0.0000e+00,  0.0000e+00,  0.0000e+00,  0.0000e+00,
          0.0000e+00,  7.9400e-01,  4.5315e-04,  6.0606e-02, -9.4448e-02,
          1.4997e-01,  1.7408e-01, -3.8274e-01, -1.4348e-01,  1.5719e-01,
         -4.4284e-01, -2.8539e-03, -6.6933e-02, -1.1286e-01,  2.6065e-01,
         -8.6603e-02, -3.2577e-01, -1.8905e-02, -1.1702e-01, -4.3030e-01,
         -3.2629e-03,  5.8668e-02,  2.9467e-01,  1.8440e-02,  2.5945e-01,
          2.0616e-01,  1.9376e-01,  1.6895e-01,  9.6403e-02, -1.9432e-02,
         -1.4063e-01,  2.8091e-01, -9.5986e-02, -4.2289e-02,  1.7303e-01,
         -1.4897e-02, -8.0400e-02, -3.4208e-02]], dtype=torch.float64)
----------------------------------------
dof_pos:
tensor([[-4.4014e-01,  1.4258e-01,  8.2744e-03,  1.8813e+00, -1.3204e+00,
          5.1717e-01, -8.4005e-01,  1.1470e-01,  1.1320e-01,  2.1007e+00,
         -4.5530e-02,  1.3224e-01, -7.2856e-02,  1.1494e-01, -1.2264e-02,
          4.9301e-02,  9.3885e-01, -6.6515e-01, -8.1702e-02,  7.3043e-01,
          8.0312e-01, -4.9083e-01,  1.7824e-01,  0.0000e+00,  0.0000e+00,
          0.0000e+00,  0.0000e+00,  0.0000e+00,  0.0000e+00,  0.0000e+00,
          0.0000e+00,  7.9400e-01,  4.5315e-04,  6.0606e-02, -9.4448e-02,
          1.4997e-01,  1.7408e-01, -3.8274e-01, -1.4348e-01,  1.5719e-01,
         -4.4284e-01, -2.8539e-03, -6.6933e-02, -1.1286e-01,  2.6065e-01,
         -8.6603e-02, -3.2577e-01, -1.8905e-02, -1.1702e-01, -4.3030e-01,
         -3.2629e-03,  5.8668e-02,  2.9467e-01,  1.8440e-02,  2.5945e-01,
          2.0616e-01,  1.9376e-01,  1.6895e-01,  9.6403e-02, -1.9432e-02,
         -1.4063e-01,  2.8091e-01, -9.5986e-02, -4.2289e-02,  1.7303e-01,
         -1.4897e-02, -8.0400e-02, -3.4208e-02]], dtype=torch.float64)
local_key_body_pos:
tensor([[-4.4014e-01,  1.4258e-01,  8.2744e-03,  1.8813e+00, -1.3204e+00,
          5.1717e-01, -8.4005e-01,  1.1470e-01,  1.1320e-01,  2.1007e+00,
         -4.5530e-02,  1.3224e-01, -7.2856e-02,  1.1494e-01, -1.2264e-02,
          4.9301e-02,  9.3885e-01, -6.6515e-01, -8.1702e-02,  7.3043e-01,
          8.0312e-01, -4.9083e-01,  1.7824e-01,  0.0000e+00,  0.0000e+00,
          0.0000e+00,  0.0000e+00,  0.0000e+00,  0.0000e+00,  0.0000e+00,
          0.0000e+00,  7.9400e-01,  4.5315e-04,  6.0606e-02, -9.4448e-02,
          1.4997e-01,  1.7408e-01, -3.8274e-01, -1.4348e-01,  1.5719e-01,
         -4.4284e-01, -2.8539e-03, -6.6933e-02, -1.1286e-01,  2.6065e-01,
         -8.6603e-02, -3.2577e-01, -1.8905e-02, -1.1702e-01, -4.3030e-01,
         -3.2629e-03,  5.8668e-02,  2.9467e-01,  1.8440e-02,  2.5945e-01,
          2.0616e-01,  1.9376e-01,  1.6895e-01,  9.6403e-02, -1.9432e-02,
         -1.4063e-01,  2.8091e-01, -9.5986e-02, -4.2289e-02,  1.7303e-01,
         -1.4897e-02, -8.0400e-02, -3.4208e-02]], dtype=torch.float64)
----------------------------------------
dof_pos:
tensor([[-4.4014e-01,  1.4258e-01,  8.2744e-03,  1.8813e+00, -1.3204e+00,
          5.1717e-01, -8.4005e-01,  1.1470e-01,  1.1320e-01,  2.1007e+00,
         -4.5530e-02,  1.3224e-01, -7.2856e-02,  1.1494e-01, -1.2264e-02,
          4.9301e-02,  9.3885e-01, -6.6515e-01, -8.1702e-02,  7.3043e-01,
          8.0312e-01, -4.9083e-01,  1.7824e-01,  0.0000e+00,  0.0000e+00,
          0.0000e+00,  0.0000e+00,  0.0000e+00,  0.0000e+00,  0.0000e+00,
          0.0000e+00,  7.9400e-01,  4.5315e-04,  6.0606e-02, -9.4448e-02,
          1.4997e-01,  1.7408e-01, -3.8274e-01, -1.4348e-01,  1.5719e-01,
         -4.4284e-01, -2.8539e-03, -6.6933e-02, -1.1286e-01,  2.6065e-01,
         -8.6603e-02, -3.2577e-01, -1.8905e-02, -1.1702e-01, -4.3030e-01,
         -3.2629e-03,  5.8668e-02,  2.9467e-01,  1.8440e-02,  2.5945e-01,
          2.0616e-01,  1.9376e-01,  1.6895e-01,  9.6403e-02, -1.9432e-02,
         -1.4063e-01,  2.8091e-01, -9.5986e-02, -4.2289e-02,  1.7303e-01,
         -1.4897e-02, -8.0400e-02, -3.4208e-02]], dtype=torch.float64)
local_key_body_pos:
tensor([[-4.4014e-01,  1.4258e-01,  8.2744e-03,  1.8813e+00, -1.3204e+00,
          5.1717e-01, -8.4005e-01,  1.1470e-01,  1.1320e-01,  2.1007e+00,
         -4.5530e-02,  1.3224e-01, -7.2856e-02,  1.1494e-01, -1.2264e-02,
          4.9301e-02,  9.3885e-01, -6.6515e-01, -8.1702e-02,  7.3043e-01,
          8.0312e-01, -4.9083e-01,  1.7824e-01,  0.0000e+00,  0.0000e+00,
          0.0000e+00,  0.0000e+00,  0.0000e+00,  0.0000e+00,  0.0000e+00,
          0.0000e+00,  7.9400e-01,  4.5315e-04,  6.0606e-02, -9.4448e-02,
          1.4997e-01,  1.7408e-01, -3.8274e-01, -1.4348e-01,  1.5719e-01,
         -4.4284e-01, -2.8539e-03, -6.6933e-02, -1.1286e-01,  2.6065e-01,
         -8.6603e-02, -3.2577e-01, -1.8905e-02, -1.1702e-01, -4.3030e-01,
         -3.2629e-03,  5.8668e-02,  2.9467e-01,  1.8440e-02,  2.5945e-01,
          2.0616e-01,  1.9376e-01,  1.6895e-01,  9.6403e-02, -1.9432e-02,
         -1.4063e-01,  2.8091e-01, -9.5986e-02, -4.2289e-02,  1.7303e-01,
         -1.4897e-02, -8.0400e-02, -3.4208e-02]], dtype=torch.float64)
----------------------------------------
dof_pos:
tensor([[-4.4014e-01,  1.4258e-01,  8.2744e-03,  1.8813e+00, -1.3204e+00,
          5.1717e-01, -8.4005e-01,  1.1470e-01,  1.1320e-01,  2.1007e+00,
         -4.5530e-02,  1.3224e-01, -7.2856e-02,  1.1494e-01, -1.2264e-02,
          4.9301e-02,  9.3885e-01, -6.6515e-01, -8.1702e-02,  7.3043e-01,
          8.0312e-01, -4.9083e-01,  1.7824e-01,  0.0000e+00,  0.0000e+00,
          0.0000e+00,  0.0000e+00,  0.0000e+00,  0.0000e+00,  0.0000e+00,
          0.0000e+00,  7.9400e-01,  4.5315e-04,  6.0606e-02, -9.4448e-02,
          1.4997e-01,  1.7408e-01, -3.8274e-01, -1.4348e-01,  1.5719e-01,
         -4.4284e-01, -2.8539e-03, -6.6933e-02, -1.1286e-01,  2.6065e-01,
         -8.6603e-02, -3.2577e-01, -1.8905e-02, -1.1702e-01, -4.3030e-01,
         -3.2629e-03,  5.8668e-02,  2.9467e-01,  1.8440e-02,  2.5945e-01,
          2.0616e-01,  1.9376e-01,  1.6895e-01,  9.6403e-02, -1.9432e-02,
         -1.4063e-01,  2.8091e-01, -9.5986e-02, -4.2289e-02,  1.7303e-01,
         -1.4897e-02, -8.0400e-02, -3.4208e-02]], dtype=torch.float64)
local_key_body_pos:
tensor([[-4.4014e-01,  1.4258e-01,  8.2744e-03,  1.8813e+00, -1.3204e+00,
          5.1717e-01, -8.4005e-01,  1.1470e-01,  1.1320e-01,  2.1007e+00,
         -4.5530e-02,  1.3224e-01, -7.2856e-02,  1.1494e-01, -1.2264e-02,
          4.9301e-02,  9.3885e-01, -6.6515e-01, -8.1702e-02,  7.3043e-01,
          8.0312e-01, -4.9083e-01,  1.7824e-01,  0.0000e+00,  0.0000e+00,
          0.0000e+00,  0.0000e+00,  0.0000e+00,  0.0000e+00,  0.0000e+00,
          0.0000e+00,  7.9400e-01,  4.5315e-04,  6.0606e-02, -9.4448e-02,
          1.4997e-01,  1.7408e-01, -3.8274e-01, -1.4348e-01,  1.5719e-01,
         -4.4284e-01, -2.8539e-03, -6.6933e-02, -1.1286e-01,  2.6065e-01,
         -8.6603e-02, -3.2577e-01, -1.8905e-02, -1.1702e-01, -4.3030e-01,
         -3.2629e-03,  5.8668e-02,  2.9467e-01,  1.8440e-02,  2.5945e-01,
          2.0616e-01,  1.9376e-01,  1.6895e-01,  9.6403e-02, -1.9432e-02,
         -1.4063e-01,  2.8091e-01, -9.5986e-02, -4.2289e-02,  1.7303e-01,
         -1.4897e-02, -8.0400e-02, -3.4208e-02]], dtype=torch.float64)
----------------------------------------
dof_pos:
tensor([[ 1.4028,  1.4691,  0.0633,  2.9199, -0.0032, -0.9449,  1.5025,  1.4511,
         -0.1201,  2.1746, -0.0878, -2.4670,  0.6745,  0.2557,  0.0634, -0.1755,
          0.2584,  0.4798,  0.4536, -1.6397, -0.6594,  0.0706,  0.4060,  0.0000,
          0.0000,  0.0000,  0.0000,  0.0000,  0.0000,  0.0000,  0.0000,  0.7940,
          0.0283,  0.0722, -0.0700, -0.0293,  0.4330, -0.0461, -0.0980,  0.1410,
         -0.0389,  0.0036, -0.0531, -0.0875, -0.2083,  0.1544, -0.0679, -0.0952,
          0.0231,  0.1771,  0.0656,  0.0151,  0.3275, -0.0129,  0.1610,  0.2035,
          0.0486,  0.3762,  0.1743,  0.1656, -0.1454,  0.2614,  0.3781, -0.1293,
          0.2471,  0.4918, -0.0938,  0.4389]], dtype=torch.float64)
local_key_body_pos:
tensor([[ 1.4028,  1.4691,  0.0633,  2.9199, -0.0032, -0.9449,  1.5025,  1.4511,
         -0.1201,  2.1746, -0.0878, -2.4670,  0.6745,  0.2557,  0.0634, -0.1755,
          0.2584,  0.4798,  0.4536, -1.6397, -0.6594,  0.0706,  0.4060,  0.0000,
          0.0000,  0.0000,  0.0000,  0.0000,  0.0000,  0.0000,  0.0000,  0.7940,
          0.0283,  0.0722, -0.0700, -0.0293,  0.4330, -0.0461, -0.0980,  0.1410,
         -0.0389,  0.0036, -0.0531, -0.0875, -0.2083,  0.1544, -0.0679, -0.0952,
          0.0231,  0.1771,  0.0656,  0.0151,  0.3275, -0.0129,  0.1610,  0.2035,
          0.0486,  0.3762,  0.1743,  0.1656, -0.1454,  0.2614,  0.3781, -0.1293,
          0.2471,  0.4918, -0.0938,  0.4389]], dtype=torch.float64)
----------------------------------------
dof_pos:
tensor([[ 1.4028,  1.4691,  0.0633,  2.9199, -0.0032, -0.9449,  1.5025,  1.4511,
         -0.1201,  2.1746, -0.0878, -2.4670,  0.6745,  0.2557,  0.0634, -0.1755,
          0.2584,  0.4798,  0.4536, -1.6397, -0.6594,  0.0706,  0.4060,  0.0000,
          0.0000,  0.0000,  0.0000,  0.0000,  0.0000,  0.0000,  0.0000,  0.7940,
          0.0273,  0.0488, -0.0564,  0.0265,  0.4124, -0.0969, -0.0845,  0.1338,
         -0.0891, -0.0055, -0.0739, -0.0782, -0.1929,  0.1536, -0.1189, -0.1701,
          0.0077,  0.1422, -0.0799,  0.0222,  0.3262, -0.1103,  0.1526,  0.1749,
         -0.0389,  0.3631,  0.1353,  0.0462, -0.1286,  0.2870,  0.2484, -0.0993,
          0.3525,  0.2951, -0.0738,  0.5719]], dtype=torch.float64)
local_key_body_pos:
tensor([[ 1.4028,  1.4691,  0.0633,  2.9199, -0.0032, -0.9449,  1.5025,  1.4511,
         -0.1201,  2.1746, -0.0878, -2.4670,  0.6745,  0.2557,  0.0634, -0.1755,
          0.2584,  0.4798,  0.4536, -1.6397, -0.6594,  0.0706,  0.4060,  0.0000,
          0.0000,  0.0000,  0.0000,  0.0000,  0.0000,  0.0000,  0.0000,  0.7940,
          0.0273,  0.0488, -0.0564,  0.0265,  0.4124, -0.0969, -0.0845,  0.1338,
         -0.0891, -0.0055, -0.0739, -0.0782, -0.1929,  0.1536, -0.1189, -0.1701,
          0.0077,  0.1422, -0.0799,  0.0222,  0.3262, -0.1103,  0.1526,  0.1749,
         -0.0389,  0.3631,  0.1353,  0.0462, -0.1286,  0.2870,  0.2484, -0.0993,
          0.3525,  0.2951, -0.0738,  0.5719]], dtype=torch.float64)
----------------------------------------
dof_pos:
tensor([[ 1.4028,  1.4691,  0.0633,  2.9199, -0.0032, -0.9449,  1.5025,  1.4511,
         -0.1201,  2.1746, -0.0878, -2.4670,  0.6745,  0.2557,  0.0634, -0.1755,
          0.2584,  0.4798,  0.4536, -1.6397, -0.6594,  0.0706,  0.4060,  0.0000,
          0.0000,  0.0000,  0.0000,  0.0000,  0.0000,  0.0000,  0.0000,  0.7940,
          0.0275,  0.0495, -0.0564,  0.0270,  0.4128, -0.0995, -0.0835,  0.1340,
         -0.0928, -0.0046, -0.0734, -0.0786, -0.1920,  0.1533, -0.1252, -0.1761,
          0.0076,  0.1366, -0.0870,  0.0243,  0.3244, -0.1141,  0.1548,  0.1721,
         -0.0403,  0.3646,  0.1335,  0.0388, -0.1278,  0.2894,  0.2402, -0.1017,
          0.3591,  0.2819, -0.0767,  0.5796]], dtype=torch.float64)
local_key_body_pos:
tensor([[ 1.4028,  1.4691,  0.0633,  2.9199, -0.0032, -0.9449,  1.5025,  1.4511,
         -0.1201,  2.1746, -0.0878, -2.4670,  0.6745,  0.2557,  0.0634, -0.1755,
          0.2584,  0.4798,  0.4536, -1.6397, -0.6594,  0.0706,  0.4060,  0.0000,
          0.0000,  0.0000,  0.0000,  0.0000,  0.0000,  0.0000,  0.0000,  0.7940,
          0.0275,  0.0495, -0.0564,  0.0270,  0.4128, -0.0995, -0.0835,  0.1340,
         -0.0928, -0.0046, -0.0734, -0.0786, -0.1920,  0.1533, -0.1252, -0.1761,
          0.0076,  0.1366, -0.0870,  0.0243,  0.3244, -0.1141,  0.1548,  0.1721,
         -0.0403,  0.3646,  0.1335,  0.0388, -0.1278,  0.2894,  0.2402, -0.1017,
          0.3591,  0.2819, -0.0767,  0.5796]], dtype=torch.float64)
----------------------------------------
dof_pos:
tensor([[ 1.4028,  1.4691,  0.0633,  2.9199, -0.0032, -0.9449,  1.5025,  1.4511,
         -0.1201,  2.1746, -0.0878, -2.4670,  0.6745,  0.2557,  0.0634, -0.1755,
          0.2584,  0.4798,  0.4536, -1.6397, -0.6594,  0.0706,  0.4060,  0.0000,
          0.0000,  0.0000,  0.0000,  0.0000,  0.0000,  0.0000,  0.0000,  0.7940,
          0.0275,  0.0495, -0.0564,  0.0270,  0.4128, -0.0995, -0.0835,  0.1340,
         -0.0928, -0.0046, -0.0734, -0.0786, -0.1920,  0.1533, -0.1252, -0.1761,
          0.0076,  0.1366, -0.0870,  0.0243,  0.3244, -0.1141,  0.1548,  0.1721,
         -0.0403,  0.3646,  0.1335,  0.0388, -0.1278,  0.2894,  0.2402, -0.1017,
          0.3591,  0.2819, -0.0767,  0.5796]], dtype=torch.float64)
local_key_body_pos:
tensor([[ 1.4028,  1.4691,  0.0633,  2.9199, -0.0032, -0.9449,  1.5025,  1.4511,
         -0.1201,  2.1746, -0.0878, -2.4670,  0.6745,  0.2557,  0.0634, -0.1755,
          0.2584,  0.4798,  0.4536, -1.6397, -0.6594,  0.0706,  0.4060,  0.0000,
          0.0000,  0.0000,  0.0000,  0.0000,  0.0000,  0.0000,  0.0000,  0.7940,
          0.0275,  0.0495, -0.0564,  0.0270,  0.4128, -0.0995, -0.0835,  0.1340,
         -0.0928, -0.0046, -0.0734, -0.0786, -0.1920,  0.1533, -0.1252, -0.1761,
          0.0076,  0.1366, -0.0870,  0.0243,  0.3244, -0.1141,  0.1548,  0.1721,
         -0.0403,  0.3646,  0.1335,  0.0388, -0.1278,  0.2894,  0.2402, -0.1017,
          0.3591,  0.2819, -0.0767,  0.5796]], dtype=torch.float64)
----------------------------------------
dof_pos:
tensor([[ 1.4028,  1.4691,  0.0633,  2.9199, -0.0032, -0.9449,  1.5025,  1.4511,
         -0.1201,  2.1746, -0.0878, -2.4670,  0.6745,  0.2557,  0.0634, -0.1755,
          0.2584,  0.4798,  0.4536, -1.6397, -0.6594,  0.0706,  0.4060,  0.0000,
          0.0000,  0.0000,  0.0000,  0.0000,  0.0000,  0.0000,  0.0000,  0.7940,
          0.0275,  0.0495, -0.0564,  0.0270,  0.4128, -0.0995, -0.0835,  0.1340,
         -0.0928, -0.0046, -0.0734, -0.0786, -0.1920,  0.1533, -0.1252, -0.1761,
          0.0076,  0.1366, -0.0870,  0.0243,  0.3244, -0.1141,  0.1548,  0.1721,
         -0.0403,  0.3646,  0.1335,  0.0388, -0.1278,  0.2894,  0.2402, -0.1017,
          0.3591,  0.2819, -0.0767,  0.5796]], dtype=torch.float64)
local_key_body_pos:
tensor([[ 1.4028,  1.4691,  0.0633,  2.9199, -0.0032, -0.9449,  1.5025,  1.4511,
         -0.1201,  2.1746, -0.0878, -2.4670,  0.6745,  0.2557,  0.0634, -0.1755,
          0.2584,  0.4798,  0.4536, -1.6397, -0.6594,  0.0706,  0.4060,  0.0000,
          0.0000,  0.0000,  0.0000,  0.0000,  0.0000,  0.0000,  0.0000,  0.7940,
          0.0275,  0.0495, -0.0564,  0.0270,  0.4128, -0.0995, -0.0835,  0.1340,
         -0.0928, -0.0046, -0.0734, -0.0786, -0.1920,  0.1533, -0.1252, -0.1761,
          0.0076,  0.1366, -0.0870,  0.0243,  0.3244, -0.1141,  0.1548,  0.1721,
         -0.0403,  0.3646,  0.1335,  0.0388, -0.1278,  0.2894,  0.2402, -0.1017,
          0.3591,  0.2819, -0.0767,  0.5796]], dtype=torch.float64)
----------------------------------------
dof_pos:
tensor([[ 1.4028,  1.4691,  0.0633,  2.9199, -0.0032, -0.9449,  1.5025,  1.4511,
         -0.1201,  2.1746, -0.0878, -2.4670,  0.6745,  0.2557,  0.0634, -0.1755,
          0.2584,  0.4798,  0.4536, -1.6397, -0.6594,  0.0706,  0.4060,  0.0000,
          0.0000,  0.0000,  0.0000,  0.0000,  0.0000,  0.0000,  0.0000,  0.7940,
          0.0275,  0.0495, -0.0564,  0.0270,  0.4128, -0.0995, -0.0835,  0.1340,
         -0.0928, -0.0046, -0.0734, -0.0786, -0.1920,  0.1533, -0.1252, -0.1761,
          0.0076,  0.1366, -0.0870,  0.0243,  0.3244, -0.1141,  0.1548,  0.1721,
         -0.0403,  0.3646,  0.1335,  0.0388, -0.1278,  0.2894,  0.2402, -0.1017,
          0.3591,  0.2819, -0.0767,  0.5796]], dtype=torch.float64)
local_key_body_pos:
tensor([[ 1.4028,  1.4691,  0.0633,  2.9199, -0.0032, -0.9449,  1.5025,  1.4511,
         -0.1201,  2.1746, -0.0878, -2.4670,  0.6745,  0.2557,  0.0634, -0.1755,
          0.2584,  0.4798,  0.4536, -1.6397, -0.6594,  0.0706,  0.4060,  0.0000,
          0.0000,  0.0000,  0.0000,  0.0000,  0.0000,  0.0000,  0.0000,  0.7940,
          0.0275,  0.0495, -0.0564,  0.0270,  0.4128, -0.0995, -0.0835,  0.1340,
         -0.0928, -0.0046, -0.0734, -0.0786, -0.1920,  0.1533, -0.1252, -0.1761,
          0.0076,  0.1366, -0.0870,  0.0243,  0.3244, -0.1141,  0.1548,  0.1721,
         -0.0403,  0.3646,  0.1335,  0.0388, -0.1278,  0.2894,  0.2402, -0.1017,
          0.3591,  0.2819, -0.0767,  0.5796]], dtype=torch.float64)
----------------------------------------
dof_pos:
tensor([[ 1.4028,  1.4691,  0.0633,  2.9199, -0.0032, -0.9449,  1.5025,  1.4511,
         -0.1201,  2.1746, -0.0878, -2.4670,  0.6745,  0.2557,  0.0634, -0.1755,
          0.2584,  0.4798,  0.4536, -1.6397, -0.6594,  0.0706,  0.4060,  0.0000,
          0.0000,  0.0000,  0.0000,  0.0000,  0.0000,  0.0000,  0.0000,  0.7940,
          0.0275,  0.0495, -0.0564,  0.0270,  0.4128, -0.0995, -0.0835,  0.1340,
         -0.0928, -0.0046, -0.0734, -0.0786, -0.1920,  0.1533, -0.1252, -0.1761,
          0.0076,  0.1366, -0.0870,  0.0243,  0.3244, -0.1141,  0.1548,  0.1721,
         -0.0403,  0.3646,  0.1335,  0.0388, -0.1278,  0.2894,  0.2402, -0.1017,
          0.3591,  0.2819, -0.0767,  0.5796]], dtype=torch.float64)
local_key_body_pos:
tensor([[ 1.4028,  1.4691,  0.0633,  2.9199, -0.0032, -0.9449,  1.5025,  1.4511,
         -0.1201,  2.1746, -0.0878, -2.4670,  0.6745,  0.2557,  0.0634, -0.1755,
          0.2584,  0.4798,  0.4536, -1.6397, -0.6594,  0.0706,  0.4060,  0.0000,
          0.0000,  0.0000,  0.0000,  0.0000,  0.0000,  0.0000,  0.0000,  0.7940,
          0.0275,  0.0495, -0.0564,  0.0270,  0.4128, -0.0995, -0.0835,  0.1340,
         -0.0928, -0.0046, -0.0734, -0.0786, -0.1920,  0.1533, -0.1252, -0.1761,
          0.0076,  0.1366, -0.0870,  0.0243,  0.3244, -0.1141,  0.1548,  0.1721,
         -0.0403,  0.3646,  0.1335,  0.0388, -0.1278,  0.2894,  0.2402, -0.1017,
          0.3591,  0.2819, -0.0767,  0.5796]], dtype=torch.float64)
----------------------------------------
dof_pos:
tensor([[ 1.4028,  1.4691,  0.0633,  2.9199, -0.0032, -0.9449,  1.5025,  1.4511,
         -0.1201,  2.1746, -0.0878, -2.4670,  0.6745,  0.2557,  0.0634, -0.1755,
          0.2584,  0.4798,  0.4536, -1.6397, -0.6594,  0.0706,  0.4060,  0.0000,
          0.0000,  0.0000,  0.0000,  0.0000,  0.0000,  0.0000,  0.0000,  0.7940,
          0.0275,  0.0495, -0.0564,  0.0270,  0.4128, -0.0995, -0.0835,  0.1340,
         -0.0928, -0.0046, -0.0734, -0.0786, -0.1920,  0.1533, -0.1252, -0.1761,
          0.0076,  0.1366, -0.0870,  0.0243,  0.3244, -0.1141,  0.1548,  0.1721,
         -0.0403,  0.3646,  0.1335,  0.0388, -0.1278,  0.2894,  0.2402, -0.1017,
          0.3591,  0.2819, -0.0767,  0.5796]], dtype=torch.float64)
local_key_body_pos:
tensor([[ 1.4028,  1.4691,  0.0633,  2.9199, -0.0032, -0.9449,  1.5025,  1.4511,
         -0.1201,  2.1746, -0.0878, -2.4670,  0.6745,  0.2557,  0.0634, -0.1755,
          0.2584,  0.4798,  0.4536, -1.6397, -0.6594,  0.0706,  0.4060,  0.0000,
          0.0000,  0.0000,  0.0000,  0.0000,  0.0000,  0.0000,  0.0000,  0.7940,
          0.0275,  0.0495, -0.0564,  0.0270,  0.4128, -0.0995, -0.0835,  0.1340,
         -0.0928, -0.0046, -0.0734, -0.0786, -0.1920,  0.1533, -0.1252, -0.1761,
          0.0076,  0.1366, -0.0870,  0.0243,  0.3244, -0.1141,  0.1548,  0.1721,
         -0.0403,  0.3646,  0.1335,  0.0388, -0.1278,  0.2894,  0.2402, -0.1017,
          0.3591,  0.2819, -0.0767,  0.5796]], dtype=torch.float64)
----------------------------------------
dof_pos:
tensor([[ 0.9887,  1.8667,  0.0168,  0.9611,  1.2115, -0.1709,  1.6272,  2.0782,
         -0.1617,  1.9728,  0.1829,  1.8680,  0.6538,  0.2922,  0.0688, -0.2483,
          0.3520,  0.5418,  0.0734, -1.0113, -0.9380, -0.0869,  0.3642,  0.0000,
          0.0000,  0.0000,  0.0000,  0.0000,  0.0000,  0.0000,  0.0000,  0.7940,
          0.0275,  0.0495, -0.0564,  0.0270,  0.4128, -0.0995, -0.0835,  0.1340,
         -0.0928, -0.0046, -0.0734, -0.0786, -0.1920,  0.1533, -0.1252, -0.1761,
          0.0076,  0.1366, -0.0870,  0.0243,  0.3244, -0.1141,  0.1548,  0.1721,
         -0.0403,  0.3646,  0.1335,  0.0388, -0.1278,  0.2894,  0.2402, -0.1017,
          0.3591,  0.2819, -0.0767,  0.5796]], dtype=torch.float64)
local_key_body_pos:
tensor([[ 0.9887,  1.8667,  0.0168,  0.9611,  1.2115, -0.1709,  1.6272,  2.0782,
         -0.1617,  1.9728,  0.1829,  1.8680,  0.6538,  0.2922,  0.0688, -0.2483,
          0.3520,  0.5418,  0.0734, -1.0113, -0.9380, -0.0869,  0.3642,  0.0000,
          0.0000,  0.0000,  0.0000,  0.0000,  0.0000,  0.0000,  0.0000,  0.7940,
          0.0275,  0.0495, -0.0564,  0.0270,  0.4128, -0.0995, -0.0835,  0.1340,
         -0.0928, -0.0046, -0.0734, -0.0786, -0.1920,  0.1533, -0.1252, -0.1761,
          0.0076,  0.1366, -0.0870,  0.0243,  0.3244, -0.1141,  0.1548,  0.1721,
         -0.0403,  0.3646,  0.1335,  0.0388, -0.1278,  0.2894,  0.2402, -0.1017,
          0.3591,  0.2819, -0.0767,  0.5796]], dtype=torch.float64)
----------------------------------------
dof_pos:
tensor([[ 9.8873e-01,  1.8667e+00,  1.6830e-02,  9.6110e-01,  1.2115e+00,
         -1.7087e-01,  1.6272e+00,  2.0782e+00, -1.6171e-01,  1.9728e+00,
          1.8292e-01,  1.8680e+00,  6.5380e-01,  2.9223e-01,  6.8756e-02,
         -2.4832e-01,  3.5197e-01,  5.4178e-01,  7.3405e-02, -1.0113e+00,
         -9.3801e-01, -8.6942e-02,  3.6422e-01,  0.0000e+00,  0.0000e+00,
          0.0000e+00,  0.0000e+00,  0.0000e+00,  0.0000e+00,  0.0000e+00,
          0.0000e+00,  7.9400e-01,  5.0853e-02,  4.1748e-02, -9.0132e-02,
          6.0561e-02,  3.9043e-01, -1.9533e-02, -1.6768e-01,  5.2865e-01,
          1.1761e-01,  2.9148e-02, -8.4540e-02, -1.0415e-01, -1.3137e-01,
          1.4293e-01, -3.7145e-02,  8.7356e-02,  3.7910e-02,  1.3931e-01,
         -3.5630e-02,  5.3240e-02,  2.8929e-01, -7.9430e-02,  2.0630e-01,
          1.5189e-01, -7.2151e-05,  4.0402e-01,  2.2663e-01,  9.1357e-02,
         -9.9947e-02,  2.6520e-01,  2.9479e-01, -1.2933e-01,  1.8934e-01,
          4.6806e-01, -9.4347e-02,  3.2979e-01]], dtype=torch.float64)
local_key_body_pos:
tensor([[ 9.8873e-01,  1.8667e+00,  1.6830e-02,  9.6110e-01,  1.2115e+00,
         -1.7087e-01,  1.6272e+00,  2.0782e+00, -1.6171e-01,  1.9728e+00,
          1.8292e-01,  1.8680e+00,  6.5380e-01,  2.9223e-01,  6.8756e-02,
         -2.4832e-01,  3.5197e-01,  5.4178e-01,  7.3405e-02, -1.0113e+00,
         -9.3801e-01, -8.6942e-02,  3.6422e-01,  0.0000e+00,  0.0000e+00,
          0.0000e+00,  0.0000e+00,  0.0000e+00,  0.0000e+00,  0.0000e+00,
          0.0000e+00,  7.9400e-01,  5.0853e-02,  4.1748e-02, -9.0132e-02,
          6.0561e-02,  3.9043e-01, -1.9533e-02, -1.6768e-01,  5.2865e-01,
          1.1761e-01,  2.9148e-02, -8.4540e-02, -1.0415e-01, -1.3137e-01,
          1.4293e-01, -3.7145e-02,  8.7356e-02,  3.7910e-02,  1.3931e-01,
         -3.5630e-02,  5.3240e-02,  2.8929e-01, -7.9430e-02,  2.0630e-01,
          1.5189e-01, -7.2151e-05,  4.0402e-01,  2.2663e-01,  9.1357e-02,
         -9.9947e-02,  2.6520e-01,  2.9479e-01, -1.2933e-01,  1.8934e-01,
          4.6806e-01, -9.4347e-02,  3.2979e-01]], dtype=torch.float64)
----------------------------------------
