dof_pos:
[ 8.57989304e-03  4.74704802e-02  1.17616601e-01 -7.73499459e-02
 -1.46251276e-01 -1.91627473e-01 -5.67238517e-02  1.19533226e-01
  2.66220123e-02  8.10951218e-02 -4.57469970e-02  1.83100298e-01
  2.15550497e-01 -3.00417274e-01  5.58166564e-01 -5.71178019e-01
 -9.61725831e-01  2.57047772e-01  4.14838642e-02  7.04167993e-04
 -8.71363748e-03 -1.84708997e-03  2.86901859e-03]
local_key_body_pos:
[-0.00512381  0.06409543 -0.08245385 -0.00631817  0.12845664 -0.4186822
  0.01635934  0.13524802 -0.71763307  0.00213891 -0.06454846 -0.08234226
  0.07381956 -0.1709686  -0.40672562  0.05196555 -0.21966639 -0.7019463
  0.00512131  0.08095855  0.31576753 -0.04178615  0.1633451   0.14289008
  0.13369055  0.17551003  0.00138346 -0.01101818 -0.11835783  0.30223125
  0.07957624 -0.2745815   0.18406782  0.2829621  -0.2551214   0.27988946]
----------------------------------------
dof_pos:
[ 1.0074457e-02  4.6979688e-02  1.1936194e-01 -7.6576106e-02
 -1.4830580e-01 -1.9186904e-01 -5.4986145e-02  1.2180354e-01
  2.6001699e-02  7.8636274e-02 -4.1863553e-02  1.8432803e-01
  2.1537679e-01 -2.9411513e-01  5.5941719e-01 -5.7083988e-01
 -9.5797551e-01  2.7622727e-01  3.0800313e-02  7.6527329e-04
 -8.7097911e-03 -1.8408992e-03  2.8565712e-03]
local_key_body_pos:
[-0.01209631  0.06016474 -0.08154926  0.00961241  0.12886618 -0.4158792
  0.01210691  0.13427427 -0.7154106   0.00397979 -0.06754401 -0.08154844
  0.07167177 -0.1710881  -0.40785816  0.05289972 -0.21996915 -0.7032535
  0.00195574  0.0833873   0.3170865  -0.03892733  0.16487665  0.14192802
  0.13211703  0.17460139 -0.0050059  -0.01571706 -0.11593525  0.3058822
  0.07742351 -0.27068454  0.18947014  0.28219074 -0.23701474  0.27749485]
----------------------------------------
dof_pos:
[ 1.1098267e-02  4.6019096e-02  1.2080236e-01 -7.5148381e-02
 -1.5045056e-01 -1.9254325e-01 -5.3077336e-02  1.2354341e-01
  2.5968978e-02  7.6598592e-02 -3.7548181e-02  1.8414883e-01
  2.1584296e-01 -2.8981155e-01  5.6091470e-01 -5.7231200e-01
 -9.5779890e-01  2.9772130e-01  2.2690909e-02 -4.7307549e-04
 -5.9166234e-03 -1.9666292e-03  1.3709158e-02]
local_key_body_pos:
[-0.01324222  0.06024998 -0.08081733  0.02012967  0.12880418 -0.41436616
  0.00657095  0.13384356 -0.71391577  0.00503744 -0.06727495 -0.08112915
  0.06783607 -0.17070879 -0.40863466  0.05333892 -0.22187582 -0.70384085
 -0.00489465  0.08370405  0.31849027 -0.0354834   0.16634974  0.14168514
  0.13307199  0.17537019 -0.00825067 -0.01330587 -0.11552414  0.30717078
  0.07890892 -0.2706076   0.18974046  0.2834969  -0.22735779  0.2747814 ]
----------------------------------------
dof_pos:
[ 1.1546804e-02  4.4484746e-02  1.2187140e-01 -7.2919868e-02
 -1.5270630e-01 -1.9374709e-01 -5.0959434e-02  1.2463316e-01
  2.6654413e-02  7.5075634e-02 -3.2704815e-02  1.8225050e-01
  2.1709129e-01 -2.8794917e-01  5.6271482e-01 -5.7594436e-01
 -9.6190017e-01  3.2204998e-01  1.7721688e-02 -4.2761135e-04
 -5.9237210e-03 -1.9556452e-03  1.3703497e-02]
local_key_body_pos:
[-7.2665238e-03  6.5243781e-02 -8.0296427e-02  2.4030915e-02
  1.2816581e-01 -4.1442972e-01 -5.3411955e-04  1.3407654e-01
 -7.1331000e-01  5.1377960e-03 -6.3015699e-02 -8.1167608e-02
  6.1937086e-02 -1.6971979e-01 -4.0897611e-01  5.3173169e-02
 -2.2574294e-01 -7.0354843e-01 -1.6249215e-02  8.1439406e-02
  3.1999779e-01 -3.1324167e-02  1.6775142e-01  1.4232126e-01
  1.3711746e-01  1.7818932e-01 -7.6520806e-03 -2.2041609e-03
 -1.1757159e-01  3.0557203e-01  8.4841177e-02 -2.7519968e-01
  1.8373808e-01  2.8734237e-01 -2.2802812e-01  2.7167815e-01]
----------------------------------------
dof_pos:
[ 1.13494033e-02  4.33858968e-02  1.22019671e-01 -7.11085051e-02
 -1.53501749e-01 -1.94473773e-01 -5.00385351e-02  1.23835087e-01
  2.82642785e-02  7.46051148e-02 -3.04975919e-02  1.80210128e-01
  2.18948677e-01 -2.89856553e-01  5.64056218e-01 -5.83942592e-01
 -9.67081666e-01  3.33599687e-01  1.96893625e-02 -7.52627500e-04
 -8.73185578e-04 -1.24519109e-03  1.18510425e-02]
local_key_body_pos:
[-0.00829422  0.06152519 -0.08070222  0.01642655  0.12457303 -0.4158456
  0.00450415  0.13286217 -0.7150698   0.00329579 -0.06685138 -0.08069771
  0.05635667 -0.17182554 -0.40901762  0.05510528 -0.22505704 -0.7041607
 -0.01137924  0.08420041  0.3181908  -0.0314197   0.1692859   0.13980675
  0.13918996  0.18166661 -0.00749124 -0.00116553 -0.11541395  0.30749717
  0.08036773 -0.270642    0.18092822  0.28059754 -0.22792368  0.27568442]
----------------------------------------
dof_pos:
[ 1.0112332e-02  4.2797271e-02  1.2181206e-01 -6.9618642e-02
 -1.5365669e-01 -1.9496931e-01 -4.9722809e-02  1.2234289e-01
  3.0030241e-02  7.4614152e-02 -2.9228786e-02  1.7815349e-01
  2.2079584e-01 -2.9296800e-01  5.6501621e-01 -5.9379262e-01
 -9.7281754e-01  3.3960998e-01  2.4316706e-02  4.7796904e-04
  5.1733744e-03  7.2800802e-05  2.0661246e-04]
local_key_body_pos:
[-1.0901876e-02  5.6502122e-02 -8.1358120e-02  7.4318293e-03
  1.2077444e-01 -4.1735908e-01  1.2146298e-02  1.3107197e-01
 -7.1714878e-01  6.6279201e-04 -7.1857974e-02 -8.0582887e-02
  5.3599346e-02 -1.7454284e-01 -4.0887418e-01  5.7178617e-02
 -2.2326407e-01 -7.0476693e-01 -3.0621481e-03  8.7846592e-02
  3.1551576e-01 -3.2347661e-02  1.6996828e-01  1.3637422e-01
  1.4071615e-01  1.8494594e-01 -7.8173140e-03 -2.9250537e-03
 -1.1250173e-01  3.0989268e-01  7.4798867e-02 -2.6366055e-01
  1.7915091e-01  2.7367476e-01 -2.3086978e-01  2.7973029e-01]
----------------------------------------
dof_pos:
[ 1.0112332e-02  4.2797271e-02  1.2181206e-01 -6.9687836e-02
 -1.5235616e-01 -1.9522332e-01 -5.0976306e-02  1.1955082e-01
  3.1045452e-02  7.6059483e-02 -2.9549329e-02  1.7627494e-01
  2.2128889e-01 -2.9729992e-01  5.6405276e-01 -6.0831672e-01
 -9.8027056e-01  3.3033773e-01  3.4553610e-02  4.9115304e-04
  5.1721237e-03  7.3907388e-05  2.1723507e-04]
local_key_body_pos:
[-0.01080729  0.05984365 -0.0819668   0.0119995   0.12160313 -0.41678
  0.01407519  0.12795417 -0.71669286 -0.00388977 -0.06878126 -0.08421911
  0.07154006 -0.17540982 -0.4079584   0.0559291  -0.22262292 -0.70343375
 -0.00261891  0.08767136  0.31320962 -0.03066984  0.16392419  0.13258997
  0.14223655  0.18534815 -0.01091176 -0.00479784 -0.11268128  0.30847114
  0.08272083 -0.2574894   0.17850639  0.28757262 -0.2585209   0.26919466]
----------------------------------------
dof_pos:
[ 0.00871997  0.04321877  0.12137478 -0.07049166 -0.15074642 -0.19519424
 -0.05261138  0.1169337   0.03136197  0.07792719 -0.03132366  0.17566924
  0.2200386  -0.30114225  0.563469   -0.6220406  -0.98815084  0.3177337
  0.04546869  0.00316875  0.01043234  0.00150109 -0.01291331]
local_key_body_pos:
[-5.2219601e-03  6.1925381e-02 -8.2768008e-02  1.2042996e-02
  1.2246567e-01 -4.1721228e-01  1.5634766e-02  1.2837051e-01
 -7.1708983e-01 -1.0508255e-02 -6.5829799e-02 -8.6215772e-02
  7.8900009e-02 -1.7640731e-01 -4.0532279e-01  5.5111658e-02
 -2.2079724e-01 -7.0103061e-01 -7.1125226e-03  8.6076245e-02
  3.1277451e-01 -3.2002024e-02  1.6034900e-01  1.3166068e-01
  1.4207056e-01  1.8215717e-01 -1.0334492e-02  6.7944638e-05
 -1.1330730e-01  3.0616772e-01  8.9292169e-02 -2.6245114e-01
  1.8064259e-01  2.9545406e-01 -2.6377308e-01  2.6751044e-01]
----------------------------------------
dof_pos:
[ 0.00772037  0.04376001  0.12067876 -0.07219382 -0.14875796 -0.19481817
 -0.05471237  0.11453124  0.03082468  0.08031081 -0.03487433  0.17661886
  0.21665768 -0.30438557  0.56334937 -0.63478225 -0.9965627   0.30106065
  0.05721508  0.00323429  0.01041043  0.00151336 -0.01285212]
local_key_body_pos:
[ 0.00707221  0.06246801 -0.08380449  0.00655886  0.12336962 -0.4188802
  0.01674319  0.13310486 -0.7185291  -0.0196512  -0.06303123 -0.08620933
  0.0733328  -0.17756428 -0.40058568  0.05482209 -0.21752426 -0.6973202
 -0.01763818  0.08274626  0.31462544 -0.03701189  0.15979014  0.13421956
  0.13984413  0.17457587 -0.00527111  0.01316713 -0.11447883  0.3027868
  0.09421366 -0.28101525  0.18617637  0.295985   -0.2416586   0.27664077]
----------------------------------------
dof_pos:
[ 0.00741729  0.04425145  0.11966199 -0.07567441 -0.14685562 -0.19443984
 -0.05671181  0.11249509  0.02885561  0.08308621 -0.03778771  0.1765325
  0.21262544 -0.30513117  0.5634553  -0.6497107  -1.0092474   0.28673726
  0.07504084  0.00659288  0.01341948  0.00264134 -0.0201056 ]
local_key_body_pos:
[-0.00422571  0.06164654 -0.08206823  0.01456788  0.12548977 -0.41570008
  0.0140614   0.13422348 -0.7153003  -0.01139244 -0.06445169 -0.08349353
  0.06431655 -0.17562929 -0.40403014  0.05347614 -0.21939987 -0.7005074
 -0.01601809  0.08383714  0.31570977 -0.03272733  0.1585696   0.13437453
  0.14237693  0.17234564 -0.00742532  0.01107411 -0.11422561  0.3050577
  0.09375788 -0.28028664  0.18864453  0.29560113 -0.25185138  0.28336135]
----------------------------------------
dof_pos:
[ 0.00780562  0.0446783   0.1186274  -0.07964998 -0.14512841 -0.19406216
 -0.0585971   0.11080066  0.02667178  0.08577032 -0.04040188  0.17608215
  0.20870592 -0.30512354  0.56360316 -0.66586524 -1.0237701   0.27319154
  0.09549412  0.00963431  0.01373702  0.00336776 -0.01924695]
local_key_body_pos:
[-1.92881078e-02  6.05838485e-02 -8.00162107e-02  2.43692920e-02
  1.27599835e-01 -4.12128657e-01  1.11742485e-02  1.34585097e-01
 -7.11744070e-01 -2.61583453e-04 -6.68447465e-02 -8.04637149e-02
  5.56523241e-02 -1.73136070e-01 -4.08918083e-01  5.16931899e-02
 -2.22882286e-01 -7.04735100e-01 -1.12444134e-02  8.53488222e-02
  3.16677183e-01 -2.67378818e-02  1.57741532e-01  1.34475395e-01
  1.45109162e-01  1.72537163e-01 -1.11652473e-02  5.09250024e-03
 -1.14199787e-01  3.08112472e-01  9.15764198e-02 -2.75823534e-01
  1.90093055e-01  2.94063210e-01 -2.68076450e-01  2.89445400e-01]
----------------------------------------
dof_pos:
[ 0.00780562  0.0446783   0.1186274  -0.08365266 -0.14454478 -0.19369471
 -0.05983321  0.11080066  0.02585202  0.08693537 -0.04208148  0.17504784
  0.20699775 -0.30464756  0.56360084 -0.6871231  -1.04404     0.2611129
  0.1229665   0.0097068   0.01368235  0.00338222 -0.0192542 ]
local_key_body_pos:
[-0.0135183   0.06054754 -0.08136979  0.01953016  0.12709299 -0.41572744
  0.01465314  0.1367796  -0.71546316 -0.00377554 -0.06777522 -0.08072008
  0.05685235 -0.17288226 -0.40762404  0.04881331 -0.22775483 -0.70241785
 -0.00800789  0.08080479  0.31836268 -0.02727866  0.16126233  0.13919042
  0.13940576  0.17985472 -0.01181261  0.00145692 -0.11886993  0.30528423
  0.08758471 -0.28344005  0.19023977  0.2857122  -0.2624026   0.29575565]
----------------------------------------
dof_pos:
[ 0.00854906  0.04478761  0.11879868 -0.08680503 -0.14433485 -0.19311509
 -0.06131035  0.11085667  0.02552318  0.08840201 -0.04287194  0.17334872
  0.20585829 -0.30334488  0.56351334 -0.7096342  -1.0646317   0.25130835
  0.15201719  0.01179046  0.01183421  0.00385982 -0.01289634]
local_key_body_pos:
[-1.04143573e-02  6.07898310e-02 -8.17756280e-02  1.90661401e-02
  1.27254561e-01 -4.17196453e-01  1.49425855e-02  1.39762804e-01
 -7.16843426e-01 -5.36233746e-03 -6.80060014e-02 -8.04177523e-02
  6.08876348e-02 -1.72389582e-01 -4.05821621e-01  4.73495349e-02
 -2.29918912e-01 -6.99903846e-01 -7.53938872e-03  7.89504945e-02
  3.18868756e-01 -2.82414407e-02  1.62093103e-01  1.40835747e-01
  1.38078451e-01  1.81277469e-01 -1.05008231e-02 -6.25247369e-04
 -1.20759115e-01  3.03498775e-01  8.86426419e-02 -2.86781967e-01
  1.92319512e-01  2.85002470e-01 -2.69911170e-01  3.00832957e-01]
----------------------------------------
dof_pos:
[ 0.00854906  0.04478761  0.11879868 -0.0889172  -0.14433485 -0.19311509
 -0.06131035  0.11095013  0.02579354  0.0902356  -0.0425759   0.1708384
  0.20541358 -0.30103338  0.5633219  -0.73370564 -1.085655    0.24432652
  0.18298557  0.01181444  0.01180669  0.00387073 -0.01295123]
local_key_body_pos:
[-0.01056613  0.06137233 -0.08102405  0.02394501  0.12823236 -0.41606456
  0.01133708  0.14370897 -0.7153675  -0.0045956  -0.06738229 -0.07943316
  0.06838509 -0.1716052  -0.40339848  0.04761517 -0.22877537 -0.6971496
 -0.01045121  0.08038101  0.3179345  -0.02971952  0.15963875  0.13873228
  0.14209527  0.17550139 -0.00679662 -0.00081026 -0.11925208  0.30298692
  0.09586709 -0.2849036   0.1967597   0.29362422 -0.29351768  0.3044043 ]
----------------------------------------
dof_pos:
[ 0.00911459  0.04436438  0.11919014 -0.08979542 -0.14407453 -0.19292517
 -0.06297592  0.11066899  0.02633421  0.09201323 -0.04203353  0.1686426
  0.20425026 -0.2998295   0.56452686 -0.7557526  -1.1062098   0.24160549
  0.21709955  0.01287819  0.00875364  0.00423834 -0.00519044]
local_key_body_pos:
[-0.00909145  0.06252312 -0.08162019  0.02154084  0.12721324 -0.4164577
  0.0125167   0.1386819  -0.71601665 -0.00516544 -0.06628359 -0.08184027
  0.07647354 -0.17419091 -0.40339822  0.04855332 -0.22396868 -0.6977664
 -0.00779094  0.07920086  0.31712326 -0.02959904  0.15636513  0.13790251
  0.14355318  0.17701538 -0.00538289 -0.00637044 -0.12045175  0.30224174
  0.0958399  -0.28627318  0.2026251   0.29378834 -0.29753056  0.31057984]
----------------------------------------
dof_pos:
[ 9.52304900e-03  4.35716026e-02  1.19308889e-01 -9.01805833e-02
 -1.43573612e-01 -1.93084106e-01 -6.39036521e-02  1.10156484e-01
  2.69663837e-02  9.38795209e-02 -4.14530523e-02  1.66687280e-01
  2.02868298e-01 -2.98824728e-01  5.66022873e-01 -7.76710927e-01
 -1.12618041e+00  2.40441442e-01  2.51451701e-01  1.31806545e-02
  5.24091208e-03  4.42936923e-03  9.99280135e-04]
local_key_body_pos:
[-0.00671023  0.06346777 -0.08236087  0.01681858  0.12571625 -0.41718802
  0.01487239  0.13228023 -0.71709675 -0.00531487 -0.06540916 -0.08449245
  0.08019718 -0.17696217 -0.4044973   0.04966515 -0.21902417 -0.69966036
 -0.0053633   0.07788999  0.31655228 -0.02891819  0.15304364  0.1372908
  0.14350891  0.18007676 -0.00584868 -0.01146282 -0.12172207  0.3020262
  0.09395052 -0.2886014   0.20838897  0.29112384 -0.2973032   0.31791458]
----------------------------------------
dof_pos:
[ 9.52304900e-03  4.35716026e-02  1.19308889e-01 -8.94061178e-02
 -1.42467648e-01 -1.92841679e-01 -6.44147322e-02  1.08675778e-01
  2.77231000e-02  9.65231732e-02 -4.10952643e-02  1.65890992e-01
  2.01333657e-01 -2.97013611e-01  5.66800952e-01 -7.93678522e-01
 -1.14304733e+00  2.42368445e-01  2.80860990e-01  1.31806545e-02
  5.24091208e-03  4.42936923e-03  9.99280135e-04]
local_key_body_pos:
[-8.7709480e-04  6.1670709e-02 -8.1382386e-02  9.7829616e-03
  1.2477572e-01 -4.1728333e-01  1.6128713e-02  1.3421333e-01
 -7.1699911e-01  4.9681496e-04 -6.7218773e-02 -8.1921630e-02
  4.9732611e-02 -1.7410615e-01 -4.0884361e-01  5.0685398e-02
 -2.2067925e-01 -7.0416558e-01 -1.6311593e-02  8.1036091e-02
  3.1753904e-01 -2.7339976e-02  1.5107064e-01  1.3566989e-01
  1.3745889e-01  1.7961892e-01 -1.5728580e-02 -1.8132986e-03
 -1.1788134e-01  3.0629554e-01  9.3122996e-02 -2.9139325e-01
  2.1041200e-01  2.8473952e-01 -3.0591723e-01  3.2856810e-01]
----------------------------------------
dof_pos:
[ 0.01008416  0.04306572  0.12009122 -0.08822107 -0.14127515 -0.19261782
 -0.06445947  0.1075646   0.02839418  0.09909283 -0.04071911  0.16574419
  0.19955015 -0.29468417  0.5676987  -0.80796736 -1.1582599   0.24528389
  0.3047284   0.01293089  0.00162874  0.00418738  0.0047455 ]
local_key_body_pos:
[ 0.00197324  0.06145258 -0.0813736   0.00927848  0.12487835 -0.4175565
  0.01458063  0.13532941 -0.71719503  0.00182064 -0.06742334 -0.0816304
  0.04250313 -0.17320971 -0.41043687  0.05125613 -0.22134359 -0.7060147
 -0.02142558  0.08146967  0.31785735 -0.02888223  0.15053579  0.13525985
  0.13565275  0.17771994 -0.01660846  0.00307682 -0.11713353  0.30698165
  0.09303118 -0.29510164  0.21165997  0.27926868 -0.30877542  0.33818442]
----------------------------------------
dof_pos:
[ 0.01008416  0.04306572  0.12009122 -0.08822107 -0.14127515 -0.19261782
 -0.06445947  0.10690668  0.02896014  0.10157012 -0.04031963  0.16639045
  0.1974635  -0.29172304  0.5687426  -0.8190397  -1.1715618   0.24944201
  0.3218257   0.01293043  0.00165403  0.00417887  0.00474952]
local_key_body_pos:
[ 0.00118284  0.06316172 -0.08254846  0.016746    0.12625429 -0.41804677
  0.00960936  0.1354483  -0.7177493  -0.00233344 -0.06566875 -0.08412168
  0.06363451 -0.1747051  -0.40866983  0.05127819 -0.22079861 -0.704622
 -0.01941836  0.07859233  0.31735983 -0.03423346  0.15175638  0.13632786
  0.13902664  0.17406178 -0.00650279  0.00215775 -0.12016097  0.30329415
  0.09383736 -0.2999289   0.21196194  0.2749126  -0.30460802  0.34653515]
----------------------------------------
dof_pos:
[ 0.01196227  0.04276859  0.12137941 -0.0874364  -0.1400084  -0.19224875
 -0.06421554  0.10640795  0.02861919  0.10363066 -0.03875122  0.16795065
  0.19558512 -0.287791    0.56902313 -0.8267433  -1.1834558   0.2557356
  0.32421857  0.0121928  -0.00194603  0.00328725  0.00586117]
local_key_body_pos:
[-0.00133983  0.06401467 -0.08121729  0.01428546  0.12608081 -0.41622943
  0.0091428   0.13467169 -0.7160311  -0.00700915 -0.06471582 -0.08419062
  0.05965443 -0.17327577 -0.4093492   0.05139261 -0.22022712 -0.70540154
 -0.01213104  0.07978161  0.31727016 -0.03285758  0.15065096  0.13625716
  0.14154601  0.17749918 -0.004458    0.00281394 -0.11953331  0.30387574
  0.09073809 -0.30237263  0.21480359  0.27545804 -0.3063748   0.34424916]
----------------------------------------
dof_pos:
[ 0.01413132  0.04227658  0.1224453  -0.0873308  -0.13940246 -0.19199006
 -0.0640601   0.10659511  0.02793116  0.10537245 -0.03704395  0.16995633
  0.19374174 -0.28374738  0.5693277  -0.8320876  -1.1944083   0.26337826
  0.32119817  0.01084176 -0.00539228  0.00185088  0.00349442]
local_key_body_pos:
[-0.00406876  0.06428189 -0.07967056  0.00835687  0.1255087  -0.41450238
  0.01019429  0.13373508 -0.71433014 -0.01040263 -0.06435393 -0.08340403
  0.05211822 -0.1714646  -0.40993616  0.05155654 -0.21968918 -0.70594907
 -0.00423184  0.08144853  0.3172992  -0.02972875  0.15021937  0.13633022
  0.14352725  0.18187931 -0.00480294  0.00316114 -0.11844381  0.3050457
  0.08750606 -0.30391735  0.21796167  0.27760166 -0.31069735  0.33948246]
----------------------------------------
dof_pos:
[ 0.01413132  0.04227658  0.1224453  -0.08665153 -0.14005193 -0.19215742
 -0.06279794  0.10659511  0.02651442  0.10558304 -0.03672394  0.17342494
  0.19172944 -0.28088114  0.5714659  -0.82672405 -1.2012539   0.27668145
  0.30796257  0.01086167 -0.00535247  0.00184968  0.00354534]
local_key_body_pos:
[-0.0047483   0.06191388 -0.08171451 -0.00306276  0.12515531 -0.41825932
  0.01331761  0.13345546 -0.7174899  -0.00304085 -0.06678078 -0.0812071
  0.07003455 -0.17286131 -0.4047338   0.05190175 -0.219459   -0.70022434
 -0.00270618  0.07825264  0.31737396 -0.02738195  0.15971145  0.1398581
  0.14322945  0.17859991 -0.00639061 -0.00210131 -0.12147965  0.30176607
  0.09140165 -0.30364442  0.21822035  0.2815958  -0.32194477  0.33814713]
----------------------------------------
dof_pos:
[ 1.52115989e-02  4.16758731e-02  1.23257056e-01 -8.62336308e-02
 -1.40733629e-01 -1.92529052e-01 -6.13254011e-02  1.07758395e-01
  2.52462681e-02  1.04714967e-01 -3.64671685e-02  1.76444694e-01
  1.90843597e-01 -2.79690236e-01  5.73091090e-01 -8.18238974e-01
 -1.20522046e+00  2.89043784e-01  2.94695973e-01  8.68510921e-03
 -8.35068058e-03  3.25618661e-04 -3.25349881e-03]
local_key_body_pos:
[-5.5584935e-03  6.2239800e-02 -8.2043201e-02  3.1347759e-04
  1.2558463e-01 -4.1850531e-01  1.2154201e-02  1.3130954e-01
 -7.1748817e-01  1.0459085e-03 -6.6464931e-02 -8.0542855e-02
  7.3942967e-02 -1.7248987e-01 -4.0403703e-01  5.1925123e-02
 -2.1977915e-01 -6.9931370e-01 -3.5147890e-03  7.6723404e-02
  3.1804639e-01 -2.9765248e-02  1.6348314e-01  1.4224897e-01
  1.4146329e-01  1.7838019e-01 -3.9517945e-03 -4.8661148e-03
 -1.2291611e-01  3.0055624e-01  9.3894757e-02 -3.0285436e-01
  2.1830517e-01  2.8399864e-01 -3.3089459e-01  3.3669370e-01]
----------------------------------------
dof_pos:
[ 1.52115989e-02  4.16758731e-02  1.23257056e-01 -8.61335993e-02
 -1.40733629e-01 -1.92529052e-01 -6.13254011e-02  1.07758395e-01
  2.41595656e-02  1.02531351e-01 -3.62876728e-02  1.78917319e-01
  1.91332191e-01 -2.80543476e-01  5.74090004e-01 -8.05969179e-01
 -1.20567536e+00  3.00234646e-01  2.81381637e-01  8.70490447e-03
 -8.32987204e-03  3.30017181e-04 -3.22049204e-03]
local_key_body_pos:
[-0.00652803  0.06585234 -0.08027922  0.0217408   0.1269688  -0.41446784
  0.00576095  0.12688681 -0.7136291   0.00113684 -0.06280296 -0.08174855
  0.06076122 -0.16996129 -0.4088372   0.05155583 -0.22077072 -0.7042764
 -0.00717121  0.07722758  0.3194479  -0.03791923  0.16027555  0.14325252
  0.1379058   0.18189335  0.00339927 -0.00458359 -0.12240123  0.30187172
  0.09467667 -0.3014335   0.21817787  0.28445995 -0.3370408   0.33509627]
----------------------------------------
dof_pos:
[ 1.50094796e-02  4.19923849e-02  1.23608194e-01 -8.46595243e-02
 -1.40734285e-01 -1.92677096e-01 -6.04790561e-02  1.08483098e-01
  2.34868675e-02  9.96548608e-02 -3.64097282e-02  1.79133117e-01
  1.94179356e-01 -2.84473866e-01  5.74662566e-01 -7.91841567e-01
 -1.19606209e+00  3.05166155e-01  2.76045531e-01  5.52596478e-03
 -1.05939843e-02 -7.94807042e-04 -1.37463352e-02]
local_key_body_pos:
[-9.2127975e-03  6.4995661e-02 -8.1150070e-02  1.9806158e-02
  1.2637985e-01 -4.1589308e-01  8.0006691e-03  1.2900145e-01
 -7.1543461e-01 -3.0921313e-03 -6.3737527e-02 -8.1737354e-02
  5.3619809e-02 -1.7054525e-01 -4.0909079e-01  5.1349074e-02
 -2.2010884e-01 -7.0492864e-01 -7.8877052e-03  7.6942533e-02
  3.2026583e-01 -3.4534998e-02  1.5650293e-01  1.4278361e-01
  1.3874850e-01  1.8115175e-01  2.9017893e-04 -3.4123892e-03
 -1.2260332e-01  3.0204785e-01  9.3823984e-02 -3.0448171e-01
  2.2134784e-01  2.8689110e-01 -3.2493863e-01  3.3510911e-01]
----------------------------------------
dof_pos:
[ 0.01417793  0.04268735  0.1234532  -0.08286735 -0.14027625 -0.19243401
 -0.06049224  0.108629    0.02307486  0.09664693 -0.03668726  0.17868397
  0.19780448 -0.28956652  0.5747405  -0.77685714 -1.1822845   0.30695724
  0.27317485  0.00149167 -0.01201397 -0.001303   -0.02439279]
local_key_body_pos:
[-0.0118093   0.06283418 -0.08240253  0.01184182  0.12516141 -0.4183163
  0.01217407  0.1323918  -0.718229   -0.00691579 -0.06594156 -0.08134942
  0.04778602 -0.17171784 -0.40847796  0.05118713 -0.2191177  -0.70467865
 -0.00629561  0.07696991  0.32062632 -0.02947664  0.15209961  0.1419734
  0.13981645  0.1808399  -0.00435141 -0.00294997 -0.12241394  0.30248
  0.09183541 -0.306659    0.22416653  0.2884518  -0.31098145  0.33459714]
----------------------------------------
dof_pos:
[ 0.01324823  0.04398617  0.12246887 -0.08153676 -0.13913748 -0.19148876
 -0.06118175  0.10859419  0.02376968  0.09410211 -0.03751434  0.1779233
  0.202391   -0.29702353  0.57198155 -0.75896215 -1.1578015   0.29820037
  0.27224052  0.00145575 -0.01201713 -0.00131438 -0.02437293]
local_key_body_pos:
[-0.01017655  0.06012953 -0.08105518  0.00699383  0.12330069 -0.41690737
  0.01297714  0.13180937 -0.71670294  0.00128937 -0.06815797 -0.08065159
  0.03925636 -0.17085779 -0.410784    0.05102523 -0.21908168 -0.7065855
  0.00657808  0.08099011  0.31875336 -0.03577948  0.14412072  0.14165166
  0.1334398   0.19260398  0.00119518 -0.00967284 -0.1177863   0.30720726
  0.08468702 -0.29299074  0.21748823  0.27936316 -0.32096657  0.32678694]
----------------------------------------
dof_pos:
[ 0.01233178  0.04548041  0.12134729 -0.08078189 -0.13807265 -0.19051497
 -0.06201205  0.10843865  0.02455006  0.09164413 -0.03817304  0.17686649
  0.20707193 -0.30325344  0.56816584 -0.7413623  -1.1308376   0.2856366
  0.27163374 -0.00305399 -0.01280125 -0.0013788  -0.03044824]
local_key_body_pos:
[-0.00957399  0.06063954 -0.07950735  0.00631868  0.12345024 -0.41478926
  0.01437613  0.13142958 -0.71457356  0.003705   -0.06752578 -0.08060896
  0.04005433 -0.16993786 -0.4116023   0.05049773 -0.21880409 -0.70726144
  0.00836412  0.08375656  0.3181971  -0.03904016  0.14347279  0.14074537
  0.13213661  0.1932996   0.00314055 -0.00893483 -0.11510664  0.30981046
  0.08045143 -0.28805605  0.21245393  0.27519464 -0.32216594  0.32087475]
----------------------------------------
dof_pos:
[ 0.01143164  0.04721377  0.12006023 -0.08072811 -0.13709722 -0.18950543
 -0.06301376  0.1081348   0.02543481  0.08929201 -0.03862646  0.17544907
  0.21186793 -0.30798605  0.5630633  -0.7241031  -1.1008631   0.26847836
  0.27142796 -0.00310443 -0.01278763 -0.0013925  -0.03041945]
local_key_body_pos:
[-1.0227662e-02  6.5069675e-02 -7.7714965e-02  1.0732048e-02
  1.2605120e-01 -4.1180629e-01  1.6501887e-02  1.3129687e-01
 -7.1170849e-01 -9.3926839e-04 -6.3419864e-02 -8.1365287e-02
  5.2226882e-02 -1.6894491e-01 -4.1060638e-01  4.9524378e-02
 -2.1823186e-01 -7.0643628e-01 -3.3705430e-03  8.4994301e-02
  3.1924647e-01 -3.8591266e-02  1.5176451e-01  1.3912624e-01
  1.3702020e-01  1.8049790e-01  6.9451425e-04  9.0136169e-04
 -1.1480226e-01  3.0982363e-01  7.9767637e-02 -2.9377130e-01
  2.0942412e-01  2.7702573e-01 -3.1265163e-01  3.1727675e-01]
----------------------------------------
dof_pos:
[ 0.01034638  0.04899559  0.11918128 -0.08088183 -0.13682729 -0.18826549
 -0.06377301  0.10831679  0.0255321   0.08705606 -0.03894283  0.1750865
  0.2142986  -0.3091175   0.5587643  -0.7072813  -1.0718558   0.25204492
  0.26788622 -0.00764109 -0.01323469 -0.00135781 -0.02902792]
local_key_body_pos:
[-0.0046367   0.06902349 -0.07998933  0.009918    0.1293847  -0.4146615
  0.01617288  0.13409616 -0.71456766 -0.00905824 -0.05903499 -0.08322832
  0.05584902 -0.16878742 -0.40838748  0.04900784 -0.21720804 -0.7043803
 -0.01306047  0.0801522   0.31816876 -0.04052684  0.1508398   0.13794942
  0.13795543  0.18024874  0.00303086  0.00463166 -0.11870896  0.30395573
  0.08746612 -0.29887217  0.20648143  0.28414544 -0.29907244  0.31611335]
----------------------------------------
dof_pos:
[ 0.00926468  0.05071942  0.11844929 -0.08139516 -0.13685836 -0.1870065
 -0.06434881  0.10869741  0.02538304  0.0849     -0.03919943  0.17521635
  0.21581219 -0.30911586  0.554834   -0.690272   -1.044178    0.23710355
  0.26264894 -0.01191921 -0.01348207 -0.00144379 -0.0206437 ]
local_key_body_pos:
[ 0.00213153  0.07199693 -0.0828798   0.00980226  0.13232332 -0.41846496
  0.01499676  0.13746285 -0.7182801  -0.01666567 -0.05551087 -0.08500191
  0.05625708 -0.16890854 -0.40630907  0.04870951 -0.21610968 -0.7024733
 -0.02067766  0.07486514  0.3168588  -0.04329685  0.14787956  0.13722754
  0.13742661  0.18294728  0.00652743  0.00614251 -0.12280974  0.29762477
  0.09698395 -0.30204794  0.20394804  0.29304358 -0.28752878  0.3144308 ]
----------------------------------------
dof_pos:
[ 0.00859377  0.05190326  0.11797107 -0.08139516 -0.13769358 -0.18608633
 -0.06404784  0.10958094  0.02501398  0.08310655 -0.0392914   0.17686704
  0.21533611 -0.3080657   0.5520232  -0.6712883  -1.0248622   0.23161067
  0.25159568 -0.01193211 -0.01346903 -0.00145887 -0.02062511]
local_key_body_pos:
[ 0.00480322  0.0685792  -0.08196982  0.02578508  0.1307695  -0.41729265
  0.01253805  0.13901633 -0.71653795 -0.01321261 -0.05904458 -0.08380599
  0.05021313 -0.16939327 -0.4078253   0.04910585 -0.21538725 -0.70424205
 -0.01693436  0.07884317  0.3182135  -0.0473991   0.14871936  0.13901207
  0.13407022  0.18179023  0.00883382  0.00361552 -0.11963424  0.3000107
  0.10280187 -0.29200852  0.2043153   0.30435076 -0.29974017  0.3037922 ]
----------------------------------------
dof_pos:
[ 0.00744156  0.05266302  0.11779857 -0.0817126  -0.1395604  -0.18558785
 -0.06349818  0.11081905  0.0248461   0.08093596 -0.03893606  0.17816426
  0.21585713 -0.3067827   0.5496011  -0.6557888  -1.0116677   0.22905205
  0.2371294  -0.01565967 -0.01341641 -0.00163157 -0.00862979]
local_key_body_pos:
[ 0.00169369  0.06577188 -0.08118263  0.03209743  0.13036814 -0.41575593
  0.01115687  0.14076212 -0.7148261  -0.01126865 -0.06223277 -0.0833037
  0.04895737 -0.16980927 -0.40911835  0.05040837 -0.2153697  -0.70564055
 -0.01575687  0.08184896  0.3178214  -0.04459235  0.15337865  0.1382857
  0.13622056  0.1811912   0.00620763  0.00267656 -0.11711591  0.30303532
  0.10189925 -0.2869324   0.20441821  0.30801356 -0.29647923  0.2942276 ]
----------------------------------------
dof_pos:
[ 0.00570266  0.05290623  0.11799953 -0.08168957 -0.14268498 -0.18560338
 -0.0626453   0.11249061  0.02492384  0.07830691 -0.03803614  0.17903073
  0.21759363 -0.30521575  0.5476529  -0.6445242  -1.0059514   0.23006399
  0.21849659 -0.01563662 -0.01344057 -0.00165367 -0.00863214]
local_key_body_pos:
[-0.00846317  0.06370851 -0.08054506  0.02662201  0.1313716  -0.413775
  0.01108911  0.14274246 -0.7131513  -0.01116415 -0.06499994 -0.08364689
  0.05353825 -0.17014152 -0.4101395   0.05281557 -0.21621136 -0.7065878
 -0.01770699  0.08366975  0.3153001  -0.03336358  0.16269405  0.13449854
  0.14508362  0.18127237 -0.00243141  0.00367335 -0.11539856  0.30683857
  0.09280445 -0.28790617  0.20419884  0.30235824 -0.27435774  0.28597167]
----------------------------------------
dof_pos:
[ 0.00521544  0.0528933   0.1184335  -0.08238395 -0.14535472 -0.18551452
 -0.06152664  0.11350858  0.02466905  0.07761331 -0.03486478  0.17826736
  0.21814366 -0.30442485  0.5478018  -0.64057875 -1.0057895   0.24012452
  0.20311219 -0.01842007 -0.01290308 -0.00172296  0.0028756 ]
local_key_body_pos:
[-8.7084929e-03  6.1787415e-02 -8.0993071e-02  1.4825426e-02
  1.3166846e-01 -4.1565242e-01  1.5210487e-02  1.4257270e-01
 -7.1505463e-01 -5.6184819e-03 -6.6996545e-02 -8.2007989e-02
  4.2600770e-02 -1.6930860e-01 -4.1082776e-01  5.4108053e-02
 -2.1594447e-01 -7.0665973e-01 -1.5274610e-02  8.4058933e-02
  3.1548908e-01 -3.7053809e-02  1.6846959e-01  1.3663769e-01
  1.4196543e-01  1.7686304e-01 -3.9515737e-04  7.6545205e-04
 -1.1542043e-01  3.0660802e-01  9.6213102e-02 -2.8331709e-01
  2.0429128e-01  3.0595532e-01 -2.7163979e-01  2.8667164e-01]
----------------------------------------
dof_pos:
[ 0.00520085  0.05254623  0.11960751 -0.08325698 -0.14781858 -0.18536833
 -0.0603155   0.11414524  0.0242508   0.07762283 -0.03095922  0.17702301
  0.2182808  -0.30395126  0.54855597 -0.63990307 -1.0079508   0.25323087
  0.18936919 -0.01979877 -0.01173142 -0.00150943  0.01089256]
local_key_body_pos:
[-6.27585640e-03  6.03329055e-02 -8.16822350e-02  3.39977397e-03
  1.31207779e-01 -4.18194264e-01  1.98584162e-02  1.41563565e-01
 -7.17566371e-01 -1.80888281e-04 -6.83625415e-02 -8.04167613e-02
  3.17320265e-02 -1.68506503e-01 -4.11137164e-01  5.51014952e-02
 -2.15444639e-01 -7.06396043e-01 -1.15474956e-02  8.41384530e-02
  3.16208065e-01 -4.31139842e-02  1.72633633e-01  1.39758229e-01
  1.36596218e-01  1.71236262e-01  3.14567564e-03 -2.01941142e-03
 -1.15774035e-01  3.05464625e-01  1.01136491e-01 -2.78605580e-01
  2.03901842e-01  3.09973061e-01 -2.72169352e-01  2.88976669e-01]
----------------------------------------
dof_pos:
[ 0.00520085  0.05254623  0.11960751 -0.08399049 -0.1496793  -0.18501048
 -0.05896029  0.11396727  0.02329035  0.07890484 -0.02623327  0.17553847
  0.21777317 -0.3042584   0.55013615 -0.6488529  -1.0163352   0.27054387
  0.18112585 -0.01974702 -0.01181827 -0.0015098   0.01077035]
local_key_body_pos:
[-0.00423645  0.06209083 -0.08193649  0.0078489   0.12651506 -0.41774136
  0.01979117  0.13869642 -0.7172417  -0.00682203 -0.06658415 -0.08328802
  0.05351387 -0.170349   -0.4092881   0.05615575 -0.21548912 -0.70542186
 -0.00716136  0.08485486  0.31529832 -0.03609633  0.17201538  0.13798426
  0.1391149   0.16575406 -0.00410925  0.00420607 -0.11501974  0.30581236
  0.09155501 -0.28449225  0.19924387  0.297993   -0.25692856  0.2848014 ]
----------------------------------------
dof_pos:
[ 5.00710309e-03  5.21933734e-02  1.20806098e-01 -8.44458416e-02
 -1.51039615e-01 -1.85083285e-01 -5.78138009e-02  1.13070548e-01
  2.25537159e-02  8.01189169e-02 -2.25107390e-02  1.74252629e-01
  2.17925414e-01 -3.05469096e-01  5.51626325e-01 -6.60959601e-01
 -1.02767360e+00  2.85894632e-01  1.77700520e-01 -1.93305761e-02
 -1.00816404e-02 -9.14363656e-04  1.41342515e-02]
local_key_body_pos:
[-0.00824124  0.06129947 -0.08187934  0.01155353  0.12495726 -0.41661832
  0.0206762   0.13726583 -0.716233   -0.00762754 -0.06691289 -0.08386537
  0.06599477 -0.17100964 -0.40836504  0.0571137  -0.21573514 -0.7048878
 -0.00198954  0.0858906   0.3147935  -0.03095924  0.17125839  0.13683408
  0.14195359  0.1660104  -0.00811755  0.00714724 -0.11410318  0.30707228
  0.08553322 -0.2842927   0.19461401  0.2898738  -0.25555065  0.28437132]
----------------------------------------
dof_pos:
[ 5.0071031e-03  5.2193373e-02  1.2080610e-01 -8.4445842e-02
 -1.5103962e-01 -1.8508328e-01 -5.7813801e-02  1.1129970e-01
  2.2089873e-02  8.1250310e-02 -2.0011052e-02  1.7320877e-01
  2.1888161e-01 -3.0778059e-01  5.5300593e-01 -6.7688471e-01
 -1.0425487e+00  2.9882234e-01  1.8014450e-01 -1.9307069e-02
 -1.0126714e-02 -9.1286446e-04  1.4067886e-02]
local_key_body_pos:
[-0.01960992  0.05740217 -0.08144277  0.01435086  0.12721907 -0.41467884
  0.02272141  0.13758561 -0.7143907  -0.001323   -0.06980891 -0.08164785
  0.06714293 -0.17023027 -0.4085702   0.05795428 -0.21622674 -0.7048899
  0.00413925  0.08731534  0.31478202 -0.02811367  0.17033237  0.13644396
  0.14518197  0.17325836 -0.00817004  0.00608671 -0.11298902  0.30944353
  0.0838488  -0.27667788  0.1900187   0.286459   -0.27106303  0.28850433]
----------------------------------------
dof_pos:
[ 3.3380911e-03  5.1973369e-02  1.2155524e-01 -8.4267966e-02
 -1.5168101e-01 -1.8570893e-01 -5.7875350e-02  1.1009354e-01
  2.1932611e-02  8.2627021e-02 -1.8770346e-02  1.7117746e-01
  2.1890327e-01 -3.1203341e-01  5.5395591e-01 -6.9681275e-01
 -1.0567207e+00  3.0433384e-01  1.9465271e-01 -1.6966417e-02
 -8.0958763e-03  8.4247004e-05  1.3114725e-02]
local_key_body_pos:
[-2.0512505e-02  5.8813751e-02 -8.0170274e-02  2.1744693e-02
  1.2870839e-01 -4.1205746e-01  1.6557038e-02  1.3442576e-01
 -7.1159780e-01 -1.6504826e-04 -6.8452671e-02 -8.1021257e-02
  6.4398274e-02 -1.6956227e-01 -4.0893903e-01  5.6905206e-02
 -2.1971846e-01 -7.0459646e-01  6.9918935e-03  8.6929202e-02
  3.1640160e-01 -2.5785632e-02  1.6303237e-01  1.3711083e-01
  1.4409542e-01  1.7640322e-01 -1.0624608e-02  1.0925005e-03
 -1.1319943e-01  3.1016144e-01  8.2222387e-02 -2.7533746e-01
  1.9190335e-01  2.8445530e-01 -2.7106458e-01  2.9211670e-01]
----------------------------------------
dof_pos:
[ 0.00143254  0.05178739  0.12189551 -0.08398278 -0.15193059 -0.18610138
 -0.05858207  0.10897345  0.02190058  0.0841347  -0.01811109  0.16880077
  0.21857    -0.31666178  0.55450946 -0.7179582  -1.070449    0.3063281
  0.21432006 -0.01283046 -0.0065635   0.00143657  0.00872722]
local_key_body_pos:
[-0.01790149  0.06171781 -0.07905369  0.029171    0.12975922 -0.41006228
  0.01004998  0.13101968 -0.7094292  -0.00078645 -0.06594787 -0.08097026
  0.06127124 -0.16937059 -0.40907454  0.05581188 -0.2229399  -0.7041916
  0.00742199  0.08580299  0.3181604  -0.02376068  0.15500014  0.13787298
  0.142497    0.17784615 -0.01314663 -0.00353773 -0.11399633  0.3096571
  0.08268722 -0.27657616  0.19573066  0.2852204  -0.26977432  0.2950667 ]
----------------------------------------
dof_pos:
[-0.00158291  0.05163414  0.12160229 -0.08375381 -0.1514765  -0.18641056
 -0.06065     0.10732646  0.02217315  0.08611041 -0.01921429  0.16587715
  0.21750595 -0.32009506  0.55297273 -0.7397841  -1.0824964   0.2973417
  0.2477061  -0.01287471 -0.00647997  0.00141976  0.00860169]
local_key_body_pos:
[-0.01053984  0.06485518 -0.08083571  0.02733873  0.12911373 -0.41417918
  0.0179389   0.13295716 -0.713914   -0.00413143 -0.06360804 -0.0819532
  0.06331953 -0.17252527 -0.40711993  0.05829191 -0.21793023 -0.7035607
 -0.00356674  0.08286306  0.31759283 -0.02294271  0.15464623  0.13716549
  0.14597334  0.17498958 -0.01120977  0.00269634 -0.11645889  0.30339298
  0.09873381 -0.28421265  0.20075041  0.3038585  -0.2908398   0.2941181 ]
----------------------------------------
dof_pos:
[-0.00397266  0.05143465  0.12105618 -0.0842136  -0.15013933 -0.18673249
 -0.06297652  0.10573126  0.02251647  0.08833205 -0.02112905  0.16373779
  0.21592747 -0.323242    0.5508913  -0.75945455 -1.0949625   0.28696722
  0.28309447 -0.007494   -0.00644355  0.00287309  0.00197144]
local_key_body_pos:
[-0.00623544  0.06514274 -0.08155484  0.02314641  0.12776475 -0.41622978
  0.02319706  0.13481954 -0.7160667  -0.00615113 -0.06375042 -0.0827702
  0.06339201 -0.1739716  -0.4069516   0.05907268 -0.21569905 -0.70401037
 -0.00629373  0.08222093  0.31594363 -0.02310899  0.15447855  0.13520283
  0.1484007   0.17615601 -0.009906    0.00517484 -0.11717065  0.3012495
  0.10469405 -0.2880853   0.20434588  0.31001967 -0.30366713  0.29679614]
----------------------------------------
dof_pos:
[-0.00397266  0.05143465  0.12105618 -0.08551295 -0.14772679 -0.18707007
 -0.06561805  0.10419907  0.02294627  0.09085448 -0.02403255  0.16255373
  0.21372268 -0.3260406   0.54814786 -0.7764595  -1.1079308   0.27490747
  0.32091707 -0.00754688 -0.00638188  0.00287232  0.0019917 ]
local_key_body_pos:
[-0.00565396  0.06195981 -0.08097959  0.01607983  0.125559   -0.4157641
  0.02525173  0.13659056 -0.71537954 -0.006557   -0.06691565 -0.08338515
  0.06105834 -0.17333753 -0.40895855  0.05778413 -0.21685143 -0.705776
  0.00104032  0.08437703  0.3129772  -0.02447391  0.1545376   0.13171151
  0.1495507   0.18222174 -0.00937314  0.00307992 -0.11575032  0.30412406
  0.09837142 -0.28737465  0.20620704  0.30098677 -0.30646262  0.30389088]
----------------------------------------
dof_pos:
[-0.00478665  0.05116721  0.11992228 -0.08649629 -0.14501274 -0.18739374
 -0.06785563  0.10319401  0.02264736  0.09282092 -0.02391885  0.16023535
  0.21161422 -0.3259346   0.5443108  -0.7879342  -1.1213769   0.25863
  0.33757502 -0.00173983 -0.00867451  0.00395762 -0.00536105]
local_key_body_pos:
[-3.4728860e-03  5.9705399e-02 -8.0935188e-02  2.1317994e-02
  1.2488231e-01 -4.1574854e-01  2.3844371e-02  1.3646235e-01
 -7.1538520e-01 -7.2592665e-03 -6.9094390e-02 -8.2929626e-02
  5.5067368e-02 -1.7360863e-01 -4.0951127e-01  5.5795942e-02
 -2.1723798e-01 -7.0630395e-01 -1.1370226e-04  8.4957078e-02
  3.1275678e-01 -2.7807467e-02  1.6009539e-01  1.3240767e-01
  1.4948696e-01  1.7786857e-01 -5.6874920e-03  3.7453577e-03
 -1.1525314e-01  3.0524629e-01  9.7791567e-02 -2.8800824e-01
  2.0776276e-01  2.9792947e-01 -3.2027155e-01  3.0625343e-01]
----------------------------------------
dof_pos:
[-0.00431988  0.05139322  0.11871214 -0.08742454 -0.14236717 -0.18763702
 -0.06986794  0.10232679  0.02223304  0.09445611 -0.02326296  0.15830602
  0.20927148 -0.3248263   0.5404284  -0.79588526 -1.1347699   0.2421768
  0.3456757   0.00358757 -0.01308667  0.00429269 -0.01204319]
local_key_body_pos:
[-0.002176    0.05858826 -0.08123944  0.02802869  0.12504998 -0.41602427
  0.0220911   0.1360599  -0.7157395  -0.00810658 -0.07013547 -0.08246946
  0.05057029 -0.1743678  -0.4093533   0.05369279 -0.21676444 -0.70624065
 -0.00346926  0.08455504  0.31357822 -0.03088155  0.16549149  0.1344122
  0.14915077  0.17101526 -0.00170076  0.00563115 -0.11544291  0.30527863
  0.09818207 -0.29050878  0.20935448  0.2959666  -0.3328788   0.30858564]
----------------------------------------
dof_pos:
[-0.00431988  0.05139322  0.11871214 -0.08858868 -0.14085457 -0.18730432
 -0.07102464  0.10232679  0.02245824  0.09476181 -0.02476775  0.16163343
  0.20497282 -0.32219818  0.5384506  -0.7893668  -1.1475301   0.23358817
  0.3332639   0.00354862 -0.01309894  0.00428765 -0.0120707 ]
local_key_body_pos:
[-0.01081096  0.06408508 -0.08306357  0.02039831  0.12839587 -0.41755617
  0.0248858   0.13751902 -0.7172792  -0.00943068 -0.06467928 -0.08418311
  0.06482254 -0.17692034 -0.40686512  0.05217005 -0.21141948 -0.70429516
 -0.00582532  0.08003853  0.31654853 -0.02794884  0.15833154  0.13759145
  0.14927553  0.1669039  -0.00195925  0.01097555 -0.11888039  0.30075186
  0.09400162 -0.30423945  0.21184683  0.28988263 -0.31375378  0.320455  ]
----------------------------------------
dof_pos:
[-0.00297577  0.05239592  0.11855708 -0.08958936 -0.13907771 -0.18647812
 -0.07139833  0.10127908  0.02225114  0.09417108 -0.02678179  0.16565497
  0.20084375 -0.32024273  0.53937805 -0.7804233  -1.1592343   0.23238735
  0.32323548  0.00776549 -0.01831761  0.00398098 -0.01632465]
local_key_body_pos:
[-0.01148771  0.06723726 -0.08352371  0.01717147  0.13055375 -0.418103
  0.02514685  0.13906586 -0.717863   -0.00849299 -0.0615661  -0.08470211
  0.0714355  -0.17562799 -0.40603364  0.0509142  -0.21008246 -0.70326394
 -0.0062409   0.07804327  0.3178259  -0.0302883   0.15333316  0.13935368
  0.14460456  0.16798568 -0.00248246  0.01170436 -0.12054329  0.2981401
  0.09180291 -0.3097002   0.2119565   0.28520977 -0.3085661   0.32772797]
----------------------------------------
dof_pos:
[-0.001208    0.05378222  0.11923964 -0.08958936 -0.13697903 -0.18505095
 -0.0708188   0.10127908  0.02151794  0.09248961 -0.0294156   0.1705218
  0.19692104 -0.31910622  0.54384124 -0.7685373  -1.1696535   0.2401962
  0.31609958  0.00778672 -0.01831407  0.0039558  -0.01626055]
local_key_body_pos:
[-0.00247765  0.06753536 -0.08232355  0.01930481  0.13126545 -0.41745076
  0.02232391  0.14071944 -0.7172834  -0.00480228 -0.06130503 -0.08376692
  0.06874953 -0.16965571 -0.40721866  0.04998329 -0.21362397 -0.70334536
 -0.00429449  0.07911696  0.31704262 -0.03904495  0.15096608  0.13939096
  0.13409647  0.17538849 -0.00332787  0.00681501 -0.12004606  0.29785943
  0.09201652 -0.30509436  0.20916602  0.28225482 -0.32034323  0.32940578]
----------------------------------------
dof_pos:
[ 7.44046993e-04  5.49626797e-02  1.19654156e-01 -8.92702416e-02
 -1.35622457e-01 -1.83798134e-01 -6.91774935e-02  1.00205183e-01
  2.00067051e-02  9.01029184e-02 -3.12891603e-02  1.73624620e-01
  1.95206314e-01 -3.18113536e-01  5.49430847e-01 -7.62263715e-01
 -1.17102695e+00  2.52489328e-01  3.12085181e-01  1.07897064e-02
 -2.24595200e-02  3.63311986e-03 -1.72633957e-02]
local_key_body_pos:
[ 0.00168905  0.06463548 -0.08158589  0.01784133  0.12980051 -0.4171757
  0.02044695  0.1432578  -0.71684456 -0.00795927 -0.06373279 -0.08278351
  0.05075293 -0.16852763 -0.40908802  0.05054225 -0.21316501 -0.705128
 -0.01045633  0.0815988   0.3170316  -0.03596471  0.1580688   0.1385516
  0.13774246  0.17147069 -0.00436637  0.00879697 -0.11698843  0.30130404
  0.09687467 -0.30339575  0.21784002  0.29287136 -0.3226799   0.32732072]
----------------------------------------
dof_pos:
[ 0.00293821  0.05654404  0.11990951 -0.08812869 -0.13458243 -0.18263638
 -0.0672421   0.10008319  0.01855067  0.08742601 -0.03275872  0.17586432
  0.19442788 -0.31764218  0.5553298  -0.75757676 -1.1690888   0.26494312
  0.3086016   0.01307088 -0.02426068  0.00396972 -0.01621259]
local_key_body_pos:
[ 0.00312445  0.06123678 -0.08098366  0.01585671  0.12806566 -0.41683087
  0.01839575  0.14522123 -0.7163179  -0.01192029 -0.06665886 -0.08189386
  0.0329318  -0.16863461 -0.41082904  0.05131344 -0.21183412 -0.7070665
 -0.01650663  0.0842535   0.31715667 -0.03003975  0.1670163   0.13766396
  0.14410086  0.16483341 -0.00594761  0.01106325 -0.11371928  0.30556986
  0.10097109 -0.30156514  0.22695963  0.3033529  -0.3227075   0.32451132]
----------------------------------------
dof_pos:
[ 0.00293821  0.05654404  0.11990951 -0.08492063 -0.1343864  -0.1817984
 -0.0652893   0.10091338  0.01911016  0.08402459 -0.03276627  0.17527227
  0.1961221  -0.32078806  0.5612344  -0.7533096  -1.1611459   0.2694239
  0.30269364  0.01318318 -0.02420314  0.00394956 -0.01614907]
local_key_body_pos:
[-0.00593256  0.06068719 -0.08044369  0.0173754   0.12879145 -0.41518584
  0.0130902   0.14105359 -0.7148426  -0.00780168 -0.06778088 -0.08180621
  0.04796334 -0.1680192  -0.41019887  0.05060624 -0.2122091  -0.70666766
 -0.00501938  0.08530316  0.3167109  -0.02717802  0.17028232  0.1382204
  0.14163136  0.16113453 -0.01119854  0.00130653 -0.1141391   0.3083164
  0.08979189 -0.29275727  0.2158038   0.28486753 -0.3248759   0.32402402]
----------------------------------------
dof_pos:
[ 0.0037936   0.0571438   0.11988413 -0.08217193 -0.13374871 -0.18115777
 -0.06391709  0.10083478  0.01987634  0.08077838 -0.03329621  0.17608495
  0.19729199 -0.32590547  0.5656876  -0.7472847  -1.1516263   0.27071095
  0.29372227  0.01580938 -0.02359192  0.00509539 -0.0155988 ]
local_key_body_pos:
[-0.01290955  0.06038046 -0.08018162  0.02069142  0.12991099 -0.41355717
  0.0096208   0.13972954 -0.71316046 -0.00598144 -0.06829863 -0.08197223
  0.05703335 -0.16778603 -0.40996182  0.05012109 -0.21276796 -0.706496
  0.00113325  0.08598682  0.3161255  -0.02521038  0.17302334  0.13826135
  0.14002495  0.16128117 -0.01512306 -0.0020885  -0.11428152  0.30962184
  0.08242795 -0.2896047   0.2092747   0.2739122  -0.32045865  0.32421112]
----------------------------------------
dof_pos:
[ 0.0037936   0.0571438   0.11988413 -0.07998227 -0.13257383 -0.1807576
 -0.06325144  0.10083478  0.02089368  0.07771986 -0.03446119  0.17860816
  0.19782409 -0.33342418  0.56837183 -0.73913854 -1.1402092   0.26812804
  0.28102413  0.01587189 -0.02355387  0.00507709 -0.01562995]
local_key_body_pos:
[-0.0173553   0.06036922 -0.08025771  0.02619413  0.13150957 -0.4119485
  0.00838571  0.14186546 -0.7112267  -0.0069578  -0.06808112 -0.0824469
  0.05884924 -0.16801792 -0.41020313  0.04990616 -0.2135505  -0.7066007
  0.0007947   0.08622511  0.31537035 -0.02433071  0.17512545  0.1376751
  0.13946873  0.16610684 -0.01743347  0.00225714 -0.11408642  0.30917376
  0.07970656 -0.29333332  0.2083754   0.27211958 -0.30802873  0.3252188 ]
----------------------------------------
dof_pos:
[ 0.00411023  0.05761589  0.11935751 -0.07865642 -0.13098973 -0.18032426
 -0.06317189  0.09876484  0.01957331  0.07418633 -0.03369007  0.18043604
  0.1972631  -0.33907977  0.56970775 -0.73071146 -1.1243056   0.26003757
  0.25636774  0.01975636 -0.0215998   0.00659113 -0.01811769]
local_key_body_pos:
[-0.01393967  0.05978709 -0.08145829  0.02176415  0.13007674 -0.41450047
  0.01290876  0.14279327 -0.71389747 -0.00970417 -0.06882603 -0.08312778
  0.0656977  -0.16787472 -0.4081676   0.04889746 -0.21241838 -0.7042694
 -0.00237838  0.08579535  0.31477815 -0.02591289  0.17108628  0.13595939
  0.14016083  0.17005527 -0.01673234  0.00208542 -0.11446548  0.30821162
  0.07964776 -0.29465008  0.20847169  0.27318138 -0.3035475   0.3243624 ]
----------------------------------------
dof_pos:
[ 0.00427593  0.05842959  0.11794928 -0.0777197  -0.12930463 -0.17991138
 -0.06308596  0.09680543  0.01742776  0.07025338 -0.0331834   0.1831003
  0.19622672 -0.34416837  0.57062036 -0.7213981  -1.1055549   0.2504715
  0.22699875  0.02512588 -0.01957341  0.00788663 -0.02563133]
local_key_body_pos:
[-0.00799172  0.05962234 -0.0828661   0.01502502  0.12821946 -0.41783953
  0.01787658  0.14328665 -0.7174569  -0.01268351 -0.06912057 -0.08402327
  0.07219417 -0.16788793 -0.4060265   0.04783617 -0.21078447 -0.7019356
 -0.00702993  0.08544019  0.3141592  -0.02889549  0.16584797  0.1339279
  0.1407875   0.17289466 -0.01478505  0.00073807 -0.11467658  0.30708113
  0.08175332 -0.29469576  0.20960794  0.27715302 -0.30286044  0.32193407]
----------------------------------------
dof_pos:
[ 0.00427593  0.05842959  0.11794928 -0.07791739 -0.12770186 -0.17971446
 -0.06174554  0.09483556  0.01391432  0.06431421 -0.03863857  0.19346721
  0.19389579 -0.34886208  0.571149   -0.70589477 -1.0744247   0.2409607
  0.18705021  0.02512588 -0.01957341  0.00788663 -0.02563133]
local_key_body_pos:
[ 7.43573997e-04  6.37551248e-02 -8.35125819e-02  1.14275254e-02
  1.29418865e-01 -4.18513596e-01  1.43325645e-02  1.43012315e-01
 -7.18199492e-01 -1.37662105e-02 -6.40654340e-02 -8.61005783e-02
  6.57067746e-02 -1.69842720e-01 -4.07777190e-01  4.80137169e-02
 -2.09332198e-01 -7.04591513e-01 -1.69170313e-02  8.70169103e-02
  3.13005328e-01 -3.72964591e-02  1.64263189e-01  1.31855994e-01
  1.38357818e-01  1.69235855e-01 -9.70367342e-03 -1.19894656e-04
 -1.12450033e-01  3.05747956e-01  9.45824459e-02 -2.90186971e-01
  2.16480479e-01  2.97032595e-01 -3.14227611e-01  3.11574817e-01]
----------------------------------------
dof_pos:
[ 0.00481399  0.05902871  0.11666524 -0.07850137 -0.1262292  -0.17929123
 -0.06010472  0.09281006  0.00943725  0.05722592 -0.04380538  0.20430715
  0.19214585 -0.3534977   0.57200927 -0.6923645  -1.0396367   0.23086555
  0.14570138  0.03128121 -0.01811915  0.00866133 -0.03941929]
local_key_body_pos:
[ 0.00130762  0.06568637 -0.08366248  0.0124419   0.13050824 -0.41874015
  0.01210699  0.1427599  -0.7184509  -0.01398817 -0.06204921 -0.08596529
  0.06174852 -0.17003131 -0.40800852  0.04814558 -0.20944017 -0.70509225
 -0.01873417  0.08732922  0.31372064 -0.03907095  0.16064663  0.13210806
  0.13585524  0.16537492 -0.01019    -0.00228759 -0.11203391  0.30504146
  0.09708065 -0.28742033  0.2161966   0.29992425 -0.30719006  0.30988148]
----------------------------------------
dof_pos:
[ 0.00539202  0.05957792  0.11573029 -0.0795529  -0.12491491 -0.178593
 -0.05809861  0.09071551  0.00378777  0.04873762 -0.04861996  0.21572372
  0.1911042  -0.35806456  0.573274   -0.6811764  -1.0003991   0.22005369
  0.10268379  0.03128979 -0.01809201  0.00868707 -0.03922664]
local_key_body_pos:
[-0.00806587  0.06494029 -0.08320846  0.0190651   0.13146392 -0.41842258
  0.01148476  0.14253412 -0.7181048  -0.01316335 -0.06372872 -0.08313914
  0.06086591 -0.16807188 -0.40639207  0.04822189 -0.21144557 -0.70297205
 -0.01073701  0.0861038   0.31670925 -0.03278664  0.15455894  0.13518645
  0.13326389  0.16126798 -0.01744759 -0.00604825 -0.11381953  0.30509707
  0.08701486 -0.28677228  0.20720935  0.28215614 -0.27776906  0.31872725]
----------------------------------------
dof_pos:
[ 0.00743365  0.06028916  0.11550607 -0.08047643 -0.1232766  -0.17748737
 -0.05529836  0.08932769 -0.0028875   0.03854992 -0.05383919  0.22856079
  0.19132474 -0.36327964  0.57890666 -0.67057264 -0.9595232   0.21154846
  0.06217354  0.03722081 -0.01688656  0.00894538 -0.05898185]
local_key_body_pos:
[-0.01386885  0.06379844 -0.08224854  0.01753605  0.1322273  -0.4166717
  0.01054311  0.14261843 -0.7164116  -0.00250837 -0.06370134 -0.08175582
  0.06098069 -0.16544008 -0.408271    0.04721786 -0.21340492 -0.70407134
 -0.00259302  0.08753434  0.31669354 -0.03802741  0.15392746  0.13784185
  0.12652387  0.16202372 -0.01652785 -0.01790953 -0.11119916  0.30729395
  0.08613156 -0.2734837   0.21087068  0.28590047 -0.27172437  0.3140678 ]
----------------------------------------
dof_pos:
[ 0.01003874  0.06121358  0.1155694  -0.08124149 -0.12154528 -0.17614608
 -0.0521852   0.08760805 -0.00986897  0.02789686 -0.05901452  0.2418192
  0.19197817 -0.36876622  0.58550304 -0.65979105 -0.91793555  0.20443727
  0.02327077  0.04205054 -0.01522115  0.00889581 -0.08218783]
local_key_body_pos:
[-0.01842012  0.062359   -0.08105309  0.01423957  0.13279852 -0.41444618
  0.00878011  0.14258155 -0.71423     0.00851782 -0.06368621 -0.08081914
  0.06043676 -0.16310252 -0.41081223  0.04605797 -0.21476404 -0.7059679
  0.00352608  0.09017498  0.3156843  -0.04493706  0.15556237  0.13926959
  0.11958139  0.16326702 -0.01504685 -0.0297596  -0.10728649  0.31004083
  0.08736131 -0.25820652  0.21651272  0.29332995 -0.26974857  0.30776024]
----------------------------------------
dof_pos:
[ 0.01385345  0.06340115  0.11632674 -0.08109344 -0.11978526 -0.1738826
 -0.04836124  0.08760805 -0.01703819  0.01724981 -0.06303769  0.2552946
  0.19329956 -0.37498066  0.5903365  -0.6471251  -0.8743047   0.20304401
 -0.00915885  0.0421841  -0.01489358  0.00881767 -0.08203375]
local_key_body_pos:
[-0.02094396  0.05950621 -0.07913469  0.01446127  0.13232793 -0.4116128
  0.00153102  0.14100197 -0.7111603   0.00214607 -0.06726632 -0.08025973
  0.0529203  -0.16434383 -0.4111312   0.04594978 -0.21173042 -0.7072166
 -0.0057927   0.09641223  0.313413   -0.04067011  0.16294292  0.13238768
  0.11963794  0.1581743  -0.02615411 -0.02490299 -0.10275438  0.3125061
  0.08554137 -0.25400174  0.2110025   0.2841568  -0.2502091   0.31684917]
----------------------------------------
dof_pos:
[ 0.0186654   0.06586502  0.11749279 -0.08057666 -0.11773141 -0.17093562
 -0.04417074  0.08722349 -0.02478824  0.00594954 -0.06740498  0.2687305
  0.19546153 -0.38195616  0.597051   -0.631752   -0.8301073   0.20580128
 -0.03705324  0.04546808 -0.01181569  0.00851048 -0.10477743]
local_key_body_pos:
[-0.01600933  0.06048747 -0.07883498  0.01149025  0.1329363  -0.4114183
 -0.00182505  0.1423767  -0.71091366 -0.00381701 -0.0669894  -0.08153087
  0.05229496 -0.16520488 -0.41113022  0.04506085 -0.2083958  -0.7078264
 -0.0155509   0.09977022  0.31127554 -0.04199592  0.1643359   0.12724538
  0.11788262  0.15793343 -0.03175171 -0.01605871 -0.09986343  0.31232712
  0.08919407 -0.25288695  0.20496425  0.28090248 -0.23487371  0.32223776]
----------------------------------------
dof_pos:
[ 0.02468947  0.06866491  0.11915611 -0.07961172 -0.11532068 -0.16715822
 -0.03953507  0.08785221 -0.03324356 -0.00614366 -0.07219016  0.28211877
  0.19864842 -0.38986084  0.60605145 -0.613111   -0.78517884  0.2135479
 -0.05945181  0.04562872 -0.01131645  0.00832733 -0.10516308]
local_key_body_pos:
[-2.00871704e-03  6.61292300e-02 -8.05029199e-02  4.63844882e-03
  1.34856224e-01 -4.14431423e-01 -4.48730250e-04  1.47342518e-01
 -7.14098394e-01 -9.28300340e-03 -6.20240346e-02 -8.50270987e-02
  6.00462630e-02 -1.65603682e-01 -4.10740346e-01  4.32229154e-02
 -2.04695508e-01 -7.07659304e-01 -2.58426666e-02  9.96281356e-02
  3.09300959e-01 -5.01200370e-02  1.58450484e-01  1.24217995e-01
  1.13924988e-01  1.63590312e-01 -3.06516532e-02 -2.36766250e-03
 -9.89675894e-02  3.08933854e-01  9.94988680e-02 -2.55528241e-01
  1.98284522e-01  2.84843057e-01 -2.24649578e-01  3.23128015e-01]
----------------------------------------
dof_pos:
[ 0.03204866  0.0713627   0.12227386 -0.07974863 -0.11371578 -0.16316739
 -0.03474716  0.08920661 -0.0405339  -0.01618418 -0.07698961  0.29398003
  0.20224276 -0.3993439   0.6166104  -0.5904687  -0.744239    0.229109
 -0.07428684  0.04692785 -0.00639286  0.00776085 -0.12365004]
local_key_body_pos:
[-0.00341736  0.06629866 -0.08110324  0.00947447  0.1366925  -0.41518468
 -0.00765374  0.15288989 -0.7138892  -0.01345878 -0.06213646 -0.08519557
  0.06120589 -0.16547328 -0.40955555  0.040804   -0.20396298 -0.70638156
 -0.03086885  0.10236506  0.30804437 -0.05186577  0.15742642  0.12142935
  0.11045624  0.16530748 -0.03524756 -0.00156408 -0.09582579  0.31162876
  0.09838691 -0.24772441  0.19504574  0.2893207  -0.22243012  0.31183806]
----------------------------------------
dof_pos:
[ 3.9823309e-02  7.4057460e-02  1.2577996e-01 -8.0129899e-02
 -1.1226880e-01 -1.5911387e-01 -2.9936161e-02  9.0635344e-02
 -4.7269013e-02 -2.5552882e-02 -8.1732489e-02  3.0505031e-01
  2.0628695e-01 -4.0937808e-01  6.2734032e-01 -5.6735200e-01
 -7.0515108e-01  2.4578373e-01 -8.5545912e-02  4.5830302e-02
  2.1375112e-04  6.8017612e-03 -1.3516885e-01]
local_key_body_pos:
[-0.008296    0.06514154 -0.0813121   0.01636311  0.13831155 -0.41518435
 -0.01683696  0.15825233 -0.71267545 -0.01700001 -0.06341866 -0.0846755
  0.06071622 -0.16503257 -0.40846545  0.03858605 -0.20390013 -0.7051228
 -0.03373464  0.10583749  0.30684635 -0.0529824   0.15844278  0.11890139
  0.10647646  0.164612   -0.0406483  -0.00413355 -0.09219046  0.315584
  0.09423183 -0.23754685  0.19269882  0.29339263 -0.22100987  0.2976577 ]
----------------------------------------
dof_pos:
[ 0.04795866  0.0769407   0.12921086 -0.08007751 -0.11035058 -0.15502864
 -0.02526327  0.09112099 -0.05225134 -0.03410524 -0.08604562  0.3133197
  0.2128681  -0.42029688  0.6361638  -0.54921746 -0.6719561   0.25582147
 -0.08569556  0.04584749  0.00094194  0.00662168 -0.13509774]
local_key_body_pos:
[-0.00752004  0.06528851 -0.08078472  0.01463521  0.13847932 -0.41418558
 -0.02321029  0.16104022 -0.71091294 -0.01844433 -0.06303389 -0.08583049
  0.06141324 -0.16335866 -0.40971103  0.03905977 -0.2027585  -0.7062812
 -0.03125305  0.10890312  0.30461523 -0.06246612  0.16473712  0.11783184
  0.09768099  0.1539712  -0.04038926 -0.0054909  -0.08947191  0.3164779
  0.09074047 -0.23104396  0.18996397  0.29333332 -0.20916143  0.28684932]
----------------------------------------
dof_pos:
[ 0.05631764  0.07954112  0.1326922  -0.07971664 -0.10799707 -0.15094183
 -0.02080758  0.09133798 -0.05770041 -0.04184045 -0.09064388  0.32059696
  0.21972878 -0.43097404  0.6449412  -0.5320763  -0.6425145   0.26717204
 -0.08125839  0.04191613  0.008775    0.00505678 -0.13879205]
local_key_body_pos:
[-0.00744002  0.06373183 -0.08077872  0.00361101  0.13716243 -0.41490725
 -0.02557552  0.1608641  -0.7119809  -0.01049202 -0.06415895 -0.08435163
  0.05988636 -0.16120864 -0.41029212  0.03697221 -0.20151561 -0.7066953
 -0.0227671   0.10925337  0.30472136 -0.06488313  0.16734138  0.12050156
  0.09165943  0.15191063 -0.04101237 -0.01202906 -0.08937773  0.31688708
  0.08318503 -0.22347146  0.18602681  0.28462714 -0.19727537  0.28399336]
----------------------------------------
dof_pos:
[ 0.06494849  0.08179785  0.13623486 -0.07898067 -0.10511498 -0.14685324
 -0.01661547  0.09122874 -0.06371724 -0.04858294 -0.09558944  0.3266657
  0.22692892 -0.44135615  0.6536608  -0.5161744  -0.6176348   0.28016624
 -0.07127206  0.04179084  0.00944504  0.00488383 -0.1393717 ]
local_key_body_pos:
[-0.00820556  0.06010517 -0.08140615 -0.01870865  0.1340416  -0.41771933
 -0.02307107  0.15708672 -0.7164879   0.00887748 -0.0671185  -0.07967258
  0.05565736 -0.15848008 -0.4100659   0.03177264 -0.20014963 -0.7062051
 -0.00698547  0.10630444  0.30766723 -0.05871427  0.16546239  0.1277146
  0.08900785  0.1602749  -0.04270729 -0.02486217 -0.09247216  0.31670734
  0.07069141 -0.21459906  0.18062863  0.26541466 -0.18534301  0.29079944]
----------------------------------------
dof_pos:
[ 0.07317351  0.08406943  0.14028724 -0.07970211 -0.10375967 -0.1428539
 -0.01209958  0.09205882 -0.06902417 -0.0555209  -0.10061487  0.33050597
  0.2352255  -0.44909644  0.66001046 -0.5018136  -0.6016131   0.29195157
 -0.0579619   0.03508678  0.01758695  0.00279933 -0.13451825]
local_key_body_pos:
[-0.0070265   0.06015589 -0.08061348 -0.0138622   0.13479403 -0.41653353
 -0.02704843  0.15516065 -0.7151714   0.00536563 -0.06776558 -0.08009092
  0.04955525 -0.1598672  -0.4114443   0.03218671 -0.19726959 -0.7084801
 -0.01611716  0.11007687  0.30596435 -0.06240883  0.17175925  0.12362103
  0.09283195  0.15942973 -0.03891099 -0.02288292 -0.08891865  0.31893766
  0.07269298 -0.21353933  0.18401694  0.27325523 -0.17851728  0.279366  ]
----------------------------------------
dof_pos:
[ 8.1339233e-02  8.6292252e-02  1.4451006e-01 -8.1064843e-02
 -1.0282200e-01 -1.3900986e-01 -7.6254997e-03  9.3070142e-02
 -7.4058831e-02 -6.2130094e-02 -1.0556118e-01  3.3337367e-01
  2.4361844e-01 -4.5595130e-01  6.6556174e-01 -4.8911241e-01
 -5.8940226e-01  3.0299118e-01 -4.3143421e-02  2.6423985e-02
  2.5250813e-02  5.1141222e-04 -1.2163409e-01]
local_key_body_pos:
[-0.00541298  0.06071671 -0.07961625 -0.0027371   0.13650282 -0.41458115
 -0.03305537  0.15460402 -0.71246517 -0.00304348 -0.0681485  -0.08157004
  0.04481174 -0.16193572 -0.41279233  0.03374761 -0.19403471 -0.71083975
 -0.03032499  0.11513988  0.3030774  -0.06747748  0.18008345  0.11698595
  0.09773202  0.15640375 -0.0350071  -0.01735123 -0.08402001  0.32143566
  0.07717574 -0.2141036   0.18833603  0.28588566 -0.17412375  0.2645285 ]
----------------------------------------
dof_pos:
[ 8.98947939e-02  8.81274641e-02  1.48972481e-01 -8.42329562e-02
 -1.01876870e-01 -1.36138007e-01 -4.12107026e-03  9.35244486e-02
 -7.85156041e-02 -6.58859387e-02 -1.09756574e-01  3.33565891e-01
  2.50472486e-01 -4.61623788e-01  6.70063436e-01 -4.85439897e-01
 -5.87327600e-01  3.10985923e-01 -2.37961095e-02  2.60561947e-02
  2.56304685e-02  4.95126355e-04 -1.21605173e-01]
local_key_body_pos:
[-4.5349039e-03  5.7562239e-02 -7.9996921e-02 -3.2896688e-04
  1.3742520e-01 -4.1508549e-01 -4.0948518e-02  1.6047597e-01
 -7.1129996e-01 -1.1928726e-03 -7.1290188e-02 -8.0538169e-02
  5.4031216e-02 -1.6067141e-01 -4.1063255e-01  3.2383427e-02
 -1.9124752e-01 -7.0817626e-01 -3.1454187e-02  1.1608635e-01
  3.0086374e-01 -6.2626593e-02  1.8681392e-01  1.1451265e-01
  9.7417071e-02  1.5594250e-01 -4.1528944e-02 -1.5610516e-02
 -8.2680926e-02  3.2100284e-01  7.0524886e-02 -2.1080457e-01
  1.8163097e-01  2.7892497e-01 -1.7742772e-01  2.6159364e-01]
----------------------------------------
dof_pos:
[ 0.09743786  0.08942684  0.15315568 -0.08755255 -0.10156576 -0.13351144
 -0.00085719  0.0940486  -0.08280867 -0.06916633 -0.11381815  0.33329254
  0.2563661  -0.46667162  0.67392147 -0.48676354 -0.5876715   0.31757665
 -0.00249117  0.01655597  0.03186086 -0.0013648  -0.10211581]
local_key_body_pos:
[-0.0053799   0.05626804 -0.08008205 -0.00527222  0.1376327  -0.41528288
 -0.044457    0.16257933 -0.7114408   0.00099637 -0.07241225 -0.07988086
  0.06239245 -0.15914074 -0.409171    0.031916   -0.19056895 -0.7059141
 -0.02555102  0.11537182  0.30106133 -0.05931591  0.19159381  0.11694388
  0.09263384  0.15814349 -0.04621973 -0.01948833 -0.08310086  0.32087225
  0.06337328 -0.20784488  0.17836554  0.27156192 -0.18024725  0.26116586]
----------------------------------------
dof_pos:
[ 0.10374958  0.09007499  0.15699895 -0.09105531 -0.10202353 -0.13118143
  0.00211459  0.0946563  -0.08690289 -0.07186923 -0.11771744  0.33245412
  0.26109043 -0.4709591   0.6769981  -0.49416205 -0.5909568   0.32246792
  0.02119811  0.01617955  0.03205541 -0.00132277 -0.10172344]
local_key_body_pos:
[-0.00831734  0.05723301 -0.07980826 -0.01914267  0.13697204 -0.41510752
 -0.04264058  0.16010599 -0.7131676   0.00359674 -0.07108162 -0.0796785
  0.06971098 -0.15728661 -0.4085574   0.0325376  -0.1924511  -0.7041396
 -0.01110811  0.11264022  0.3041871  -0.05787586  0.19400465  0.125331
  0.08242463  0.16357735 -0.04868663 -0.03018903 -0.08565693  0.32110876
  0.05561394 -0.20529748  0.17927739  0.26371068 -0.18247828  0.2637826 ]
----------------------------------------
dof_pos:
[ 0.10837586  0.09010016  0.15970832 -0.09229789 -0.10197192 -0.12955192
  0.00466767  0.09489694 -0.0902993  -0.07388442 -0.1222197   0.3315558
  0.26436275 -0.47600904  0.6794634  -0.50593585 -0.5937012   0.3280548
  0.0427377   0.00739336  0.03626809 -0.00240411 -0.07829476]
local_key_body_pos:
[-6.0661091e-03  6.1024144e-02 -7.9686612e-02 -1.7866047e-02
  1.3754866e-01 -4.1448721e-01 -4.7184259e-02  1.5801686e-01
 -7.1218878e-01 -4.8211170e-04 -6.7486361e-02 -8.1372254e-02
  6.5167546e-02 -1.5576802e-01 -4.1038042e-01  2.9690254e-02
 -1.9468428e-01 -7.0569742e-01 -1.9069588e-02  1.1405604e-01
  3.0259168e-01 -6.0167886e-02  1.9174664e-01  1.2118471e-01
  9.0733938e-02  1.6212435e-01 -4.3031476e-02 -3.1191612e-02
 -8.4883258e-02  3.1920445e-01  5.8514535e-02 -2.1241668e-01
  1.8438089e-01  2.6956114e-01 -1.8812831e-01  2.6009354e-01]
----------------------------------------
dof_pos:
[ 1.1241165e-01  8.9936748e-02  1.6208343e-01 -9.2823364e-02
 -1.0171546e-01 -1.2819792e-01  6.9673262e-03  9.4911367e-02
 -9.3292035e-02 -7.5611703e-02 -1.2648828e-01  3.2972813e-01
  2.6743662e-01 -4.8106116e-01  6.8197620e-01 -5.1984733e-01
 -5.9594417e-01  3.3304977e-01  6.2817805e-02  6.4854388e-04
  3.8199928e-02 -2.7128677e-03 -5.4394830e-02]
local_key_body_pos:
[-0.00280506  0.06498113 -0.07964578 -0.01330083  0.1383762  -0.4138893
 -0.05271332  0.15635067 -0.71075463 -0.00534725 -0.06384141 -0.08325995
  0.05727336 -0.1547761  -0.41268957  0.0269997  -0.19652721 -0.7081657
 -0.03093519  0.11638795  0.30020982 -0.0629352   0.18933593  0.11491142
  0.1018165   0.15874746 -0.03629508 -0.02945736 -0.08331517  0.3171669
  0.06396883 -0.22042328  0.18968073  0.2777449  -0.1926717   0.256518  ]
----------------------------------------
dof_pos:
[ 1.15487501e-01  8.96415189e-02  1.64284125e-01 -9.26214084e-02
 -1.00971885e-01 -1.27466604e-01  8.23306013e-03  9.40021500e-02
 -9.47034806e-02 -7.66001791e-02 -1.27787247e-01  3.21116447e-01
  2.72004426e-01 -4.84585464e-01  6.86188996e-01 -5.40757418e-01
 -5.95652282e-01  3.32226247e-01  7.63669610e-02  3.73573304e-04
  3.82067375e-02 -2.66860169e-03 -5.45922555e-02]
local_key_body_pos:
[-0.00261108  0.06440407 -0.07989651 -0.01514997  0.13854754 -0.41436654
 -0.05260155  0.15705197 -0.7114499  -0.00243626 -0.0644497  -0.08272175
  0.04862343 -0.15702441 -0.41364664  0.03256005 -0.19474487 -0.7106147
 -0.02615718  0.11707993  0.30160466 -0.06162527  0.19531935  0.11837374
  0.09576041  0.15509197 -0.03808227 -0.02712505 -0.08262438  0.31850722
  0.06669253 -0.21530807  0.18788618  0.27534446 -0.18198685  0.2666623 ]
----------------------------------------
dof_pos:
[ 0.11757372  0.08881026  0.16543761 -0.09195101 -0.10076111 -0.12722914
  0.00965072  0.09343811 -0.09543148 -0.07747661 -0.12980253  0.31450465
  0.27519512 -0.48772675  0.6884492  -0.56335384 -0.59337705  0.3307849
  0.08782555 -0.0033604   0.03772823 -0.00250264 -0.03414487]
local_key_body_pos:
[-0.00272983  0.06359076 -0.08005518 -0.01619129  0.13822779 -0.41476107
 -0.05232366  0.15655519 -0.71202165  0.00133369 -0.06516995 -0.0822324
  0.04238784 -0.15802462 -0.4144709   0.03567854 -0.19417456 -0.7122065
 -0.02398797  0.11854929  0.30180275 -0.05926922  0.1950204   0.11823229
  0.09401448  0.1562827  -0.04254254 -0.02735552 -0.08102109  0.3198488
  0.06748784 -0.20805983  0.18647657  0.27424258 -0.1851683   0.27139336]
----------------------------------------
dof_pos:
[ 0.11845832  0.08732852  0.16531982 -0.09071123 -0.10119683 -0.12759091
  0.01125277  0.09329328 -0.09532992 -0.07821719 -0.13268772  0.31032225
  0.27671486 -0.49040443  0.6883375  -0.58793896 -0.58863443  0.32856205
  0.09673208 -0.00355615  0.03771102 -0.00249133 -0.03408031]
local_key_body_pos:
[-0.0032282   0.06249072 -0.08010209 -0.01625195  0.13731192 -0.41505504
 -0.05184413  0.15460406 -0.7124434   0.00614615 -0.06602603 -0.08180238
  0.03908345 -0.15750967 -0.41513398  0.03583261 -0.19507554 -0.7127577
 -0.02498577  0.12096223  0.30054808 -0.05564336  0.18709512  0.1137161
  0.09750088  0.16335632 -0.05024748 -0.03069698 -0.07831017  0.3211918
  0.06594219 -0.1982226   0.1855343   0.27471715 -0.20518222  0.26955292]
----------------------------------------
dof_pos:
[ 0.11860412  0.08544026  0.16509792 -0.08944716 -0.10203461 -0.12822504
  0.01249061  0.0934163  -0.09502858 -0.07959294 -0.13697334  0.3071831
  0.27883416 -0.48901537  0.68680054 -0.6205974  -0.57849735  0.3163252
  0.10852514 -0.00412802  0.03524352 -0.0022218  -0.0198934 ]
local_key_body_pos:
[-0.00559156  0.05809493 -0.08037299 -0.01855854  0.13453917 -0.4161232
 -0.05231091  0.15325111 -0.71363014  0.00658531 -0.07020119 -0.07992172
  0.04254867 -0.15876669 -0.41263673  0.03481739 -0.1938777  -0.710419
 -0.01358019  0.12091339  0.2994213  -0.05230342  0.18358625  0.11429295
  0.09718452  0.16570406 -0.05384829 -0.03906071 -0.07542901  0.3226953
  0.06479149 -0.19583692  0.19649106  0.27527007 -0.19632876  0.27693748]
----------------------------------------
dof_pos:
[ 0.11918776  0.08299191  0.16484708 -0.08828557 -0.10273935 -0.12883848
  0.01364252  0.09344365 -0.09465145 -0.08093069 -0.1415521   0.30479172
  0.28055996 -0.48708782  0.68492126 -0.6535744  -0.56710404  0.3045507
  0.12037962 -0.00229421  0.03156816 -0.00198821 -0.01252553]
local_key_body_pos:
[-0.00789182  0.05407342 -0.08042908 -0.02102399  0.13203754 -0.4168497
 -0.05278382  0.1522663  -0.714485    0.00645504 -0.07399382 -0.07812537
  0.04803562 -0.15999176 -0.4099837   0.03378749 -0.19276011 -0.7078361
 -0.00162874  0.12073527  0.2980515  -0.04963474  0.18212841  0.11523871
  0.09650008  0.16705601 -0.05616393 -0.04653982 -0.07269371  0.32401216
  0.06329945 -0.19758356  0.20911089  0.27387393 -0.18062341  0.2876037 ]
----------------------------------------
dof_pos:
[ 0.11918776  0.08299191  0.16484708 -0.0879399  -0.10163269 -0.12874061
  0.01489613  0.09220246 -0.09411654 -0.08068851 -0.14545207  0.30584088
  0.27814183 -0.4894435   0.68342996 -0.6727692  -0.5580242   0.3171045
  0.12676956 -0.00237283  0.03156302 -0.00197765 -0.01249823]
local_key_body_pos:
[-0.0059209   0.0595553  -0.07842979 -0.02009407  0.13533886 -0.413455
 -0.05137377  0.1528031  -0.71131027  0.01099821 -0.06817424 -0.07991324
  0.05477352 -0.15736753 -0.4126114   0.03503142 -0.19651733 -0.70932555
 -0.0108944   0.12461141  0.29461235 -0.0513809   0.18693784  0.10855156
  0.10082525  0.17062579 -0.05727592 -0.0371971  -0.07139195  0.32361138
  0.05846261 -0.21490282  0.20985627  0.25781098 -0.17274953  0.3038931 ]
----------------------------------------
dof_pos:
[ 0.12061455  0.08219773  0.16493927 -0.0873412  -0.10042582 -0.12863377
  0.01595737  0.09122442 -0.09340432 -0.08068419 -0.14923112  0.30704466
  0.27658537 -0.49056646  0.68206    -0.6932557  -0.54814374  0.3246331
  0.1352146   0.00070993  0.02755696 -0.00176375 -0.01003978]
local_key_body_pos:
[-0.00552128  0.06145451 -0.07783424 -0.01848978  0.13629803 -0.41238695
 -0.05141827  0.1520134  -0.71015316  0.01158868 -0.06625587 -0.08067016
  0.06163096 -0.15736824 -0.41276515  0.03316249 -0.19641924 -0.70865005
 -0.01637675  0.12616974  0.29375604 -0.05295768  0.1886465   0.10617678
  0.10237204  0.16911465 -0.05645106 -0.03534183 -0.07106708  0.32351783
  0.06047212 -0.21587113  0.21002595  0.25676554 -0.17039481  0.31021726]
----------------------------------------
dof_pos:
[ 1.2061455e-01  8.2197726e-02  1.6493927e-01 -8.6434580e-02
 -9.9098377e-02 -1.2851736e-01  1.6785447e-02  9.0565458e-02
 -9.2476949e-02 -8.0968559e-02 -1.5286361e-01  3.0843604e-01
  2.7607492e-01 -4.9019364e-01  6.8083870e-01 -7.1531302e-01
 -5.3730685e-01  3.2604846e-01  1.4619030e-01  6.4295880e-04
  2.7559308e-02 -1.7527752e-03 -1.0048738e-02]
local_key_body_pos:
[-0.00702817  0.05900675 -0.07894187 -0.01606717  0.13441534 -0.41414195
 -0.05322766  0.14961416 -0.711444    0.00738315 -0.06907096 -0.08017622
  0.06863376 -0.16055393 -0.40991706  0.02751644 -0.19164328 -0.70534754
 -0.01726884  0.12491582  0.2960336  -0.05432904  0.18659289  0.1090343
  0.10054774  0.16143845 -0.05327605 -0.04257141 -0.07192751  0.32379705
  0.07078877 -0.197       0.20949708  0.2739416  -0.17473663  0.3044504 ]
----------------------------------------
dof_pos:
[ 0.12155966  0.08179417  0.16534606 -0.08396865 -0.09815325 -0.12850618
  0.01730172  0.09095962 -0.09195405 -0.08212822 -0.15633515  0.3100296
  0.27725145 -0.4877665   0.6795435  -0.738241   -0.5271803   0.32015723
  0.16293752  0.00380973  0.02381664 -0.00155191 -0.0098768 ]
local_key_body_pos:
[-0.00408849  0.05823235 -0.0796157  -0.01716483  0.13332331 -0.41492876
 -0.05444815  0.15073225 -0.7120925   0.00350109 -0.07027572 -0.08009963
  0.05383581 -0.16117945 -0.41081387  0.02772469 -0.19241288 -0.7074455
 -0.03120157  0.12613082  0.29537418 -0.05254761  0.18510674  0.10577059
  0.10472651  0.15926337 -0.05409659 -0.036625   -0.07077979  0.32466805
  0.08065607 -0.1965025   0.21114308  0.2836785  -0.17272425  0.30672985]
----------------------------------------
dof_pos:
[ 0.12191189  0.08146067  0.16562688 -0.08104376 -0.09727957 -0.12853937
  0.01768702  0.09164554 -0.09130745 -0.08292751 -0.15908967  0.31161028
  0.2786728  -0.48483106  0.67838985 -0.7596593  -0.51864916  0.31434023
  0.18171528  0.00634773  0.02048603 -0.00138954 -0.01008498]
local_key_body_pos:
[-1.15693198e-03  5.83359487e-02 -8.01125169e-02 -1.93645470e-02
  1.32807702e-01 -4.15400952e-01 -5.54984063e-02  1.52583882e-01
 -7.12567091e-01 -1.37428637e-04 -7.05540255e-02 -8.02038908e-02
  3.55514325e-02 -1.60946533e-01 -4.12554532e-01  2.91931964e-02
 -1.94655642e-01 -7.10593104e-01 -4.59510759e-02  1.27410546e-01
  2.94351667e-01 -5.04841171e-02  1.83927104e-01  1.01912186e-01
  1.09235555e-01  1.58633396e-01 -5.56340031e-02 -2.87078135e-02
 -6.98384494e-02  3.25012684e-01  8.98282677e-02 -2.00180709e-01
  2.13066116e-01  2.90158123e-01 -1.68353036e-01  3.11995089e-01]
----------------------------------------
dof_pos:
[ 0.12360252  0.0811348   0.1655946  -0.07787734 -0.09547387 -0.12869915
  0.01808252  0.09235769 -0.09130745 -0.08292751 -0.15908967  0.31268576
  0.2784846  -0.4822938   0.6784476  -0.7683614  -0.5209133   0.3242154
  0.20379134  0.00628345  0.02050495 -0.00140244 -0.01021398]
local_key_body_pos:
[-0.00733115  0.06156344 -0.08017594 -0.02259752  0.13496915 -0.41550338
 -0.05648132  0.1527344  -0.7130546  -0.00262468 -0.06721988 -0.0808038
  0.03568963 -0.15953918 -0.41295147  0.02812236 -0.1965704  -0.710558
 -0.04024863  0.12414892  0.29660442 -0.05273682  0.18387154  0.1060839
  0.1039888   0.15829964 -0.05437342 -0.03294011 -0.07451686  0.32023948
  0.09475016 -0.1975277   0.21262535  0.28755546 -0.15936849  0.32309347]
----------------------------------------
dof_pos:
[ 0.1258622   0.08101071  0.16614611 -0.0745381  -0.09348454 -0.12850474
  0.01864775  0.09329481 -0.09105709 -0.08181112 -0.15761016  0.31413004
  0.27820846 -0.47924766  0.6783963  -0.7748645  -0.5270487   0.33631748
  0.22824524  0.0078752   0.01746132 -0.00139898 -0.00959988]
local_key_body_pos:
[-0.01056913  0.06323873 -0.07986598 -0.02143324  0.13635331 -0.41516015
 -0.059668    0.15041652 -0.7122175  -0.00367531 -0.06547327 -0.08110961
  0.03471624 -0.1584799  -0.41348332  0.02706846 -0.19762328 -0.71082854
 -0.03028565  0.12256593  0.2990819  -0.0530255   0.182186    0.11060835
  0.09955168  0.15975645 -0.05409238 -0.03726016 -0.07623981  0.3187978
  0.0923722  -0.19556268  0.21201555  0.27897868 -0.15106311  0.33087158]
----------------------------------------
dof_pos:
[ 0.12881215  0.0811315   0.167406   -0.07099014 -0.09127234 -0.12788044
  0.01941872  0.09450341 -0.09113113 -0.08030257 -0.15492907  0.31602165
  0.27782604 -0.4755852   0.678213   -0.7786976  -0.53789663  0.3511292
  0.25555858  0.00778233  0.01750119 -0.00142028 -0.00968227]
local_key_body_pos:
[-0.01024596  0.06303148 -0.07910322 -0.01493622  0.13679473 -0.4142764
 -0.06552711  0.1451052  -0.70977414 -0.00298361 -0.06565209 -0.08105873
  0.03239483 -0.15784281 -0.41417876  0.02603517 -0.19763085 -0.7114696
 -0.01515626  0.12301883  0.30183172 -0.05093228  0.17852378  0.11556034
  0.09609667  0.16338475 -0.05499931 -0.04168638 -0.07437841  0.32139662
  0.0811414  -0.19443214  0.21120074  0.26315728 -0.14358193  0.33462265]
----------------------------------------
dof_pos:
[ 0.13189323  0.08131678  0.16897146 -0.06761199 -0.08944324 -0.1272228
  0.02003593  0.09580041 -0.09115575 -0.07847977 -0.15227938  0.31792635
  0.27757502 -0.4705678   0.67858404 -0.77863544 -0.5565175   0.36827216
  0.28377742  0.00829915  0.01458722 -0.0016362  -0.00725709]
local_key_body_pos:
[-0.00324962  0.06356835 -0.08032069 -0.02677873  0.13325657 -0.4146967
 -0.06763986  0.14623585 -0.71126807  0.00140819 -0.06521056 -0.08125119
  0.03624843 -0.1577436  -0.41388685  0.02483542 -0.19637245 -0.7111238
 -0.01783798  0.12363367  0.30166745 -0.04935277  0.17664541  0.11436145
  0.09589091  0.16525133 -0.0580984  -0.04106899 -0.07438526  0.3205467
  0.08034192 -0.19831684  0.21087947  0.262151   -0.14075066  0.3315323 ]
----------------------------------------
dof_pos:
[ 0.13487425  0.08148282  0.17065299 -0.06418645 -0.0871858  -0.12646383
  0.02058909  0.09716474 -0.09108587 -0.07652581 -0.14968768  0.31978035
  0.27729395 -0.46518326  0.6791286  -0.7771454  -0.57776064  0.38568583
  0.3108882   0.00768014  0.01175019 -0.00195928 -0.00310335]
local_key_body_pos:
[ 0.0031637   0.06389252 -0.08163659 -0.03977308  0.1297021  -0.41523185
 -0.06891739  0.1485948  -0.71310794  0.00597911 -0.06490924 -0.08141882
  0.04124126 -0.15763319 -0.41345635  0.02357282 -0.19508341 -0.7105916
 -0.02386708  0.12401981  0.3008443  -0.04813132  0.17700475  0.11215957
  0.09656229  0.1665269  -0.06074619 -0.0392388  -0.07494982  0.31932056
  0.08210535 -0.2027934   0.21088511  0.2656486  -0.14098544  0.326687  ]
----------------------------------------
dof_pos:
[ 0.13684256  0.08137479  0.17257416 -0.06006778 -0.0871858  -0.12646383
  0.02058909  0.09884945 -0.09041418 -0.07423552 -0.14746226  0.32123885
  0.27652755 -0.45982543  0.6798584  -0.7736761  -0.60287875  0.4004421
  0.32848212  0.00760297  0.01179653 -0.00198169 -0.00295377]
local_key_body_pos:
[-0.00830363  0.06112624 -0.07966232 -0.02408181  0.13410756 -0.41397238
 -0.07159802  0.14699557 -0.7095226   0.00436606 -0.0669087  -0.08090794
  0.04215524 -0.15634759 -0.41400176  0.02218197 -0.19613741 -0.7106785
 -0.0185911   0.1223786   0.30104494 -0.04852637  0.19036007  0.11499792
  0.09715042  0.1669898  -0.05559073 -0.03864251 -0.07586288  0.32230282
  0.08172265 -0.20148084  0.21231627  0.27251315 -0.154549    0.32270053]
----------------------------------------
dof_pos:
[ 0.1377762   0.08115669  0.17400305 -0.05543875 -0.08573066 -0.1262695
  0.02070888  0.10023183 -0.08941222 -0.07246286 -0.14553015  0.32313204
  0.2751339  -0.4562636   0.6807555  -0.7681195  -0.6233251   0.4119944
  0.3370183   0.00601355  0.00905351 -0.00216188  0.00192044]
local_key_body_pos:
[-0.01308604  0.06069313 -0.07921956 -0.01582432  0.1364969  -0.41378328
 -0.07440247  0.14829229 -0.70775557 -0.00089882 -0.06724053 -0.08180146
  0.04806324 -0.156035   -0.41357595  0.01971145 -0.19748099 -0.7091194
 -0.01929359  0.1218778   0.30023727 -0.04883588  0.19293892  0.11414493
  0.09807248  0.16719137 -0.05517384 -0.03546162 -0.0762946   0.32318008
  0.08280683 -0.2057966   0.21398917  0.27989608 -0.16437083  0.3153969 ]
----------------------------------------
dof_pos:
[ 0.1377762   0.08115669  0.17400305 -0.05019077 -0.08573066 -0.1262695
  0.02070888  0.10124814 -0.08801053 -0.07131805 -0.14395458  0.3255528
  0.27297974 -0.45487705  0.68185693 -0.76011896 -0.63811094  0.4196685
  0.3346476   0.00598171  0.00907131 -0.00217553  0.00189352]
local_key_body_pos:
[-0.00976532  0.06308825 -0.08063325 -0.01657756  0.13644248 -0.4148916
 -0.07735719  0.15309954 -0.7081926  -0.01059065 -0.06555088 -0.08439742
  0.0600252  -0.1569019  -0.41197294  0.01593202 -0.19917566 -0.7055648
 -0.02724314  0.12275936  0.29820734 -0.04904171  0.1824548   0.10881727
  0.09939937  0.16707619 -0.06050096 -0.02914754 -0.07614285  0.3215057
  0.08566916 -0.21693517  0.21595511  0.28790772 -0.1696575   0.30407202]
----------------------------------------
dof_pos:
[ 0.13627037  0.08108166  0.17402701 -0.04620733 -0.08505761 -0.12629344
  0.02028313  0.10227942 -0.08639055 -0.07121137 -0.14173292  0.3276951
  0.2712449  -0.4547276   0.68107474 -0.75871074 -0.6384376   0.41502342
  0.3218297   0.0039324   0.00641724 -0.0019973   0.00616636]
local_key_body_pos:
[-0.00842609  0.06165478 -0.08081278 -0.01343277  0.13714653 -0.4155624
 -0.07727349  0.1510554  -0.70833063 -0.00457836 -0.06691538 -0.08303344
  0.0558714  -0.15694493 -0.4123315   0.01703095 -0.19798023 -0.706824
 -0.02282375  0.12158425  0.2996779  -0.04879835  0.18039927  0.11132576
  0.09779349  0.16853648 -0.05994249 -0.03596331 -0.07668446  0.32099095
  0.08120854 -0.21659905  0.21876466  0.28779292 -0.17542303  0.29941982]
----------------------------------------
dof_pos:
[ 0.13440847  0.08114798  0.17347546 -0.04275967 -0.08528611 -0.12637605
  0.0197667   0.10323492 -0.08481739 -0.07149905 -0.1396335   0.32991478
  0.26957202 -0.45468804  0.679909   -0.76026076 -0.6334746   0.40596235
  0.30639654  0.00212557  0.00383114 -0.00147612  0.00896003]
local_key_body_pos:
[-0.00785185  0.05929092 -0.08052245 -0.00982585  0.13795668 -0.41587576
 -0.07648177  0.14820856 -0.70819986  0.00493786 -0.0689603  -0.08072414
  0.04776432 -0.15692094 -0.41307145  0.01928716 -0.19645053 -0.70908904
 -0.01623395  0.12044293  0.30136484 -0.04853929  0.18210562  0.11492997
  0.09587272  0.16952465 -0.05797176 -0.04392605 -0.07698274  0.32115164
  0.0751215  -0.21398793  0.22084337  0.28439012 -0.18050869  0.29827017]
----------------------------------------
dof_pos:
[ 0.1315863   0.08091404  0.17215785 -0.04072259 -0.08684575 -0.1266907
  0.01962463  0.10442793 -0.08403331 -0.07260901 -0.13974999  0.33327577
  0.26751068 -0.45295972  0.67972374 -0.77029467 -0.61852     0.38904533
  0.29303807  0.00213558  0.00382583 -0.00147545  0.00899333]
local_key_body_pos:
[-0.00893607  0.05778423 -0.07924788 -0.01069029  0.13801667 -0.41442484
 -0.07659585  0.15329358 -0.7066806   0.00862004 -0.06986307 -0.0794277
  0.0429925  -0.1580696  -0.41266513  0.02024117 -0.19829866 -0.70905954
 -0.01861196  0.12372062  0.29756182 -0.04907414  0.19463594  0.11078034
  0.09755997  0.16381699 -0.05745333 -0.03378669 -0.07407056  0.32397258
  0.07180976 -0.2177577   0.21579099  0.27306542 -0.17958209  0.309578  ]
----------------------------------------
dof_pos:
[ 0.12889099  0.08067288  0.17072998 -0.03972486 -0.0883835  -0.1269393
  0.01950075  0.10494477 -0.08363165 -0.07346167 -0.14040254  0.33748293
  0.26515973 -0.45152426  0.67891794 -0.78210956 -0.6035938   0.37268656
  0.28194526  0.00115093  0.00126054 -0.00083786  0.00980345]
local_key_body_pos:
[-0.00398763  0.05880228 -0.08029757 -0.01857734  0.13614786 -0.41420454
 -0.07503183  0.1542978  -0.707912    0.00438485 -0.06836727 -0.08068223
  0.04041274 -0.15869324 -0.41293907  0.02240064 -0.19905926 -0.70966315
 -0.02428746  0.12480944  0.2954064  -0.05304611  0.1985572   0.10816334
  0.09809174  0.16479926 -0.05560333 -0.02740593 -0.07344502  0.32317147
  0.07546559 -0.21993186  0.21297395  0.2713631  -0.1755558   0.31588715]
----------------------------------------
dof_pos:
[ 0.12634929  0.08042297  0.16916847 -0.03998643 -0.08989532 -0.12710872
  0.01939905  0.10464314 -0.08369347 -0.07400271 -0.14170489  0.3427163
  0.26245773 -0.45044386  0.6773607  -0.79611105 -0.5887082   0.3570013
  0.27360684  0.00115554  0.00125769 -0.00083579  0.00988379]
local_key_body_pos:
[ 0.00827095  0.06287965 -0.08416364 -0.03497421  0.13194174 -0.4154754
 -0.07143435  0.15035728 -0.7124766  -0.00944419 -0.06396497 -0.08502789
  0.04048901 -0.15868075 -0.41403735  0.02602088 -0.19850212 -0.7110339
 -0.03395886  0.12324607  0.29524723 -0.06118308  0.19204688  0.10740332
  0.09722339  0.17388785 -0.05213975 -0.02557923 -0.07559026  0.3179813
  0.08756433 -0.22017272  0.21286544  0.28132033 -0.16777335  0.31613958]
----------------------------------------
dof_pos:
[ 1.23704955e-01  7.99412057e-02  1.67908758e-01 -4.02138680e-02
 -9.16135535e-02 -1.27420828e-01  1.95951872e-02  1.04209803e-01
 -8.38479847e-02 -7.44640008e-02 -1.43308491e-01  3.49134713e-01
  2.59564668e-01 -4.50022846e-01  6.75509274e-01 -8.07570100e-01
 -5.75943410e-01  3.47388268e-01  2.68140525e-01  1.07438373e-03
 -1.22591876e-03 -3.66814958e-04  8.50024261e-03]
local_key_body_pos:
[ 7.06649851e-04  6.27804101e-02 -8.35952610e-02 -2.32752226e-02
  1.34022251e-01 -4.16348606e-01 -6.84682578e-02  1.49501026e-01
 -7.12186337e-01 -1.16492826e-02 -6.49914593e-02 -8.49932879e-02
  4.71559092e-02 -1.58934385e-01 -4.13265646e-01  2.60228422e-02
 -1.97804868e-01 -7.09889412e-01 -2.86789574e-02  1.21774897e-01
  2.97159255e-01 -6.34118617e-02  1.93201512e-01  1.11874886e-01
  9.58338752e-02  1.68598011e-01 -4.59246933e-02 -3.00154984e-02
 -7.71721303e-02  3.17715704e-01  8.90168622e-02 -2.16767132e-01
  2.15168625e-01  2.79435456e-01 -1.59090772e-01  3.21720839e-01]
----------------------------------------
dof_pos:
[ 1.21131919e-01  7.94038102e-02  1.66888162e-01 -4.10364494e-02
 -9.34126005e-02 -1.27764612e-01  1.99271012e-02  1.03415854e-01
 -8.40357020e-02 -7.50205144e-02 -1.45298332e-01  3.55359077e-01
  2.56967843e-01 -4.49844778e-01  6.73782706e-01 -8.17944765e-01
 -5.64612329e-01  3.40501815e-01  2.64443129e-01  1.57393480e-03
 -3.40252463e-03 -2.15594351e-04  5.24127716e-03]
local_key_body_pos:
[-0.01000384  0.06172533 -0.0819333  -0.0092335   0.13684309 -0.41678658
 -0.06609549  0.14940019 -0.710893   -0.00944353 -0.06714456 -0.08371788
  0.05387939 -0.15922862 -0.41224447  0.02528766 -0.19712245 -0.70845824
 -0.02027173  0.12078727  0.29935694 -0.06432571  0.1958899   0.11719325
  0.09397473  0.16087234 -0.03991689 -0.03622581 -0.07805575  0.31850645
  0.0876011  -0.21141854  0.21772312  0.27468342 -0.15225106  0.32897168]
----------------------------------------
dof_pos:
[ 1.19291708e-01  7.89220706e-02  1.67026892e-01 -4.10364494e-02
 -9.53915268e-02 -1.28052041e-01  2.06622798e-02  1.03415854e-01
 -8.40357020e-02 -7.50205144e-02 -1.45298332e-01  3.57742071e-01
  2.56958961e-01 -4.50136900e-01  6.73575640e-01 -8.25262249e-01
 -5.59475839e-01  3.41454715e-01  2.68289745e-01  1.57693459e-03
 -3.40142334e-03 -2.11017177e-04  5.28516108e-03]
local_key_body_pos:
[-0.0039161   0.06203867 -0.08114053 -0.03468852  0.13242793 -0.4148032
 -0.06684121  0.14865577 -0.71199113  0.00192877 -0.06666088 -0.08211086
  0.04768557 -0.15928522 -0.4131581   0.02641191 -0.19683316 -0.7099921
 -0.01894332  0.12319645  0.29948124 -0.06745206  0.19443344  0.11820136
  0.0896888   0.16419154 -0.04101171 -0.04291148 -0.07490474  0.3171599
  0.08647342 -0.19904673  0.21725994  0.2726469  -0.16088936  0.3378147 ]
----------------------------------------
dof_pos:
[ 1.18391916e-01  7.85460547e-02  1.67697161e-01 -4.20208201e-02
 -9.71608534e-02 -1.27874672e-01  2.15605460e-02  1.02829315e-01
 -8.41222182e-02 -7.48524293e-02 -1.44939661e-01  3.58334243e-01
  2.57731587e-01 -4.51087624e-01  6.74614549e-01 -8.30137253e-01
 -5.60332179e-01  3.44386518e-01  2.76605487e-01  2.23281188e-03
 -4.96308366e-03 -3.47121648e-04  1.22226228e-03]
local_key_body_pos:
[ 1.7080951e-04  6.1593626e-02 -8.0729231e-02 -4.5032289e-02
  1.3002287e-01 -4.1435170e-01 -6.6708192e-02  1.4820203e-01
 -7.1298271e-01  8.1912419e-03 -6.7046516e-02 -8.0371767e-02
  4.4594482e-02 -1.5877506e-01 -4.1258025e-01  2.7460610e-02
 -1.9603527e-01 -7.0977390e-01 -1.8284690e-02  1.2417169e-01
  3.0026037e-01 -6.8284780e-02  1.9035596e-01  1.1859855e-01
  8.8818446e-02  1.6788262e-01 -4.1761756e-02 -4.3005779e-02
 -7.3840894e-02  3.1798774e-01  8.6233988e-02 -1.9575647e-01
  2.1618758e-01  2.6865700e-01 -1.6385677e-01  3.4484118e-01]
----------------------------------------
dof_pos:
[ 1.18630745e-01  7.82978460e-02  1.69010639e-01 -4.28036638e-02
 -9.71608534e-02 -1.27874672e-01  2.15605460e-02  1.02375008e-01
 -8.42492878e-02 -7.41069838e-02 -1.43032253e-01  3.56757075e-01
  2.59451002e-01 -4.52836394e-01  6.77165866e-01 -8.32054138e-01
 -5.68459034e-01  3.49720597e-01  2.90329963e-01  2.24588998e-03
 -4.95720888e-03 -3.46703426e-04  1.15175382e-03]
local_key_body_pos:
[ 0.00183422  0.0602301  -0.08077996 -0.03707384  0.13005246 -0.41575554
 -0.0655109   0.14810035 -0.7138452   0.0082647  -0.06848499 -0.07847282
  0.04526136 -0.15757853 -0.4101961   0.02841773 -0.19462141 -0.7074337
 -0.01843727  0.12341018  0.30183244 -0.06633957  0.1831043   0.11825579
  0.09208484  0.17202386 -0.04209421 -0.03511708 -0.07530493  0.321449
  0.08707035 -0.20346525  0.21437743  0.2623015  -0.15995586  0.34966734]
----------------------------------------
dof_pos:
[ 1.1940254e-01  7.8143977e-02  1.7007047e-01 -4.3230493e-02
 -9.8740302e-02 -1.2714174e-01  2.1905132e-02  1.0257308e-01
 -8.4378071e-02 -7.2401606e-02 -1.4122793e-01  3.5798070e-01
  2.5954899e-01 -4.5191064e-01  6.7553014e-01 -8.2977325e-01
 -5.8737624e-01  3.5959455e-01  3.0694675e-01  2.7621987e-03
 -5.7338942e-03 -6.6408748e-04 -1.9634631e-03]
local_key_body_pos:
[ 3.7996629e-03  6.0708344e-02 -8.1077740e-02 -2.3478996e-02
  1.3111022e-01 -4.1660172e-01 -6.5165877e-02  1.4864939e-01
 -7.1291459e-01  2.4339231e-04 -6.7723840e-02 -7.9208866e-02
  4.8775822e-02 -1.5843283e-01 -4.0856880e-01  2.6341891e-02
 -1.9495907e-01 -7.0543993e-01 -2.9707408e-02  1.2231750e-01
  3.0071688e-01 -6.7908809e-02  1.8220261e-01  1.1459494e-01
  9.7140372e-02  1.7261356e-01 -3.8836636e-02 -3.4815479e-02
 -7.6751903e-02  3.2093012e-01  9.7879574e-02 -2.0001198e-01
  2.2065921e-01  2.8676546e-01 -1.7250104e-01  3.3644375e-01]
----------------------------------------
dof_pos:
[ 0.1203719   0.07803287  0.17104161 -0.04354167 -0.10010732 -0.12601304
  0.02210491  0.10294942 -0.08459332 -0.0703785  -0.13926259  0.35951602
  0.25933197 -0.45041567  0.67291236 -0.82598215 -0.60944027  0.3709327
  0.32388055  0.00300879 -0.00581975 -0.00109124 -0.00248764]
local_key_body_pos:
[ 0.00506842  0.06177076 -0.08141095 -0.00984686  0.13271315 -0.4171749
 -0.06541175  0.14931047 -0.71151435 -0.00831415 -0.0663827  -0.08070394
  0.052295   -0.15968056 -0.40777487  0.02431914 -0.19565123 -0.70429015
 -0.04138196  0.12125914  0.29915825 -0.0699022   0.18327303  0.11084423
  0.10189447  0.17201975 -0.03518818 -0.03552809 -0.07804908  0.3195043
  0.10866748 -0.1959142   0.22705425  0.31277427 -0.18578151  0.32167664]
----------------------------------------
dof_pos:
[ 0.12172948  0.07804969  0.17187215 -0.04397888 -0.10010732 -0.12601304
  0.02210491  0.10333227 -0.08544381 -0.06794131 -0.13589552  0.35770074
  0.2600579  -0.45010984  0.6714948  -0.8202871  -0.633252    0.3841252
  0.3377024   0.00302989 -0.00580811 -0.00109486 -0.00260416]
local_key_body_pos:
[ 5.69297350e-04  6.34371042e-02 -8.15074369e-02 -7.32869981e-03
  1.36274457e-01 -4.16853040e-01 -6.83103129e-02  1.49486169e-01
 -7.10259497e-01 -4.48792893e-03 -6.51914403e-02 -8.24950486e-02
  5.00960127e-02 -1.59697905e-01 -4.11621600e-01  2.88160890e-02
 -1.95429623e-01 -7.08688617e-01 -3.35902721e-02  1.21124089e-01
  2.99749047e-01 -6.79362640e-02  1.86116546e-01  1.13131866e-01
  1.00801259e-01  1.69838384e-01 -3.58987600e-02 -2.84239370e-02
 -7.82713145e-02  3.19404423e-01  9.91499424e-02 -2.09591806e-01
  2.17940867e-01  2.87959784e-01 -1.71281695e-01  3.31946045e-01]
----------------------------------------
dof_pos:
[ 1.22494504e-01  7.79175609e-02  1.72893688e-01 -4.37436812e-02
 -1.00778781e-01 -1.24976702e-01  2.27326620e-02  1.03808716e-01
 -8.58994126e-02 -6.58562630e-02 -1.32738471e-01  3.54716063e-01
  2.61616021e-01 -4.50475484e-01  6.70800447e-01 -8.13211739e-01
 -6.53134525e-01  3.95608068e-01  3.46796751e-01  3.04993172e-03
 -5.42819686e-03 -1.63086597e-03 -5.77905157e-04]
local_key_body_pos:
[-3.77972261e-04  6.42174333e-02 -8.16339105e-02 -1.26813035e-02
  1.37354031e-01 -4.16478246e-01 -6.96101263e-02  1.49856314e-01
 -7.10535288e-01 -1.30718562e-03 -6.46707937e-02 -8.30670595e-02
  4.45012152e-02 -1.59296289e-01 -4.13950175e-01  3.16216946e-02
 -1.95574149e-01 -7.11376905e-01 -3.04512642e-02  1.21202335e-01
  3.00249934e-01 -6.44035488e-02  1.84000894e-01  1.13534927e-01
  9.96579528e-02  1.67797506e-01 -4.04775552e-02 -2.32293401e-02
 -7.81286880e-02  3.19516182e-01  9.32879299e-02 -2.20116824e-01
  2.14115843e-01  2.76022911e-01 -1.66217566e-01  3.35054934e-01]
----------------------------------------
dof_pos:
[ 1.22494504e-01  7.79175609e-02  1.72893688e-01 -4.26944867e-02
 -1.01459533e-01 -1.24196298e-01  2.33049076e-02  1.04397930e-01
 -8.58778358e-02 -6.41979203e-02 -1.29836619e-01  3.50315779e-01
  2.64181763e-01 -4.51654166e-01  6.70980930e-01 -8.04566920e-01
 -6.68287992e-01  4.05041426e-01  3.50248635e-01  3.06417863e-03
 -5.41947410e-03 -1.63317134e-03 -6.54778443e-04]
local_key_body_pos:
[ 0.00297443  0.06392521 -0.08179668 -0.02756215  0.13542935 -0.41603938
 -0.06897463  0.15046187 -0.71266395  0.00109233 -0.06496194 -0.08216333
  0.03479533 -0.15838747 -0.41444096  0.03237996 -0.19616197 -0.7119951
 -0.03294442  0.12153877  0.30064192 -0.05897398  0.17588182  0.11165662
  0.09845397  0.1659266  -0.04973926 -0.02034611 -0.07754437  0.31988418
  0.09185087 -0.22682598  0.21669245  0.27967447 -0.1725756   0.3294958 ]
----------------------------------------
dof_pos:
[ 0.12197895  0.07747313  0.17282502 -0.04189331 -0.10220928 -0.12431858
  0.02330446  0.10471836 -0.08490957 -0.06397991 -0.1290996   0.34979466
  0.2643516  -0.45246968  0.668161   -0.7955745  -0.6692233   0.40966898
  0.34154254  0.00304851 -0.00472161 -0.00224151  0.00208669]
local_key_body_pos:
[-0.00160718  0.06060146 -0.08048272 -0.02609516  0.13318026 -0.4160366
 -0.06783185  0.14755438 -0.7127531   0.00755071 -0.06739382 -0.0787504
  0.03207518 -0.15719002 -0.41157967  0.0303888  -0.19378121 -0.7093364
 -0.02493211  0.12052947  0.30358893 -0.05897189  0.18105082  0.11727405
  0.08956665  0.16370068 -0.05132581 -0.02300422 -0.07863875  0.32211238
  0.08476343 -0.22515023  0.21370213  0.2728262  -0.18416908  0.33069414]
----------------------------------------
dof_pos:
[ 0.1211694   0.07713596  0.1721492  -0.04124704 -0.10298657 -0.12466411
  0.02315731  0.10491008 -0.08372116 -0.06435836 -0.12907116  0.3498616
  0.2642554  -0.45337957  0.6649239  -0.7877176  -0.6642145   0.4114251
  0.32936594  0.00326191 -0.00370265 -0.00276375  0.00310358]
local_key_body_pos:
[-0.00696244  0.05713651 -0.07898685 -0.02113191  0.13104975 -0.4160822
 -0.06660862  0.14417046 -0.7123321   0.01409663 -0.06995514 -0.07529341
  0.03190731 -0.15628868 -0.40838972  0.02818345 -0.19142914 -0.7063075
 -0.01501365  0.11926739  0.3066088  -0.0597545   0.18896356  0.12386825
  0.08058145  0.16127186 -0.0507973  -0.02720531 -0.0799768   0.32436755
  0.07691718 -0.22109558  0.2095021   0.26413155 -0.19560282  0.33307862]
----------------------------------------
dof_pos:
[ 0.11888191  0.07684956  0.17180906 -0.04124704 -0.10444135 -0.12513347
  0.02295479  0.10489285 -0.08281064 -0.06624156 -0.12991399  0.34688833
  0.26664206 -0.4562994   0.6646465  -0.78911686 -0.6441577   0.40182397
  0.3161023   0.00325935 -0.00370987 -0.00275707  0.00317332]
local_key_body_pos:
[-0.00204169  0.05873924 -0.07912309 -0.02327815  0.13044962 -0.41560578
 -0.06581289  0.14434594 -0.71225053  0.01310755 -0.06915762 -0.07656899
  0.03652635 -0.15815839 -0.40952778  0.02993778 -0.19527447 -0.7071476
 -0.01217985  0.11884923  0.30501688 -0.05539535  0.1903733   0.12257294
  0.08636267  0.1580572  -0.05010509 -0.03164425 -0.07973213  0.32307166
  0.07485051 -0.21635577  0.20758045  0.26295224 -0.19530228  0.33060828]
----------------------------------------
dof_pos:
[ 0.11692116  0.07664411  0.17155078 -0.04202129 -0.10592975 -0.1257054
  0.02285605  0.10477386 -0.08241395 -0.06800572 -0.13066821  0.34432873
  0.26814276 -0.45755336  0.66449976 -0.79417205 -0.6233726   0.39064455
  0.30730623  0.00382721 -0.00236002 -0.00292282  0.00161708]
local_key_body_pos:
[ 0.00252     0.06055152 -0.07983065 -0.02492306  0.13074698 -0.41562694
 -0.06435753  0.14564203 -0.71264946  0.0109169  -0.06793721 -0.07809141
  0.03742975 -0.15870404 -0.41091305  0.0326859  -0.19649348 -0.70844257
 -0.01768957  0.11957522  0.30298904 -0.05570878  0.18616167  0.1187823
  0.09142394  0.15999006 -0.04960719 -0.02933344 -0.07872895  0.32137805
  0.08064228 -0.21381107  0.20644733  0.2683855  -0.19438294  0.33031026]
----------------------------------------
dof_pos:
[ 0.11535563  0.07653649  0.17139137 -0.04373281 -0.10745821 -0.12640077
  0.02288277  0.10453238 -0.08263816 -0.06962503 -0.13131388  0.34227058
  0.2685711  -0.4567914   0.6645128  -0.80357796 -0.601639    0.37751946
  0.30391827  0.00382826 -0.00236928 -0.00291394  0.0016526 ]
local_key_body_pos:
[ 0.00664697  0.06261729 -0.08122945 -0.02596129  0.1321302  -0.41625008
 -0.06210412  0.14829391 -0.7136298   0.00727254 -0.06620516 -0.07991242
  0.03383734 -0.15764764 -0.41259733  0.03663633 -0.19453458 -0.71028787
 -0.03329431  0.12168556  0.3004339  -0.06167585  0.17514862  0.11197257
  0.09561381  0.16815113 -0.04934443 -0.01885581 -0.07680805  0.31920326
  0.09594212 -0.21392249  0.20626837  0.28181946 -0.19271491  0.33264068]
----------------------------------------
dof_pos:
[ 1.1502060e-01  7.6513566e-02  1.7135751e-01 -4.6544373e-02
 -1.0812088e-01 -1.2663440e-01  2.2790004e-02  1.0377970e-01
 -8.3510116e-02 -7.0139244e-02 -1.3176030e-01  3.3969367e-01
  2.6872870e-01 -4.5615414e-01  6.6571099e-01 -8.1336880e-01
 -5.8830929e-01  3.6758357e-01  3.0790171e-01  4.5846016e-03
 -7.7244197e-04 -2.5586453e-03 -9.9505170e-04]
local_key_body_pos:
[ 0.00513111  0.06311671 -0.08131333 -0.02027529  0.13346986 -0.41592786
 -0.06391756  0.1488696  -0.71221507  0.00299018 -0.06574241 -0.08216855
  0.0420339  -0.16022652 -0.413545    0.03785555 -0.19459933 -0.7114011
 -0.03629111  0.12346877  0.29766136 -0.0579614   0.17242825  0.10709973
  0.09737645  0.16976312 -0.05661019 -0.02146657 -0.07506088  0.31991154
  0.09491488 -0.21096227  0.20840292  0.2789213  -0.18287298  0.33598214]
----------------------------------------
dof_pos:
[ 0.1152798   0.07672784  0.17104779 -0.04972285 -0.10864319 -0.12645526
  0.02297551  0.10291246 -0.08444984 -0.07014846 -0.1321754   0.33759513
  0.26856333 -0.45563188  0.6666766  -0.82187074 -0.5792319   0.36039582
  0.31337857  0.00514947  0.00085367 -0.00180808 -0.00215996]
local_key_body_pos:
[ 0.00237966  0.06305709 -0.08114388 -0.01266232  0.13474374 -0.41554403
 -0.06621559  0.14930716 -0.7103621  -0.00128201 -0.06575327 -0.08422099
  0.05281681 -0.16324766 -0.41392785  0.0376523  -0.19510591 -0.7118153
 -0.03657688  0.12492803  0.2951889  -0.05273784  0.17297617  0.10337099
  0.09893394  0.16848724 -0.06355449 -0.02608133 -0.07345237  0.3212233
  0.09091312 -0.20784798  0.21085924  0.27370685 -0.1724357   0.33852404]
----------------------------------------
dof_pos:
[ 0.11641885  0.07677135  0.17012386 -0.05339753 -0.10864319 -0.12645526
  0.02297551  0.10222539 -0.08542138 -0.06882209 -0.13307346  0.34007442
  0.26655942 -0.45571107  0.6636554  -0.8199527  -0.58459395  0.36704853
  0.31507376  0.00514947  0.00085367 -0.00180808 -0.00215996]
local_key_body_pos:
[ 0.00185876  0.06202041 -0.08174941 -0.0043518   0.13561867 -0.41660804
 -0.06390782  0.15290233 -0.7100918  -0.00419353 -0.0667078  -0.0838924
  0.05897391 -0.16221826 -0.41162112  0.03243902 -0.19480327 -0.70853865
 -0.04221085  0.12465225  0.29537135 -0.055853    0.18097529  0.1041962
  0.10385992  0.15906139 -0.05297162 -0.01915693 -0.07251903  0.32118955
  0.09779923 -0.2097783   0.21103542  0.28425235 -0.17405444  0.33312505]
----------------------------------------
dof_pos:
[ 1.18080378e-01  7.68756419e-02  1.69718370e-01 -5.70028946e-02
 -1.08423568e-01 -1.25535682e-01  2.32109800e-02  1.01546116e-01
 -8.62836912e-02 -6.72541261e-02 -1.32730663e-01  3.40394229e-01
  2.66037315e-01 -4.56570029e-01  6.61542177e-01 -8.17043483e-01
 -5.94542086e-01  3.73916209e-01  3.18309307e-01  5.25377598e-03
  2.22320715e-03 -1.07306789e-03 -7.17659364e-04]
local_key_body_pos:
[ 2.8131471e-04  6.0690183e-02 -8.1915192e-02 -1.3017114e-02
  1.3402142e-01 -4.1693705e-01 -6.1351150e-02  1.5265879e-01
 -7.1146971e-01  6.8265898e-04 -6.7570969e-02 -8.2555540e-02
  5.8209796e-02 -1.6069910e-01 -4.1086629e-01  2.9374968e-02
 -1.9575772e-01 -7.0733321e-01 -3.6068495e-02  1.2341915e-01
  2.9664832e-01 -5.4681692e-02  1.9041972e-01  1.0829260e-01
  1.0212776e-01  1.5376168e-01 -4.9012158e-02 -2.2113182e-02
 -7.3282793e-02  3.2108176e-01  9.6763685e-02 -2.0922239e-01
  2.1305855e-01  2.8740174e-01 -1.7264228e-01  3.2810849e-01]
----------------------------------------
dof_pos:
[ 1.2037465e-01  7.7053905e-02  1.6994084e-01 -6.0524661e-02
 -1.0842357e-01 -1.2553568e-01  2.3210980e-02  1.0087504e-01
 -8.7014697e-02 -6.5394662e-02 -1.3088845e-01  3.3810192e-01
  2.6730719e-01 -4.5837197e-01  6.6052926e-01 -8.1293541e-01
 -6.1005223e-01  3.8104871e-01  3.2340914e-01  5.2537760e-03
  2.2232071e-03 -1.0730679e-03 -7.1765936e-04]
local_key_body_pos:
[-0.00257397  0.05900487 -0.08154916 -0.04221327  0.12943426 -0.41637728
 -0.05849332  0.14777274 -0.7148409   0.01497747 -0.0683237  -0.07999924
  0.04907519 -0.15858759 -0.41198838  0.02891002 -0.19823253 -0.70863247
 -0.01568365  0.12102821  0.29924902 -0.04832629  0.20161253  0.11634538
  0.09234323  0.15345183 -0.05306279 -0.03701913 -0.07609902  0.32088444
  0.0861477  -0.20565969  0.21731547  0.28160644 -0.16756448  0.32355422]
----------------------------------------
dof_pos:
[ 1.20917596e-01  7.67319798e-02  1.70592442e-01 -6.18300848e-02
 -1.08456023e-01 -1.25115931e-01  2.30313037e-02  1.00733608e-01
 -8.70354846e-02 -6.46280721e-02 -1.29856035e-01  3.34321499e-01
  2.70606250e-01 -4.61293936e-01  6.61071360e-01 -8.07416141e-01
 -6.24684036e-01  3.85583282e-01  3.31907272e-01  5.00460854e-03
  3.04935314e-03 -7.38710514e-04  1.88875059e-03]
local_key_body_pos:
[ 6.2410417e-04  5.8616541e-02 -8.1954211e-02 -3.8976841e-02
  1.2752211e-01 -4.1628891e-01 -5.9183642e-02  1.4549695e-01
 -7.1485829e-01  7.2384421e-03 -6.9173567e-02 -8.1344903e-02
  4.9230635e-02 -1.5899715e-01 -4.1242185e-01  3.3155903e-02
 -1.9546719e-01 -7.0973003e-01 -1.5969530e-02  1.2311402e-01
  2.9757822e-01 -5.1208269e-02  1.9221963e-01  1.1256854e-01
  9.2189074e-02  1.5573330e-01 -5.7159506e-02 -3.3849679e-02
 -7.4787855e-02  3.2092354e-01  8.6524434e-02 -2.0713562e-01
  2.1617737e-01  2.8266090e-01 -1.7562786e-01  3.2318342e-01]
----------------------------------------
dof_pos:
[ 0.12083726  0.07575002  0.17114314 -0.06222203 -0.10935472 -0.12601365
  0.02260135  0.10128267 -0.08617334 -0.06446776 -0.12907796  0.33092082
  0.2738225  -0.46420953  0.66147363 -0.8013013  -0.63804936  0.38942406
  0.33975512  0.00478264  0.0032186  -0.00087737  0.00300578]
local_key_body_pos:
[ 0.00423778  0.0584449  -0.08228718 -0.02689198  0.12701966 -0.41619045
 -0.06069701  0.14431837 -0.7137345  -0.00432315 -0.07009848 -0.08332506
  0.05256188 -0.16016823 -0.41251683  0.03769873 -0.19196971 -0.7104296
 -0.02181415  0.12597314  0.2950968  -0.05562641  0.17948328  0.10625986
  0.09484953  0.15868993 -0.06076669 -0.0268639  -0.07266084  0.32130674
  0.08914033 -0.20965526  0.2139752   0.28515407 -0.1867651   0.32359368]
----------------------------------------
